date,price,holdings in troy ounce
2010-01-01,1097.35,58001799.0
2010-01-04,1121.28,57844729.0
2010-01-05,1118.05,57843759.0
2010-01-06,1138.25,57672669.0
2010-01-07,1131.75,57658809.0
2010-01-08,1138.23,57505979.0
2010-01-11,1151.85,57513069.0
2010-01-12,1128.48,57419689.0
2010-01-13,1138.18,57394659.0
2010-01-14,1142.75,57315969.0
2010-01-15,1130.93,57340559.0
2010-01-18,1134.1,57341549.0
2010-01-19,1138.35,57311259.0
2010-01-20,1111.3,57311179.0
2010-01-21,1094.05,57316409.0
2010-01-22,1093.23,57320789.0
2010-01-25,1098.4,57319369.0
2010-01-26,1097.65,57280939.0
2010-01-27,1087.95,57278309.0
2010-01-28,1086.95,57248179.0
2010-01-29,1081.2,57266764.0
2010-02-01,1105.55,57247256.0
2010-02-02,1114.45,57212184.0
2010-02-03,1109.8,57177420.0
2010-02-04,1063.53,57104432.0
2010-02-05,1066.25,57254876.0
2010-02-08,1062.85,57175852.0
2010-02-09,1078.1,57148664.0
2010-02-10,1072.1,57133776.0
2010-02-11,1095.47,57131160.0
2010-02-12,1097.1,57119892.0
2010-02-15,1100.9,57133020.0
2010-02-16,1119.4,57216136.0
2010-02-17,1106.85,57216072.0
2010-02-18,1109.0,57283708.0
2010-02-19,1119.2,57225280.0
2010-02-22,1114.28,57237428.0
2010-02-23,1103.33,57203956.0
2010-02-24,1097.63,57168648.0
2010-02-25,1106.2,57541356.0
2010-02-26,1117.59,57536068.91
2010-03-01,1118.85,57497024.91
2010-03-02,1134.65,57667868.91
2010-03-03,1139.95,57794964.91
2010-03-04,1132.1,57757464.91
2010-03-05,1134.9,57788616.91
2010-03-08,1123.63,57794256.91
2010-03-09,1121.85,57789344.91
2010-03-10,1108.5,57779828.91
2010-03-11,1109.55,57730408.91
2010-03-12,1101.85,57808836.91
2010-03-15,1108.45,57829112.91
2010-03-16,1127.78,57782956.91
2010-03-17,1120.43,57710164.91
2010-03-18,1127.4,57692936.91
2010-03-19,1107.05,57610000.91
2010-03-22,1102.2,57735688.91
2010-03-23,1105.18,57968296.91
2010-03-24,1086.7,57951312.91
2010-03-25,1090.5,58090388.91
2010-03-26,1107.25,58088784.91
2010-03-29,1109.78,58195444.91
2010-03-30,1103.55,58194372.91
2010-03-31,1113.25,58238268.94
2010-04-01,1126.78,58238260.94
2010-04-02,1123.8,58238260.94
2010-04-05,1131.85,58297044.94
2010-04-06,1134.28,58296204.94
2010-04-07,1149.4,58346928.94
2010-04-08,1150.61,58666252.94
2010-04-09,1161.75,58667104.94
2010-04-12,1156.3,58612300.94
2010-04-13,1150.68,58661496.94
2010-04-14,1155.4,58631684.94
2010-04-15,1159.26,58660164.94
2010-04-16,1137.41,58738524.94
2010-04-19,1135.75,58761196.94
2010-04-20,1140.76,58761124.94
2010-04-21,1146.78,58773824.94
2010-04-22,1141.58,58768320.94
2010-04-23,1157.73,58798068.94
2010-04-26,1153.53,59057552.94
2010-04-27,1167.95,59077068.94
2010-04-28,1165.78,59292972.94
2010-04-29,1167.03,59527684.94
2010-04-30,1179.03,59545664.75
2010-05-03,1182.23,59582048.75
2010-05-04,1171.01,59577216.75
2010-05-05,1175.08,59828068.75
2010-05-06,1208.7,60537596.75
2010-05-07,1208.4,60697820.75
2010-05-10,1203.14,60918904.75
2010-05-11,1232.7,60659386.95
2010-05-12,1239.0,61343182.95
2010-05-13,1232.65,61351477.95
2010-05-14,1232.98,61541489.95
2010-05-17,1222.3,61873601.95
2010-05-18,1225.18,61758817.95
2010-05-19,1193.73,62036737.95
2010-05-20,1182.45,62125457.95
2010-05-21,1177.08,62160049.95
2010-05-24,1191.73,62802081.95
2010-05-25,1204.35,63872825.95
2010-05-26,1211.7,63897666.45
2010-05-27,1212.63,63738885.75
2010-05-28,1214.73,63846033.0
2010-05-31,1216.3,63851233.0
2010-06-01,1225.78,63902102.0
2010-06-02,1223.55,63901954.0
2010-06-03,1206.55,64603975.0
2010-06-04,1220.03,64555115.0
2010-06-07,1240.35,64739155.0
2010-06-08,1236.58,65163167.0
2010-06-09,1233.4,65214687.0
2010-06-10,1216.53,65483223.0
2010-06-11,1226.58,65524103.0
2010-06-14,1221.15,65628299.0
2010-06-15,1234.25,65685675.0
2010-06-16,1229.1,65696915.0
2010-06-17,1245.16,65781555.0
2010-06-18,1256.8,65801307.0
2010-06-21,1233.65,65786475.0
2010-06-22,1239.9,65984691.0
2010-06-23,1237.33,66028243.0
2010-06-24,1243.35,66242043.0
2010-06-25,1255.68,66371115.0
2010-06-28,1238.94,66410755.0
2010-06-29,1240.58,66536475.0
2010-06-30,1242.38,66840547.2
2010-07-01,1198.69,66812091.2
2010-07-02,1211.65,66852148.43
2010-07-05,1208.93,66852147.46
2010-07-06,1192.6,66914123.09
2010-07-07,1202.78,67013250.74
2010-07-08,1198.25,67010770.48
2010-07-09,1211.71,67006554.11
2010-07-12,1196.85,67092801.18
2010-07-13,1212.3,67126656.83
2010-07-14,1208.47,67128384.54
2010-07-15,1208.3,67103736.18
2010-07-16,1193.0,67138471.81
2010-07-19,1182.93,67170835.2
2010-07-20,1192.2,66992806.32
2010-07-21,1185.0,66984294.05
2010-07-22,1194.98,66749453.62
2010-07-23,1189.14,66757945.13
2010-07-26,1183.5,66777647.85
2010-07-27,1161.6,66794991.31
2010-07-28,1163.1,66198566.8
2010-07-29,1168.1,66220294.35
2010-07-30,1181.0,66087965.23
2010-08-02,1182.75,66076931.96
2010-08-03,1186.25,65828875.52
2010-08-04,1194.83,65814491.04
2010-08-05,1194.96,65835210.7
2010-08-06,1205.4,65866306.26
2010-08-09,1201.23,65858425.03
2010-08-10,1204.3,65858408.53
2010-08-11,1198.15,65965872.1
2010-08-12,1213.95,66061119.59
2010-08-13,1215.43,66077415.42
2010-08-16,1225.35,66086814.15
2010-08-17,1224.83,66340925.68
2010-08-18,1229.3,66546029.25
2010-08-19,1231.96,66660826.62
2010-08-20,1227.89,66724060.46
2010-08-23,1226.15,66768259.16
2010-08-24,1230.5,66719378.55
2010-08-25,1240.15,66761474.12
2010-08-26,1237.6,66851321.83
2010-08-27,1237.83,66867057.36
2010-08-30,1237.0,66973232.14
2010-08-31,1247.4,67124736.78
2010-09-01,1244.3,67185832.51
2010-09-02,1251.06,66924008.03
2010-09-03,1246.55,66958415.69
2010-09-06,1249.95,66958414.41
2010-09-07,1255.7,67083861.91
2010-09-08,1254.95,67091013.49
2010-09-09,1243.6,67013661.08
2010-09-10,1245.98,67013660.54
2010-09-13,1245.55,66952723.31
2010-09-14,1268.33,67155011.72
2010-09-15,1268.15,67082923.59
2010-09-16,1275.25,67097579.18
2010-09-17,1274.18,67168204.97
2010-09-20,1278.25,67206405.91
2010-09-21,1287.38,67270547.0
2010-09-22,1291.41,67277706.53
2010-09-23,1292.4,67196839.91
2010-09-24,1296.63,67185171.65
2010-09-27,1294.5,67169242.16
2010-09-28,1308.95,67436721.53
2010-09-29,1309.8,67463881.24
2010-09-30,1308.54,67841847.07
2010-10-01,1319.03,67776934.47
2010-10-04,1315.35,67753597.15
2010-10-05,1340.54,67772356.68
2010-10-06,1349.01,67795556.49
2010-10-07,1333.55,67412763.99
2010-10-08,1346.85,67447963.18
2010-10-11,1354.15,67377342.27
2010-10-12,1350.55,67496473.38
2010-10-13,1372.28,67453993.04
2010-10-14,1381.25,68089472.71
2010-10-15,1368.4,68025376.28
2010-10-18,1368.6,67974398.52
2010-10-19,1332.0,67963366.25
2010-10-20,1346.04,67938641.69
2010-10-21,1325.72,67909329.22
2010-10-22,1328.55,67882392.51
2010-10-25,1339.91,67829983.25
2010-10-26,1340.54,67822542.65
2010-10-27,1325.3,67796310.37
2010-10-28,1343.91,67646581.67
2010-10-29,1359.4,67628589.26
2010-11-01,1353.83,67625568.11
2010-11-02,1357.5,67597519.53
2010-11-03,1348.54,67536038.65
2010-11-04,1392.53,67575622.59
2010-11-05,1393.63,67576230.61
2010-11-08,1409.43,67722277.29
2010-11-09,1393.14,67674045.07
2010-11-10,1403.98,67658428.59
2010-11-11,1408.8,67662380.36
2010-11-12,1368.75,67662787.68
2010-11-15,1360.58,67647402.03
2010-11-16,1339.63,67665025.47
2010-11-17,1336.05,67637040.8
2010-11-18,1353.43,67490552.51
2010-11-19,1353.63,67669840.16
2010-11-22,1366.8,67571310.79
2010-11-23,1376.45,67559750.65
2010-11-24,1373.31,67623718.09
2010-11-25,1375.35,67623717.67
2010-11-26,1363.8,67588133.29
2010-11-29,1366.31,67751992.51
2010-11-30,1386.23,67780640.68
2010-12-01,1387.9,68026696.38
2010-12-02,1385.15,68272968.02
2010-12-03,1414.08,68211167.29
2010-12-06,1423.75,68237557.85
2010-12-07,1402.08,68314813.33
2010-12-08,1382.03,68209036.73
2010-12-09,1387.11,68137524.06
2010-12-10,1386.13,68062083.53
2010-12-13,1394.13,68157921.97
2010-12-14,1396.2,68011857.93
2010-12-15,1380.84,68258553.08
2010-12-16,1370.18,68198368.48
2010-12-17,1375.38,68692471.64
2010-12-20,1385.3,68737573.89
2010-12-21,1385.6,68708293.16
2010-12-22,1385.3,68409492.61
2010-12-23,1380.0,68262087.29
2010-12-24,1384.65,68409490.97
2010-12-27,1383.78,68297784.94
2010-12-28,1405.95,68294303.47
2010-12-29,1411.78,68294151.0
2010-12-30,1404.65,68196534.11
2010-12-31,1421.4,68156632.68
2011-01-03,1414.8,68204328.68
2011-01-04,1380.5,68133764.13
2011-01-05,1378.25,68037426.75
2011-01-06,1371.56,68033378.08
2011-01-07,1369.54,68024049.27
2011-01-10,1375.71,67998120.68
2011-01-11,1381.58,68012526.42
2011-01-12,1387.9,68017543.22
2011-01-13,1373.6,67804958.4
2011-01-14,1361.85,67594757.13
2011-01-17,1361.61,67594754.42
2011-01-18,1368.34,67582001.6
2011-01-19,1369.86,67240432.96
2011-01-20,1346.25,67170887.92
2011-01-21,1342.68,67808198.76
2011-01-24,1334.4,67450612.5
2011-01-25,1332.43,66453394.69
2011-01-26,1346.0,66394049.79
2011-01-27,1313.53,66273001.32
2011-01-28,1336.78,66155175.69
2011-01-31,1332.68,66056186.75
2011-02-01,1341.4,65976737.44
2011-02-02,1335.25,65955104.59
2011-02-03,1354.35,65983087.61
2011-02-04,1348.93,65936463.19
2011-02-07,1351.28,65868324.74
2011-02-08,1363.98,65817693.01
2011-02-09,1363.73,65820468.45
2011-02-10,1363.8,65684012.3
2011-02-11,1356.95,65614133.8
2011-02-14,1361.78,65709001.04
2011-02-15,1373.85,65605824.48
2011-02-16,1374.39,65587583.87
2011-02-17,1384.08,65700399.0
2011-02-18,1389.99,65691671.85
2011-02-21,1406.45,65691669.46
2011-02-22,1399.14,65535508.87
2011-02-23,1411.64,65554675.63
2011-02-24,1402.66,65384658.75
2011-02-25,1410.65,65423721.62
2011-02-28,1411.33,65531802.34
2011-03-01,1433.38,65590790.32
2011-03-02,1434.4,65575957.59
2011-03-03,1415.88,65597324.51
2011-03-04,1430.95,65657795.54
2011-03-07,1432.05,65881321.3
2011-03-08,1428.88,65935496.08
2011-03-09,1430.75,65978487.4
2011-03-10,1411.85,66057318.67
2011-03-11,1417.65,66011609.64
2011-03-14,1426.43,65980886.59
2011-03-15,1395.7,66023709.35
2011-03-16,1399.03,66010627.23
2011-03-17,1403.81,66156145.16
2011-03-18,1418.56,66193250.26
2011-03-21,1427.79,66069185.01
2011-03-22,1427.85,66244399.42
2011-03-23,1437.43,66215070.04
2011-03-24,1430.43,66238877.05
2011-03-25,1429.88,66182707.51
2011-03-28,1420.3,66134143.41
2011-03-29,1418.45,66134085.69
2011-03-30,1422.98,66136885.47
2011-03-31,1432.2,66221210.13
2011-04-01,1428.73,66245257.46
2011-04-04,1434.03,66268197.45
2011-04-05,1455.85,66197021.27
2011-04-06,1459.75,65962074.87
2011-04-07,1458.2,65907063.27
2011-04-08,1474.91,66549294.15
2011-04-11,1463.15,66589727.92
2011-04-12,1452.98,66580485.56
2011-04-13,1457.36,66636364.22
2011-04-14,1474.15,66590978.5
2011-04-15,1486.88,67211289.55
2011-04-18,1495.3,67227719.71
2011-04-19,1496.4,67226349.99
2011-04-20,1502.4,67232829.31
2011-04-21,1504.88,67440755.34
2011-04-22,1507.04,67431717.38
2011-04-25,1507.23,67431713.47
2011-04-26,1506.25,67436375.19
2011-04-27,1527.05,67427997.9
2011-04-28,1536.2,67438445.38
2011-04-29,1563.7,67332012.03
2011-05-02,1545.45,67469031.35
2011-05-03,1535.9,67307313.03
2011-05-04,1516.22,67393393.03
2011-05-05,1474.3,66910937.03
2011-05-06,1495.58,67062351.34
2011-05-09,1513.73,66961954.87
2011-05-10,1516.26,66817505.57
2011-05-11,1501.41,66784815.09
2011-05-12,1505.88,66808236.86
2011-05-13,1495.15,66512859.53
2011-05-16,1489.33,66464806.24
2011-05-17,1486.7,66432420.92
2011-05-18,1496.98,66395595.11
2011-05-19,1493.28,66375065.81
2011-05-20,1512.23,66681952.37
2011-05-23,1517.1,66900476.46
2011-05-24,1526.64,66920747.02
2011-05-25,1525.35,67088097.72
2011-05-26,1519.2,67083464.15
2011-05-27,1536.4,67098773.91
2011-05-30,1538.46,67098769.45
2011-05-31,1535.73,67470351.6
2011-06-01,1539.83,67501565.07
2011-06-02,1533.65,67501547.46
2011-06-03,1542.28,67537017.71
2011-06-06,1544.58,67536965.07
2011-06-07,1544.13,67563643.44
2011-06-08,1537.6,67525753.89
2011-06-09,1543.98,67687632.14
2011-06-10,1531.27,67364190.61
2011-06-13,1515.65,67339393.85
2011-06-14,1523.98,67358511.85
2011-06-15,1530.98,67358446.44
2011-06-16,1529.58,67377157.02
2011-06-17,1539.4,67656355.41
2011-06-20,1540.6,67675814.8
2011-06-21,1546.28,67638925.19
2011-06-22,1548.95,67638923.81
2011-06-23,1521.4,67680266.26
2011-06-24,1502.55,67692536.0
2011-06-27,1497.93,67801378.19
2011-06-28,1501.25,67808160.82
2011-06-29,1512.33,67806015.54
2011-06-30,1500.18,67855193.6
2011-07-01,1487.43,67754254.88
2011-07-04,1496.2,67754250.22
2011-07-05,1515.7,67769128.85
2011-07-06,1528.98,67770103.68
2011-07-07,1532.36,67780238.37
2011-07-08,1544.15,67867860.87
2011-07-11,1553.48,67889016.05
2011-07-12,1567.76,68552934.46
2011-07-13,1582.38,68640573.02
2011-07-14,1587.23,68654683.6
2011-07-15,1593.6,69062865.93
2011-07-18,1604.79,69552707.98
2011-07-19,1588.5,69677476.22
2011-07-20,1600.4,69755250.02
2011-07-21,1590.55,69743369.02
2011-07-22,1601.33,69719110.54
2011-07-25,1614.02,69779379.0
2011-07-26,1619.32,69977168.86
2011-07-27,1613.47,70078415.39
2011-07-28,1615.95,70692021.55
2011-07-29,1627.05,70831979.7
2011-08-01,1619.38,70875422.64
2011-08-02,1659.4,71528877.09
2011-08-03,1661.72,71674740.06
2011-08-04,1646.52,71806723.09
2011-08-05,1663.95,71901385.39
2011-08-08,1719.45,72910992.65
2011-08-09,1740.95,72630199.35
2011-08-10,1793.27,72804413.82
2011-08-11,1763.92,72051076.8
2011-08-12,1746.68,71997802.6
2011-08-15,1766.02,72105301.25
2011-08-16,1785.55,72165172.22
2011-08-17,1791.25,72484282.87
2011-08-18,1823.9,72975401.46
2011-08-19,1852.07,72904337.19
2011-08-22,1897.46,72754909.51
2011-08-23,1828.63,71960392.25
2011-08-24,1759.13,71111898.43
2011-08-25,1774.45,71108462.21
2011-08-26,1827.15,71032573.77
2011-08-29,1788.4,70774753.38
2011-08-30,1835.52,70800758.68
2011-08-31,1825.55,70918458.28
2011-09-01,1826.1,70906343.41
2011-09-02,1882.96,70854376.95
2011-09-05,1900.2,70854372.1
2011-09-06,1875.25,70844298.9
2011-09-07,1817.71,70828647.73
2011-09-08,1870.2,70725486.01
2011-09-09,1855.57,71105404.63
2011-09-12,1815.25,71091303.79
2011-09-13,1833.67,71067781.08
2011-09-14,1819.8,71082731.25
2011-09-15,1788.72,70946024.87
2011-09-16,1811.38,71208927.28
2011-09-19,1778.85,71025419.73
2011-09-20,1803.69,71147007.59
2011-09-21,1782.3,71162398.56
2011-09-22,1740.39,71158643.39
2011-09-23,1656.74,70973059.73
2011-09-26,1626.88,70952698.08
2011-09-27,1650.72,70674668.08
2011-09-28,1609.16,70594689.62
2011-09-29,1614.69,70271614.93
2011-09-30,1623.79,70444620.66
2011-10-03,1658.3,70456318.95
2011-10-04,1623.82,70494611.42
2011-10-05,1640.85,70502088.56
2011-10-06,1651.36,70335214.79
2011-10-07,1637.85,70335212.8
2011-10-10,1676.65,70226793.92
2011-10-11,1662.3,70411284.64
2011-10-12,1676.3,70448674.22
2011-10-13,1668.05,70618488.55
2011-10-14,1680.95,70577838.06
2011-10-17,1670.8,70579928.36
2011-10-18,1657.97,70655813.17
2011-10-19,1640.75,70676178.92
2011-10-20,1620.66,70683647.39
2011-10-21,1641.85,70724645.33
2011-10-24,1653.48,70687463.92
2011-10-25,1705.27,71031845.32
2011-10-26,1724.64,71037518.2
2011-10-27,1744.95,71037894.72
2011-10-28,1743.42,71099197.52
2011-10-31,1714.7,72230839.04
2011-11-01,1719.55,72554667.39
2011-11-02,1737.8,72572953.22
2011-11-03,1763.67,72380375.39
2011-11-04,1754.65,72652723.08
2011-11-07,1794.9,73107125.32
2011-11-08,1786.32,73393443.59
2011-11-09,1769.7,73488081.15
2011-11-10,1758.5,73563911.0
2011-11-11,1788.63,73577925.12
2011-11-14,1780.3,73569784.2
2011-11-15,1780.9,73641013.36
2011-11-16,1763.35,73932843.25
2011-11-17,1721.52,74355441.24
2011-11-18,1723.92,74459486.11
2011-11-21,1677.57,74525895.69
2011-11-22,1699.9,74712167.8
2011-11-23,1692.41,74624999.39
2011-11-24,1697.42,74712164.7
2011-11-25,1683.52,74798675.59
2011-11-28,1712.35,74819446.59
2011-11-29,1715.67,74910741.19
2011-11-30,1746.35,75008565.12
2011-12-01,1744.8,74999835.66
2011-12-02,1746.59,74998145.75
2011-12-05,1722.67,74973459.88
2011-12-06,1728.55,75092641.3
2011-12-07,1741.89,75064855.5
2011-12-08,1708.27,75068343.58
2011-12-09,1711.47,75074805.19
2011-12-12,1666.49,75191294.65
2011-12-13,1631.5,75193556.16
2011-12-14,1573.9,75186753.91
2011-12-15,1570.52,74756581.97
2011-12-16,1598.95,74719869.06
2011-12-19,1594.35,74651199.45
2011-12-20,1615.69,74584774.72
2011-12-21,1615.17,74148517.17
2011-12-22,1606.07,73866811.01
2011-12-23,1606.88,73664864.98
2011-12-26,1607.25,73870830.55
2011-12-27,1592.95,73842260.31
2011-12-28,1556.8,74034177.79
2011-12-29,1545.65,74056749.87
2011-12-30,1564.91,74092277.69
2012-01-02,1566.37,74092277.69
2012-01-03,1603.95,73867098.78
2012-01-04,1611.95,74046915.91
2012-01-05,1622.71,73744298.46
2012-01-06,1617.08,73739760.77
2012-01-09,1611.15,73580026.78
2012-01-10,1632.33,73763873.68
2012-01-11,1641.99,74120632.09
2012-01-12,1649.99,74114294.5
2012-01-13,1638.92,74165476.04
2012-01-16,1643.88,74173142.24
2012-01-17,1652.38,74232652.52
2012-01-18,1659.84,74045690.03
2012-01-19,1658.5,74062984.29
2012-01-20,1666.6,74056686.2
2012-01-23,1676.85,74056679.77
2012-01-24,1665.25,73860525.98
2012-01-25,1710.8,74144707.87
2012-01-26,1720.08,74196651.39
2012-01-27,1738.95,74593520.78
2012-01-30,1729.85,74569914.38
2012-01-31,1737.76,74472132.93
2012-02-01,1743.53,74613304.05
2012-02-02,1759.55,74889678.1
2012-02-03,1726.33,74917411.96
2012-02-06,1720.25,74915516.92
2012-02-07,1745.45,74915682.12
2012-02-08,1733.13,74923392.68
2012-02-09,1729.54,74994238.57
2012-02-10,1721.85,74988020.28
2012-02-13,1722.25,75058893.44
2012-02-14,1720.23,75080278.77
2012-02-15,1728.18,74973941.29
2012-02-16,1728.25,75047834.88
2012-02-17,1723.49,75014497.77
2012-02-20,1734.93,75014491.1
2012-02-21,1759.25,75051812.54
2012-02-22,1776.3,75066074.85
2012-02-23,1780.78,75089465.69
2012-02-24,1772.35,75251343.69
2012-02-27,1767.65,75291833.73
2012-02-28,1784.25,75163863.17
2012-02-29,1696.76,75512665.82
2012-03-01,1718.25,75542572.44
2012-03-02,1712.45,75575810.37
2012-03-05,1706.32,75598203.6
2012-03-06,1674.38,75611361.42
2012-03-07,1684.91,75634125.97
2012-03-08,1699.85,75632012.43
2012-03-09,1713.85,75678179.03
2012-03-12,1701.34,75697140.89
2012-03-13,1674.03,75735882.48
2012-03-14,1644.79,75714964.8
2012-03-15,1658.66,75719146.17
2012-03-16,1659.98,75729072.23
2012-03-19,1664.5,75540713.88
2012-03-20,1650.86,75290526.48
2012-03-21,1650.55,75459117.58
2012-03-22,1645.91,75108960.25
2012-03-23,1661.7,75063685.54
2012-03-26,1690.18,75223520.13
2012-03-27,1680.75,75187722.42
2012-03-28,1663.55,75066575.73
2012-03-29,1661.57,75317300.61
2012-03-30,1668.15,75652245.85
2012-04-02,1677.75,75652240.58
2012-04-03,1645.85,75652238.14
2012-04-04,1620.55,75707955.59
2012-04-05,1631.15,75665409.13
2012-04-06,1640.3,75686431.21
2012-04-09,1640.26,75686425.2
2012-04-10,1659.93,75649527.36
2012-04-11,1658.98,75626117.12
2012-04-12,1675.78,75627307.17
2012-04-13,1658.38,75652833.77
2012-04-16,1652.01,75607594.21
2012-04-17,1649.59,75570952.18
2012-04-18,1642.24,75571438.97
2012-04-19,1642.82,75574956.72
2012-04-20,1643.05,75583018.82
2012-04-23,1638.84,75576396.37
2012-04-24,1642.25,75459057.68
2012-04-25,1643.72,75434904.55
2012-04-26,1657.35,75430526.58
2012-04-27,1662.85,75457044.41
2012-04-30,1664.75,75133337.13
2012-05-01,1662.4,75168850.06
2012-05-02,1653.45,75152056.25
2012-05-03,1636.05,75007137.13
2012-05-04,1642.35,75000209.13
2012-05-07,1638.45,75196621.22
2012-05-08,1605.4,75196579.39
2012-05-09,1589.55,75183247.92
2012-05-10,1594.01,75205445.62
2012-05-11,1579.35,75227579.35
2012-05-14,1556.73,75197141.32
2012-05-15,1544.1,75098065.97
2012-05-16,1539.75,75067959.4
2012-05-17,1574.14,75175286.4
2012-05-18,1593.03,75236636.16
2012-05-21,1593.33,75331660.4
2012-05-22,1568.5,75248138.14
2012-05-23,1561.53,74723383.85
2012-05-24,1559.3,74910485.85
2012-05-25,1573.0,74918603.48
2012-05-28,1573.33,74918598.6
2012-05-29,1555.34,74863372.37
2012-05-30,1562.93,74831648.85
2012-05-31,1560.51,74432059.6
2012-06-01,1624.0,74573263.8
2012-06-04,1619.0,74567266.91
2012-06-05,1617.05,74592424.67
2012-06-06,1619.55,74621543.28
2012-06-07,1589.32,74661621.27
2012-06-08,1593.4,74683081.41
2012-06-11,1596.8,74846215.2
2012-06-12,1609.71,74945540.39
2012-06-13,1617.16,75013427.08
2012-06-14,1623.6,75112537.06
2012-06-15,1627.1,75166574.72
2012-06-18,1628.09,75363640.68
2012-06-19,1618.39,75413742.68
2012-06-20,1607.5,75541843.78
2012-06-21,1566.37,75550489.23
2012-06-22,1572.43,75639166.24
2012-06-25,1584.38,75680183.84
2012-06-26,1572.86,75668878.0
2012-06-27,1574.19,75667786.92
2012-06-28,1552.68,75672288.63
2012-06-29,1597.45,75694750.21
2012-07-02,1597.01,75694744.75
2012-07-03,1617.45,75843598.9
2012-07-04,1615.65,75844217.54
2012-07-05,1604.58,75882431.08
2012-07-06,1583.85,75851644.62
2012-07-09,1587.65,75739228.79
2012-07-10,1567.15,75604938.6
2012-07-11,1576.38,75604935.79
2012-07-12,1571.73,75658325.7
2012-07-13,1589.6,75716771.42
2012-07-16,1589.4,75400933.25
2012-07-17,1583.41,75604923.17
2012-07-18,1573.45,75604920.09
2012-07-19,1581.54,75584477.74
2012-07-20,1584.53,75290987.36
2012-07-23,1576.75,75290979.83
2012-07-24,1581.18,75218810.08
2012-07-25,1603.85,75310728.01
2012-07-26,1615.85,75317013.77
2012-07-27,1623.2,75241396.33
2012-07-30,1621.96,75148677.58
2012-07-31,1614.58,75302467.25
2012-08-01,1599.58,75329255.74
2012-08-02,1588.05,75361741.09
2012-08-03,1603.55,75476178.28
2012-08-06,1610.68,75562819.9
2012-08-07,1612.35,75562817.97
2012-08-08,1612.55,75827879.62
2012-08-09,1617.18,75852877.42
2012-08-10,1620.15,76007795.09
2012-08-13,1609.75,75971188.4
2012-08-14,1599.05,75968610.07
2012-08-15,1603.1,75980767.36
2012-08-16,1615.13,75987965.77
2012-08-17,1616.4,76521956.05
2012-08-20,1620.5,76298981.25
2012-08-21,1637.8,76656483.13
2012-08-22,1654.5,76809793.56
2012-08-23,1670.53,76964783.66
2012-08-24,1670.5,77014669.33
2012-08-27,1663.97,77111007.32
2012-08-28,1666.75,77282844.17
2012-08-29,1656.5,77394890.33
2012-08-30,1655.6,77394887.57
2012-08-31,1691.85,77400541.4
2012-09-03,1692.33,77400535.57
2012-09-04,1695.88,77653221.35
2012-09-05,1692.93,77744763.08
2012-09-06,1700.33,77786441.37
2012-09-07,1735.85,77683329.13
2012-09-10,1726.06,77845668.22
2012-09-11,1731.88,78068538.46
2012-09-12,1730.75,78124576.28
2012-09-13,1767.12,78248269.41
2012-09-14,1770.5,78590572.84
2012-09-17,1761.25,78485897.85
2012-09-18,1771.31,79026347.77
2012-09-19,1770.3,79094211.21
2012-09-20,1768.53,79235927.35
2012-09-21,1773.1,79617837.37
2012-09-24,1764.4,80032701.6
2012-09-25,1760.64,80142171.37
2012-09-26,1752.75,79835073.09
2012-09-27,1777.38,79899886.31
2012-09-28,1772.25,79933013.26
2012-10-01,1775.43,80041893.59
2012-10-02,1774.57,80090963.59
2012-10-03,1777.88,80221745.41
2012-10-04,1790.15,80579815.51
2012-10-05,1780.7,80712077.27
2012-10-08,1774.55,80864393.85
2012-10-09,1764.2,81125059.85
2012-10-10,1762.29,81142424.7
2012-10-11,1767.18,81142814.5
2012-10-12,1754.03,81136108.67
2012-10-15,1737.4,80958692.76
2012-10-16,1747.47,80958354.78
2012-10-17,1750.15,81016720.7
2012-10-18,1741.4,81056566.21
2012-10-19,1721.75,81099475.52
2012-10-22,1728.6,81099469.04
2012-10-23,1707.63,81099466.78
2012-10-24,1702.04,81181135.99
2012-10-25,1712.1,81201934.28
2012-10-26,1711.2,81211795.22
2012-10-29,1709.25,81211789.13
2012-10-30,1709.6,81292234.23
2012-10-31,1720.65,81296422.54
2012-11-01,1714.2,81302648.72
2012-11-02,1678.0,81337410.54
2012-11-05,1684.97,81210787.47
2012-11-06,1716.0,81280617.53
2012-11-07,1717.55,81417088.23
2012-11-08,1731.4,81549261.87
2012-11-09,1731.07,81503341.05
2012-11-12,1728.2,81503334.26
2012-11-13,1724.95,81544931.81
2012-11-14,1726.5,81529449.86
2012-11-15,1715.75,81667608.51
2012-11-16,1713.72,81796366.23
2012-11-19,1731.72,81812904.52
2012-11-20,1727.05,81842420.03
2012-11-21,1728.69,81854777.91
2012-11-22,1729.55,81854776.55
2012-11-23,1753.0,81701521.85
2012-11-26,1748.7,81908016.47
2012-11-27,1742.09,82071838.05
2012-11-28,1719.69,82186968.68
2012-11-29,1725.74,82300942.19
2012-11-30,1714.98,82374573.03
2012-12-03,1715.96,82429893.38
2012-12-04,1697.59,82545306.41
2012-12-05,1693.9,82563136.52
2012-12-06,1699.88,82556270.25
2012-12-07,1704.07,82616124.56
2012-12-10,1713.11,82618589.98
2012-12-11,1709.95,82556756.1
2012-12-12,1711.71,82513570.34
2012-12-13,1697.1,82639568.12
2012-12-14,1696.15,82663206.25
2012-12-17,1698.32,82647199.87
2012-12-18,1671.23,82683255.39
2012-12-19,1667.18,82694876.28
2012-12-20,1647.92,82718097.9
2012-12-21,1657.22,82665686.59
2012-12-24,1657.84,82665686.59
2012-12-25,1657.98,82665679.16
2012-12-26,1659.45,82671638.1
2012-12-27,1664.1,82691036.08
2012-12-28,1655.7,82696379.15
2012-12-31,1675.35,82497413.98
2013-01-01,1675.92,82497413.98
2013-01-02,1686.89,82466197.98
2013-01-03,1663.99,82139493.98
2013-01-04,1656.1,82392080.96
2013-01-07,1646.92,82362083.26
2013-01-08,1659.13,82362336.29
2013-01-09,1657.63,82373582.78
2013-01-10,1675.36,82265541.2
2013-01-11,1662.98,82285172.2
2013-01-14,1667.8,82116285.98
2013-01-15,1679.62,82256667.86
2013-01-16,1679.93,82134073.69
2013-01-17,1687.64,82158671.88
2013-01-18,1684.25,82128583.31
2013-01-21,1690.05,82128576.67
2013-01-22,1692.75,82143470.5
2013-01-23,1685.84,82224299.35
2013-01-24,1667.97,82070409.74
2013-01-25,1658.65,82031040.47
2013-01-28,1655.61,81975298.14
2013-01-29,1663.8,81968199.71
2013-01-30,1677.0,82057718.29
2013-01-31,1663.7,82039317.0
2013-02-01,1667.4,82057442.64
2013-02-04,1674.3,82122396.76
2013-02-05,1672.95,82072234.58
2013-02-06,1677.57,82070025.02
2013-02-07,1671.4,82139167.05
2013-02-08,1667.25,82131612.56
2013-02-11,1648.07,81838109.98
2013-02-12,1651.33,81951307.85
2013-02-13,1642.5,81937540.37
2013-02-14,1634.85,81937538.45
2013-02-15,1610.15,81707791.44
2013-02-18,1609.78,81707786.07
2013-02-19,1605.05,81673543.65
2013-02-20,1564.55,81541901.19
2013-02-21,1576.27,80432737.81
2013-02-22,1581.16,80349792.47
2013-02-25,1593.46,79576657.22
2013-02-26,1613.76,79374261.84
2013-02-27,1597.1,78684172.66
2013-02-28,1579.61,78498291.02
2013-03-01,1576.18,78580007.66
2013-03-04,1573.83,78415566.61
2013-03-05,1575.5,78141180.71
2013-03-06,1583.97,78073122.75
2013-03-07,1579.0,77969401.17
2013-03-08,1578.97,77909118.53
2013-03-11,1581.6,77773808.86
2013-03-12,1592.8,77548103.43
2013-03-13,1587.7,77483349.48
2013-03-14,1590.19,77489635.33
2013-03-15,1592.1,77450081.52
2013-03-18,1605.49,77293498.65
2013-03-19,1612.87,77296665.26
2013-03-20,1606.92,76719213.98
2013-03-21,1614.85,76912821.38
2013-03-22,1608.55,76955267.05
2013-03-25,1605.3,76971628.9
2013-03-26,1600.05,76926874.09
2013-03-27,1605.27,76847752.15
2013-03-28,1596.97,76772751.11
2013-03-29,1597.5,76772748.37
2013-04-01,1599.52,76776341.66
2013-04-02,1575.89,76681835.25
2013-04-03,1557.9,76372256.57
2013-04-04,1554.8,76306863.06
2013-04-05,1581.25,76277493.27
2013-04-08,1573.47,76235345.81
2013-04-09,1585.35,76208480.09
2013-04-10,1558.42,75947078.64
2013-04-11,1561.5,75423611.73
2013-04-12,1482.75,75368441.58
2013-04-15,1348.21,74605557.49
2013-04-16,1367.36,74456295.06
2013-04-17,1376.25,74041885.59
2013-04-18,1390.5,73510827.25
2013-04-19,1403.79,73270299.93
2013-04-22,1426.45,72954091.03
2013-04-23,1413.0,72231031.59
2013-04-24,1431.99,71949743.08
2013-04-25,1467.9,71795445.75
2013-04-26,1461.92,71444764.8
2013-04-29,1475.84,71197638.66
2013-04-30,1476.71,71236597.95
2013-05-01,1457.64,71122307.15
2013-05-02,1467.07,70813136.46
2013-05-03,1470.75,70612161.25
2013-05-06,1469.46,70372185.25
2013-05-07,1452.7,70488638.59
2013-05-08,1473.94,70060052.13
2013-05-09,1458.15,70139346.05
2013-05-10,1448.55,69693552.6
2013-05-13,1430.59,69631081.62
2013-05-14,1425.46,69431935.38
2013-05-15,1393.03,69255100.76
2013-05-16,1385.97,69027161.72
2013-05-17,1359.5,68742295.24
2013-05-20,1393.85,68392966.67
2013-05-21,1376.29,68062903.01
2013-05-22,1370.27,67786811.92
2013-05-23,1391.05,67666112.73
2013-05-24,1386.64,67460487.58
2013-05-27,1394.78,67460480.7
2013-05-28,1381.12,67325958.88
2013-05-29,1392.95,67278116.37
2013-05-30,1414.0,67255226.53
2013-05-31,1387.8,67092732.57
2013-06-03,1411.35,66977907.4
2013-06-04,1399.56,66886897.43
2013-06-05,1403.43,66887374.57
2013-06-06,1413.97,66736140.21
2013-06-07,1382.97,66695145.37
2013-06-10,1386.5,66500498.4
2013-06-11,1378.33,66425472.12
2013-06-12,1389.02,66336293.08
2013-06-13,1386.15,66119433.69
2013-06-14,1390.67,66083240.08
2013-06-17,1385.27,66062833.35
2013-06-18,1367.67,66010188.78
2013-06-19,1351.31,65901305.75
2013-06-20,1284.97,65737032.19
2013-06-21,1296.42,65497139.63
2013-06-24,1282.39,65234588.74
2013-06-25,1277.65,64486493.44
2013-06-26,1226.59,64199540.99
2013-06-27,1200.67,63892538.53
2013-06-28,1234.53,62194021.98
2013-07-01,1252.52,62212542.69
2013-07-02,1243.43,62099993.11
2013-07-03,1252.88,61886014.58
2013-07-04,1249.89,61892246.91
2013-07-05,1223.14,61049732.48
2013-07-08,1236.98,60520177.13
2013-07-09,1251.39,60199784.48
2013-07-10,1259.72,60336909.34
2013-07-11,1286.01,60305476.09
2013-07-12,1285.59,60302024.24
2013-07-15,1284.7,60106962.53
2013-07-16,1292.13,60229395.17
2013-07-17,1276.02,60164853.21
2013-07-18,1284.23,60066374.65
2013-07-19,1296.03,59977153.08
2013-07-22,1335.82,59928063.75
2013-07-23,1345.18,59856049.83
2013-07-24,1322.14,59859760.44
2013-07-25,1333.83,59777088.68
2013-07-26,1333.16,59776726.44
2013-07-29,1328.1,59778189.79
2013-07-30,1326.37,59797803.71
2013-07-31,1325.07,59758792.29
2013-08-01,1310.2,59551106.96
2013-08-02,1312.03,59471099.99
2013-08-05,1303.01,59423281.73
2013-08-06,1283.19,59302207.11
2013-08-07,1287.61,59053901.95
2013-08-08,1313.27,58977783.57
2013-08-09,1314.46,59022095.0
2013-08-12,1338.39,59027184.95
2013-08-13,1321.67,59013867.0
2013-08-14,1336.16,59079804.82
2013-08-15,1366.18,59060551.13
2013-08-16,1376.57,59093401.66
2013-08-19,1366.0,59022807.61
2013-08-20,1371.23,59052331.68
2013-08-21,1366.66,59022166.02
2013-08-22,1376.14,58989532.36
2013-08-23,1397.73,59140859.19
2013-08-26,1404.65,59138229.22
2013-08-27,1415.15,59163954.65
2013-08-28,1417.51,59228145.45
2013-08-29,1407.79,59225534.35
2013-08-30,1395.27,59216402.41
2013-09-02,1389.77,59216394.04
2013-09-03,1412.41,59237524.22
2013-09-04,1391.57,59182326.6
2013-09-05,1367.48,59182827.34
2013-09-06,1391.8,59196064.34
2013-09-09,1386.97,59104078.23
2013-09-10,1363.88,59008917.57
2013-09-11,1365.31,59019195.15
2013-09-12,1321.73,59002792.72
2013-09-13,1326.17,58760344.82
2013-09-16,1312.79,58533999.51
2013-09-17,1310.6,58681578.95
2013-09-18,1363.77,58660564.28
2013-09-19,1366.25,58593756.8
2013-09-20,1325.85,58529391.46
2013-09-23,1322.72,58332547.51
2013-09-24,1323.26,58600584.47
2013-09-25,1334.36,58589878.3
2013-09-26,1324.08,58591040.49
2013-09-27,1336.88,58423982.41
2013-09-30,1329.03,58403512.06
2013-10-01,1287.54,58404544.96
2013-10-02,1316.03,58282941.54
2013-10-03,1316.86,58222393.04
2013-10-04,1311.09,58186022.71
2013-10-07,1323.1,58191630.53
2013-10-08,1319.29,58116768.81
2013-10-09,1305.59,58081962.02
2013-10-10,1287.6,58008267.6
2013-10-11,1272.2,57782952.85
2013-10-14,1272.48,57536871.51
2013-10-15,1282.35,57632870.61
2013-10-16,1282.51,57469359.82
2013-10-17,1320.32,57354645.12
2013-10-18,1316.25,57266340.6
2013-10-21,1316.02,56915737.75
2013-10-22,1340.11,57125039.32
2013-10-23,1333.47,57107393.37
2013-10-24,1346.75,57031127.19
2013-10-25,1350.62,56878536.77
2013-10-28,1352.63,56884552.61
2013-10-29,1345.05,56888628.47
2013-10-30,1344.55,56883614.34
2013-10-31,1323.06,56882099.36
2013-11-01,1316.18,56697702.8
2013-11-04,1314.64,56489495.51
2013-11-05,1311.68,56666689.03
2013-11-06,1317.89,56698470.78
2013-11-07,1307.63,56742744.51
2013-11-08,1288.5,56737665.58
2013-11-11,1282.81,56741661.77
2013-11-12,1268.04,56735807.36
2013-11-13,1281.75,56633309.07
2013-11-14,1287.18,56560178.99
2013-11-15,1290.18,56512832.99
2013-11-18,1275.44,56446848.57
2013-11-19,1275.72,56394061.25
2013-11-20,1244.33,56283379.23
2013-11-21,1242.91,56101432.31
2013-11-22,1243.8,55958771.68
2013-11-25,1251.38,55851964.27
2013-11-26,1242.85,55827379.16
2013-11-27,1237.9,55654584.36
2013-11-28,1244.65,55654581.69
2013-11-29,1253.35,55604479.91
2013-12-02,1219.83,55580855.89
2013-12-03,1223.42,55449174.04
2013-12-04,1243.79,55306991.24
2013-12-05,1225.23,55328317.38
2013-12-06,1229.1,55229462.16
2013-12-09,1240.35,55126879.39
2013-12-10,1262.19,55095038.86
2013-12-11,1252.32,54990023.15
2013-12-12,1225.49,54744488.46
2013-12-13,1238.69,54718417.42
2013-12-16,1241.32,54364069.62
2013-12-17,1230.89,54180119.72
2013-12-18,1218.53,53977104.72
2013-12-19,1188.68,53797350.26
2013-12-20,1203.24,53844588.88
2013-12-23,1198.86,53261915.51
2013-12-24,1204.35,53467586.78
2013-12-25,1204.62,53467584.51
2013-12-26,1210.64,53394239.23
2013-12-27,1213.27,53252349.92
2013-12-30,1196.57,53114030.28
2013-12-31,1201.64,52899743.51
2014-01-01,1205.9,52899743.51
2014-01-02,1224.6,52843285.51
2014-01-03,1236.97,52753701.51
2014-01-06,1238.06,52958164.37
2014-01-07,1232.08,52925225.78
2014-01-08,1225.99,52780010.57
2014-01-09,1227.98,52681784.35
2014-01-10,1248.5,52664130.23
2014-01-13,1253.31,52455337.51
2014-01-14,1245.19,52541951.96
2014-01-15,1241.88,52533622.36
2014-01-16,1242.39,52517928.17
2014-01-17,1254.05,52756817.26
2014-01-20,1254.35,52756810.59
2014-01-21,1241.41,52688911.93
2014-01-22,1237.15,52637308.78
2014-01-23,1264.13,52443521.75
2014-01-24,1270.06,52432996.09
2014-01-27,1257.11,52427936.4
2014-01-28,1256.83,52335285.31
2014-01-29,1267.34,52432675.02
2014-01-30,1243.78,52465964.14
2014-01-31,1244.55,52437099.74
2014-02-03,1257.65,52388111.4
2014-02-04,1254.65,52508404.76
2014-02-05,1257.92,52457334.24
2014-02-06,1258.2,52464111.47
2014-02-07,1267.27,52459809.73
2014-02-10,1274.78,52490522.66
2014-02-11,1291.36,52289218.51
2014-02-12,1291.15,52477026.27
2014-02-13,1302.92,52714363.36
2014-02-14,1318.66,52562250.36
2014-02-17,1331.5,52562243.38
2014-02-18,1322.02,52584177.49
2014-02-19,1311.6,52408194.32
2014-02-20,1322.97,52435063.26
2014-02-21,1324.25,52529997.56
2014-02-24,1336.97,52563028.02
2014-02-25,1340.5,52629666.34
2014-02-26,1330.64,52691174.45
2014-02-27,1331.29,52755056.59
2014-02-28,1326.39,52748681.54
2014-03-03,1350.61,52776574.1
2014-03-04,1334.47,52743367.63
2014-03-05,1336.86,52724400.96
2014-03-06,1350.82,52946986.92
2014-03-07,1339.98,53007836.43
2014-03-10,1339.72,53279375.84
2014-03-11,1349.01,53282782.26
2014-03-12,1366.84,53221596.26
2014-03-13,1370.28,53292281.99
2014-03-14,1382.92,53404739.7
2014-03-17,1367.07,53245876.99
2014-03-18,1355.78,53278397.18
2014-03-19,1329.59,53326534.34
2014-03-20,1327.77,53327906.96
2014-03-21,1334.69,53185916.51
2014-03-24,1308.76,53506840.87
2014-03-25,1311.17,53425665.03
2014-03-26,1304.48,53365454.43
2014-03-27,1291.31,53388495.09
2014-03-28,1295.23,53384823.85
2014-03-31,1284.01,53179717.03
2014-04-01,1278.95,53002049.56
2014-04-02,1289.9,52961167.09
2014-04-03,1286.7,52868017.05
2014-04-04,1303.5,52791126.43
2014-04-07,1297.28,52786507.06
2014-04-08,1308.66,52696976.83
2014-04-09,1311.8,52698877.6
2014-04-10,1318.95,52690203.14
2014-04-11,1318.42,52607232.84
2014-04-14,1327.99,52665577.61
2014-04-15,1302.64,52682446.65
2014-04-16,1302.53,52439630.96
2014-04-17,1295.12,52376220.55
2014-04-18,1294.3,52376217.97
2014-04-21,1289.77,52299961.92
2014-04-22,1283.81,52357903.95
2014-04-23,1283.91,52371385.11
2014-04-24,1293.36,52376270.04
2014-04-25,1303.25,52356960.25
2014-04-28,1296.74,52359537.6
2014-04-29,1295.92,52113157.0
2014-04-30,1291.6,52189451.63
2014-05-01,1284.31,53912059.68
2014-05-02,1299.7,53826761.27
2014-05-05,1310.28,53538317.0
2014-05-06,1308.05,53530969.0
2014-05-07,1289.88,53750033.06
2014-05-08,1289.43,53767437.92
2014-05-09,1288.91,53743175.63
2014-05-12,1295.8,53675291.95
2014-05-13,1293.63,53672509.75
2014-05-14,1305.97,53646779.45
2014-05-15,1296.22,53720297.34
2014-05-16,1293.52,53709945.93
2014-05-19,1292.97,53714650.03
2014-05-20,1294.37,53622458.97
2014-05-21,1292.04,53491832.53
2014-05-22,1294.1,53487294.61
2014-05-23,1292.61,53505943.92
2014-05-26,1292.91,53505936.91
2014-05-27,1264.95,53774877.79
2014-05-28,1258.14,53786576.88
2014-05-29,1255.56,53765429.4
2014-05-30,1249.68,53758758.81
2014-06-02,1243.93,53759209.71
2014-06-03,1244.95,53607027.74
2014-06-04,1243.94,53578028.88
2014-06-05,1253.63,53554306.48
2014-06-06,1253.23,53486660.06
2014-06-09,1252.34,53487124.23
2014-06-10,1259.9,53535297.37
2014-06-11,1261.07,53560969.42
2014-06-12,1273.46,53562551.23
2014-06-13,1276.96,53575860.99
2014-06-16,1272.0,53452317.04
2014-06-17,1270.58,53414997.56
2014-06-18,1277.71,53418487.34
2014-06-19,1320.39,53411340.87
2014-06-20,1314.82,53244104.36
2014-06-23,1317.52,53332048.15
2014-06-24,1318.29,53330309.86
2014-06-25,1319.18,53339062.79
2014-06-26,1316.58,53384504.42
2014-06-27,1316.17,53375105.65
2014-06-30,1327.33,53596421.09
2014-07-01,1326.46,53836960.66
2014-07-02,1326.86,53816094.32
2014-07-03,1319.53,53815691.75
2014-07-04,1320.55,53815688.66
2014-07-07,1319.94,53827392.5
2014-07-08,1319.24,53826082.05
2014-07-09,1327.83,53911459.64
2014-07-10,1335.75,54029544.58
2014-07-11,1338.7,53899567.39
2014-07-14,1307.15,54228302.34
2014-07-15,1294.05,54193233.51
2014-07-16,1299.21,54117454.22
2014-07-17,1319.2,54027955.54
2014-07-18,1310.88,54089481.51
2014-07-21,1312.49,53803629.0
2014-07-22,1306.42,54078142.31
2014-07-23,1304.59,54085379.29
2014-07-24,1293.66,53981112.37
2014-07-25,1307.22,53998081.42
2014-07-28,1304.05,54022882.52
2014-07-29,1299.11,54086507.99
2014-07-30,1296.3,54107964.77
2014-07-31,1282.59,54129257.39
2014-08-01,1293.75,54177265.31
2014-08-04,1288.25,54107576.79
2014-08-05,1288.78,54085170.06
2014-08-06,1305.9,54011127.27
2014-08-07,1312.63,53995813.1
2014-08-08,1309.58,53939826.5
2014-08-11,1308.48,53942053.87
2014-08-12,1309.51,53974329.57
2014-08-13,1312.92,53999074.6
2014-08-14,1313.52,54000379.99
2014-08-15,1304.7,54007709.33
2014-08-18,1298.4,54071680.62
2014-08-19,1295.73,54094805.85
2014-08-20,1291.94,54116651.45
2014-08-21,1276.78,54031676.53
2014-08-22,1281.1,54046353.91
2014-08-25,1276.84,53914781.5
2014-08-26,1281.2,53866650.9
2014-08-27,1282.63,53829116.23
2014-08-28,1289.65,53839913.61
2014-08-29,1287.32,53826355.2
2014-09-01,1286.0,53826342.19
2014-09-02,1265.4,53683384.04
2014-09-03,1269.4,53567588.8
2014-09-04,1261.67,53416918.08
2014-09-05,1268.81,53409095.37
2014-09-08,1255.45,53246414.78
2014-09-09,1255.47,53318068.36
2014-09-10,1249.77,53395377.9
2014-09-11,1240.92,53465538.88
2014-09-12,1229.65,53449523.65
2014-09-15,1233.22,53197891.55
2014-09-16,1235.55,53232688.49
2014-09-17,1223.51,53150950.01
2014-09-18,1225.15,53138567.54
2014-09-19,1215.7,52812996.78
2014-09-22,1215.08,52759127.35
2014-09-23,1223.42,52476431.55
2014-09-24,1217.09,52646242.49
2014-09-25,1221.58,52641071.45
2014-09-26,1218.38,52552865.69
2014-09-29,1215.81,52592265.49
2014-09-30,1208.15,52368765.58
2014-10-01,1213.82,52292641.13
2014-10-02,1214.57,52220274.34
2014-10-03,1191.42,52188639.88
2014-10-06,1207.3,52183666.69
2014-10-07,1209.01,52160064.2
2014-10-08,1221.14,51756190.2
2014-10-09,1224.33,51745867.53
2014-10-10,1223.16,51675428.67
2014-10-13,1235.87,51553742.59
2014-10-14,1232.83,51772781.7
2014-10-15,1242.02,51759214.59
2014-10-16,1238.81,51820847.62
2014-10-17,1238.32,51833036.61
2014-10-20,1246.91,51548421.41
2014-10-21,1248.7,51562556.28
2014-10-22,1241.27,51533145.92
2014-10-23,1231.84,51550923.0
2014-10-24,1231.01,51419635.72
2014-10-27,1226.62,51408691.19
2014-10-28,1228.52,51352088.09
2014-10-29,1212.15,51269325.9
2014-10-30,1198.85,51230385.6
2014-10-31,1172.94,51231158.56
2014-11-03,1165.63,50949365.66
2014-11-04,1168.39,51070382.72
2014-11-05,1140.54,50927259.26
2014-11-06,1141.92,50798536.48
2014-11-07,1177.97,50539157.77
2014-11-10,1151.47,50476706.99
2014-11-11,1164.33,50447347.77
2014-11-12,1162.6,50317853.71
2014-11-13,1162.55,50255074.97
2014-11-14,1188.75,50233965.27
2014-11-17,1186.57,50285302.2
2014-11-18,1197.08,50274931.94
2014-11-19,1182.68,50212866.19
2014-11-20,1193.79,50145183.45
2014-11-21,1201.55,50195053.06
2014-11-24,1197.14,50007070.66
2014-11-25,1200.98,50209769.86
2014-11-26,1197.87,50190091.23
2014-11-27,1192.67,50190083.49
2014-11-28,1167.38,50162264.25
2014-12-01,1212.1,50174547.6
2014-12-02,1198.28,50206582.54
2014-12-03,1209.43,50223883.91
2014-12-04,1205.27,50052145.23
2014-12-05,1192.35,50048818.16
2014-12-08,1203.51,49939754.15
2014-12-09,1231.06,50017337.18
2014-12-10,1226.31,50102295.38
2014-12-11,1227.72,50112035.8
2014-12-12,1222.59,50062425.09
2014-12-15,1193.23,49965220.33
2014-12-16,1197.01,49930567.07
2014-12-17,1189.71,49930316.38
2014-12-18,1198.57,49882911.09
2014-12-19,1195.74,49985232.36
2014-12-22,1176.44,49998035.88
2014-12-23,1176.57,49475627.08
2014-12-24,1173.8,49726397.49
2014-12-25,1173.8,49726394.8
2014-12-26,1196.0,49698780.72
2014-12-29,1183.29,49775176.86
2014-12-30,1200.55,49692779.31
2014-12-31,1184.37,49374100.8
2015-01-01,1181.98,49374100.8
2015-01-02,1188.39,49505177.8
2015-01-05,1204.86,49751103.58
2015-01-06,1218.58,49611996.83
2015-01-07,1211.41,49585342.44
2015-01-08,1208.79,49581963.38
2015-01-09,1223.25,49690840.71
2015-01-12,1233.31,49431605.8
2015-01-13,1230.64,49567698.44
2015-01-14,1228.72,49558758.1
2015-01-15,1262.75,49964467.92
2015-01-16,1280.45,50406250.11
2015-01-19,1275.65,50406239.31
2015-01-20,1295.32,50783281.65
2015-01-21,1293.09,50957311.74
2015-01-22,1302.25,50986343.0
2015-01-23,1294.08,51158725.07
2015-01-26,1281.4,51263307.82
2015-01-27,1292.34,51518264.88
2015-01-28,1284.49,51540271.49
2015-01-29,1257.27,51768699.73
2015-01-30,1283.79,51813983.32
2015-02-02,1274.41,52045793.0
2015-02-03,1260.52,51929086.22
2015-02-04,1269.35,52042027.12
2015-02-05,1264.82,52308152.61
2015-02-06,1234.04,52343696.82
2015-02-09,1239.03,52354400.1
2015-02-10,1233.55,52304773.51
2015-02-11,1218.83,52074317.83
2015-02-12,1221.98,52250227.39
2015-02-13,1229.76,52167976.37
2015-02-16,1232.55,52167963.99
2015-02-17,1209.89,52155989.07
2015-02-18,1212.42,52160477.51
2015-02-19,1206.84,52204815.35
2015-02-20,1201.94,52334728.14
2015-02-23,1201.83,52464235.29
2015-02-24,1200.53,52467824.75
2015-02-25,1205.0,52453090.33
2015-02-26,1209.49,52431235.71
2015-02-27,1213.18,52400843.61
2015-03-02,1206.83,52173136.15
2015-03-03,1203.74,52116272.98
2015-03-04,1200.34,52107742.14
2015-03-05,1198.4,52096539.12
2015-03-06,1167.29,51941315.87
2015-03-09,1167.21,51815730.63
2015-03-10,1161.84,51646025.66
2015-03-11,1155.31,51570254.26
2015-03-12,1153.73,51374167.73
2015-03-13,1158.48,51275080.6
2015-03-16,1154.81,51210447.93
2015-03-17,1149.57,51130488.98
2015-03-18,1167.61,51002853.84
2015-03-19,1171.18,50955900.02
2015-03-20,1182.54,50862236.89
2015-03-23,1189.54,50869452.38
2015-03-24,1193.28,50846757.86
2015-03-25,1195.47,50813227.07
2015-03-26,1204.81,50652169.63
2015-03-27,1198.55,50675389.58
2015-03-30,1186.07,50672687.67
2015-03-31,1183.57,50713275.03
2015-04-01,1203.98,50717671.46
2015-04-02,1202.61,50694564.73
2015-04-03,1206.91,50694561.53
2015-04-06,1214.84,50636973.07
2015-04-07,1209.22,50571562.23
2015-04-08,1202.57,50555778.85
2015-04-09,1194.81,50716335.13
2015-04-10,1207.59,50654052.71
2015-04-13,1198.88,50638636.11
2015-04-14,1192.78,50672647.86
2015-04-15,1202.58,50661804.83
2015-04-16,1198.55,50643358.06
2015-04-17,1204.22,50737102.61
2015-04-20,1195.89,50769557.45
2015-04-21,1202.41,50860530.35
2015-04-22,1187.13,50864975.66
2015-04-23,1193.97,50887515.74
2015-04-24,1179.0,50918640.87
2015-04-27,1202.15,50825077.86
2015-04-28,1212.17,50849960.92
2015-04-29,1204.71,50597894.43
2015-04-30,1184.37,50905100.69
2015-05-01,1178.46,50985153.18
2015-05-04,1188.33,50711438.18
2015-05-05,1193.34,50745946.18
2015-05-06,1192.24,50745130.18
2015-05-07,1184.51,50920398.89
2015-05-08,1188.39,50595903.92
2015-05-11,1183.97,50580195.32
2015-05-12,1193.94,50623231.8
2015-05-13,1215.75,50663365.56
2015-05-14,1221.14,50517769.57
2015-05-15,1224.8,50522843.0
2015-05-18,1225.51,50343730.6
2015-05-19,1207.86,50307565.7
2015-05-20,1209.8,50201277.92
2015-05-21,1204.86,50225066.78
2015-05-22,1206.21,50224955.39
2015-05-25,1206.6,50224939.17
2015-05-26,1187.3,50302116.49
2015-05-27,1188.09,50292089.3
2015-05-28,1188.4,50263115.06
2015-05-29,1190.58,50341624.87
2015-06-01,1189.2,50290025.78
2015-06-02,1193.01,50114870.97
2015-06-03,1185.17,50095264.62
2015-06-04,1176.89,50104373.31
2015-06-05,1171.94,50070958.51
2015-06-08,1174.07,50073001.71
2015-06-09,1176.8,49953122.26
2015-06-10,1186.06,49893051.13
2015-06-11,1182.01,49932260.77
2015-06-12,1181.63,49939668.41
2015-06-15,1186.43,49849839.66
2015-06-16,1182.07,49855853.31
2015-06-17,1185.55,49877810.4
2015-06-18,1201.94,49887915.75
2015-06-19,1200.27,49908690.04
2015-06-22,1185.98,50022155.63
2015-06-23,1178.63,50022140.62
2015-06-24,1175.4,50074693.51
2015-06-25,1173.17,50297362.04
2015-06-26,1175.52,50116594.91
2015-06-29,1179.83,50093302.83
2015-06-30,1172.35,50095676.83
2015-07-01,1168.79,50093405.07
2015-07-02,1166.26,50011526.36
2015-07-03,1169.1,50011883.22
2015-07-06,1170.33,50004574.41
2015-07-07,1155.26,50010044.17
2015-07-08,1158.33,49997316.16
2015-07-09,1159.43,49974262.2
2015-07-10,1163.74,49933131.73
2015-07-13,1157.98,50019859.23
2015-07-14,1156.06,50013616.59
2015-07-15,1149.45,50036186.25
2015-07-16,1145.39,49995887.03
2015-07-17,1134.14,49494008.11
2015-07-20,1096.5,49177547.38
2015-07-21,1101.25,49229601.12
2015-07-22,1094.24,49127437.05
2015-07-23,1090.7,48924962.68
2015-07-24,1099.11,48820842.51
2015-07-27,1093.98,48490814.49
2015-07-28,1095.48,48433335.13
2015-07-29,1096.85,48334688.07
2015-07-30,1088.76,48282388.53
2015-07-31,1095.8,47895047.37
2015-08-03,1086.79,47899882.68
2015-08-04,1087.7,47805348.12
2015-08-05,1085.03,47656917.02
2015-08-06,1089.55,47600806.05
2015-08-07,1094.15,47488691.3
2015-08-10,1104.51,47463210.16
2015-08-11,1108.95,47426831.69
2015-08-12,1124.47,47539721.73
2015-08-13,1115.1,47514654.98
2015-08-14,1115.07,47485031.3
2015-08-17,1117.7,47496214.7
2015-08-18,1117.71,47493667.81
2015-08-19,1133.88,47601120.0
2015-08-20,1152.2,47719313.96
2015-08-21,1160.77,47793952.32
2015-08-24,1155.11,47918120.28
2015-08-25,1140.49,47824211.32
2015-08-26,1125.26,48078151.3
2015-08-27,1125.0,48129038.87
2015-08-28,1133.6,48129741.51
2015-08-31,1134.93,48057223.5
2015-09-01,1140.27,47869223.75
2015-09-02,1134.05,47932160.77
2015-09-03,1125.46,47902201.63
2015-09-04,1121.85,47878633.98
2015-09-07,1119.35,47878616.19
2015-09-08,1121.55,47873872.69
2015-09-09,1107.85,47745582.66
2015-09-10,1110.75,47744706.88
2015-09-11,1107.95,47736319.84
2015-09-14,1109.1,47743810.13
2015-09-15,1105.35,47707660.62
2015-09-16,1119.52,47719954.03
2015-09-17,1131.51,47711804.81
2015-09-18,1139.23,47737385.71
2015-09-21,1133.44,47364479.51
2015-09-22,1124.76,47427651.51
2015-09-23,1130.3,47494179.51
2015-09-24,1153.95,47899175.53
2015-09-25,1146.2,48045673.85
2015-09-28,1131.95,48047680.3
2015-09-29,1127.43,48035575.49
2015-09-30,1115.09,48149534.1
2015-10-01,1113.61,48212599.34
2015-10-02,1138.6,48188687.97
2015-10-05,1135.75,48203639.8
2015-10-06,1147.24,48174520.93
2015-10-07,1145.54,48145258.88
2015-10-08,1139.01,48129359.2
2015-10-09,1156.53,48129908.58
2015-10-12,1163.85,47859387.48
2015-10-13,1168.84,48167047.72
2015-10-14,1184.13,48408690.05
2015-10-15,1183.1,48571042.27
2015-10-16,1177.3,48396674.22
2015-10-19,1170.79,48639176.4
2015-10-20,1176.04,48644029.3
2015-10-21,1167.18,48654963.09
2015-10-22,1166.05,48650026.16
2015-10-23,1164.45,48505748.69
2015-10-26,1163.04,48520298.91
2015-10-27,1166.88,48583015.16
2015-10-28,1156.1,48553024.5
2015-10-29,1145.97,48559160.57
2015-10-30,1142.11,48464302.63
2015-11-02,1133.84,48365951.9
2015-11-03,1117.79,47916318.7
2015-11-04,1107.9,47986176.5
2015-11-05,1103.92,47713468.82
2015-11-06,1089.8,47612886.06
2015-11-09,1092.31,47577736.05
2015-11-10,1089.67,47485432.75
2015-11-11,1086.26,47468845.59
2015-11-12,1085.2,47442825.67
2015-11-13,1083.91,47397986.49
2015-11-16,1082.76,47462278.35
2015-11-17,1070.3,47469774.5
2015-11-18,1070.73,47439751.03
2015-11-19,1082.21,47355416.44
2015-11-20,1078.01,47263549.87
2015-11-23,1069.18,46779810.7
2015-11-24,1075.65,47024403.06
2015-11-25,1071.12,47009275.37
2015-11-26,1072.33,47009267.35
2015-11-27,1057.45,46981216.33
2015-11-30,1064.77,46911432.68
2015-12-01,1069.29,46908921.87
2015-12-02,1053.7,46387842.94
2015-12-03,1062.11,46300447.58
2015-12-04,1086.44,46250136.17
2015-12-07,1071.34,46120539.96
2015-12-08,1074.96,46126392.13
2015-12-09,1072.78,46132980.84
2015-12-10,1071.58,46137615.49
2015-12-11,1074.77,46109212.59
2015-12-14,1059.86,46098202.86
2015-12-15,1061.22,46085801.86
2015-12-16,1072.32,46059955.36
2015-12-17,1051.1,45916968.73
2015-12-18,1066.25,46508555.49
2015-12-21,1078.4,46332761.99
2015-12-22,1072.43,46311087.64
2015-12-23,1070.5,46009506.44
2015-12-24,1076.1,46246143.24
2015-12-25,,46252329.05
2015-12-28,1069.08,46214038.28
2015-12-29,1069.11,46200584.12
2015-12-30,1061.44,46203868.43
2015-12-31,1061.1,45818304.14
2016-01-01,,45818300.14
2016-01-04,1074.61,46120450.59
2016-01-05,1077.68,46030647.88
2016-01-06,1093.67,45949895.7
2016-01-07,1108.97,46209717.16
2016-01-08,1104.15,46501761.9
2016-01-11,1094.2,46276563.14
2016-01-12,1086.56,46738769.27
2016-01-13,1093.59,46814885.53
2016-01-14,1078.38,46814517.97
2016-01-15,1088.88,47110313.43
2016-01-18,1089.68,46419387.26
2016-01-19,1087.41,46446075.63
2016-01-20,1100.92,46529791.73
2016-01-21,1101.2,46614472.92
2016-01-22,1097.95,46716378.03
2016-01-25,1107.9,46741616.36
2016-01-26,1119.91,47019433.2
2016-01-27,1124.97,47045023.41
2016-01-28,1115.33,47131213.54
2016-01-29,1118.21,47187652.96
2016-02-01,1128.41,47629730.97
2016-02-02,1129.01,47755855.61
2016-02-03,1142.63,48077499.21
2016-02-04,1155.59,48230559.58
2016-02-05,1173.4,48476824.51
2016-02-08,1189.23,48735674.07
2016-02-09,1189.13,48726602.74
2016-02-10,1197.12,49000966.48
2016-02-11,1246.7,49206571.25
2016-02-12,1237.97,49693653.1
2016-02-15,1209.3,49693634.05
2016-02-16,1200.44,50074213.11
2016-02-17,1208.5,50382892.41
2016-02-18,1230.87,50553441.42
2016-02-19,1226.8,51369826.68
2016-02-22,1208.63,52202690.93
2016-02-23,1226.85,52272114.26
2016-02-24,1228.75,52596118.95
2016-02-25,1232.91,52729809.09
2016-02-26,1223.46,53009887.82
2016-02-29,1238.67,53652848.63
2016-03-01,1232.15,54057472.19
2016-03-02,1239.98,54081588.57
2016-03-03,1264.25,54336513.58
2016-03-04,1258.95,54430006.41
2016-03-07,1267.33,54472952.34
2016-03-08,1261.44,54441676.16
2016-03-09,1253.23,54575700.03
2016-03-10,1272.25,54862479.29
2016-03-11,1249.45,54940957.05
2016-03-14,1235.27,54779916.26
2016-03-15,1232.38,54832994.52
2016-03-16,1262.57,54953003.24
2016-03-17,1257.97,55064113.06
2016-03-18,1255.4,55768873.1
2016-03-21,1243.75,55600362.59
2016-03-22,1248.32,55928333.85
2016-03-23,1220.11,55987570.01
2016-03-24,1216.82,56063441.23
2016-03-25,1217.05,56063438.03
2016-03-28,1221.71,56102607.33
2016-03-29,1242.2,55795872.24
2016-03-30,1225.02,55851838.05
2016-03-31,1232.75,55957738.7
2016-04-01,1222.6,56024298.51
2016-04-04,1215.43,55986344.79
2016-04-05,1231.35,55773557.89
2016-04-06,1222.47,55953065.96
2016-04-07,1240.45,56082381.87
2016-04-08,1240.69,56061458.79
2016-04-11,1257.88,56088896.17
2016-04-12,1255.63,56146773.46
2016-04-13,1242.47,56024013.71
2016-04-14,1227.89,55970025.96
2016-04-15,1233.99,56143773.52
2016-04-18,1232.49,56146310.1
2016-04-19,1250.19,55872359.06
2016-04-20,1244.25,56041021.03
2016-04-21,1248.05,56053742.35
2016-04-22,1233.03,56124559.12
2016-04-25,1237.97,56087483.96
2016-04-26,1243.4,56120396.44
2016-04-27,1245.83,56172465.45
2016-04-28,1266.26,56231708.23
2016-04-29,1293.53,55983756.94
2016-05-02,1291.55,56992246.65
2016-05-03,1286.5,56813912.94
2016-05-04,1279.68,56945468.94
2016-05-05,1277.74,57081964.94
2016-05-06,1288.99,57597800.07
2016-05-09,1263.88,57730398.06
2016-05-10,1265.84,57833118.19
2016-05-11,1277.21,57974879.18
2016-05-12,1263.68,58093555.88
2016-05-13,1273.45,58385255.9
2016-05-16,1274.16,58409809.47
2016-05-17,1278.95,58540213.87
2016-05-18,1258.5,58603246.6
2016-05-19,1254.75,58798246.27
2016-05-20,1251.98,59138618.22
2016-05-23,1249.13,59301067.1
2016-05-24,1227.21,59178358.45
2016-05-25,1224.41,59172573.27
2016-05-26,1219.8,59252909.72
2016-05-27,1212.38,59187417.65
2016-05-30,1204.95,59187406.13
2016-05-31,1215.32,59296438.24
2016-06-01,1212.98,59444991.58
2016-06-02,1211.0,59647219.42
2016-06-03,1244.2,59855652.14
2016-06-06,1245.34,59947953.64
2016-06-07,1243.81,59991631.77
2016-06-08,1262.8,60014332.58
2016-06-09,1269.8,60201841.19
2016-06-10,1274.24,60413537.16
2016-06-13,1283.86,60510790.79
2016-06-14,1285.72,60660430.34
2016-06-15,1291.75,60772548.05
2016-06-16,1278.43,60951475.9
2016-06-17,1298.65,61255746.47
2016-06-20,1289.9,61373244.66
2016-06-21,1268.12,61628092.58
2016-06-22,1266.22,61603603.47
2016-06-23,1256.84,61614824.49
2016-06-24,1315.75,62179010.63
2016-06-27,1324.6,62584513.9
2016-06-28,1311.79,62824737.53
2016-06-29,1319.15,63164416.2
2016-06-30,1321.9,63356439.86
2016-07-01,1341.35,63590713.49
2016-07-04,1350.79,63590674.66
2016-07-05,1356.45,64816967.12
2016-07-06,1363.78,64953383.69
2016-07-07,1360.45,64826955.75
2016-07-08,1366.33,65138831.25
2016-07-11,1355.4,65441058.25
2016-07-12,1333.1,65100106.52
2016-07-13,1342.64,65151958.4
2016-07-14,1335.23,65083459.28
2016-07-15,1337.45,65133059.85
2016-07-18,1328.85,64875302.46
2016-07-19,1332.01,65258766.89
2016-07-20,1316.06,65272731.48
2016-07-21,1331.43,65240151.12
2016-07-22,1322.73,65308066.51
2016-07-25,1315.6,65190548.31
2016-07-26,1320.26,65055690.33
2016-07-27,1340.08,65158207.66
2016-07-28,1335.75,65290273.0
2016-07-29,1351.28,65507291.0
2016-08-01,1353.15,65812430.7
2016-08-02,1363.57,66058242.86
2016-08-03,1358.18,66121511.19
2016-08-04,1361.15,66344834.69
2016-08-05,1336.0,66676263.05
2016-08-08,1335.31,66568387.08
2016-08-09,1340.73,66573879.24
2016-08-10,1346.61,66711012.19
2016-08-11,1338.78,66425433.32
2016-08-12,1335.97,66449398.51
2016-08-15,1339.4,66471906.46
2016-08-16,1346.24,66632870.84
2016-08-17,1348.73,66508082.9
2016-08-18,1352.36,66488222.41
2016-08-19,1341.47,66516170.97
2016-08-22,1339.09,66643351.12
2016-08-23,1337.56,66637578.76
2016-08-24,1324.13,66677094.99
2016-08-25,1321.97,66746938.37
2016-08-26,1321.18,66700726.63
2016-08-29,1323.38,66712460.97
2016-08-30,1311.11,66713673.25
2016-08-31,1308.97,66335856.64
2016-09-01,1313.89,66231651.07
2016-09-02,1325.21,66252023.65
2016-09-05,1327.08,66251972.05
2016-09-06,1350.0,66694888.72
2016-09-07,1345.18,66731548.39
2016-09-08,1338.3,66728792.45
2016-09-09,1327.83,66542212.56
2016-09-12,1327.82,66559032.82
2016-09-13,1319.05,66508676.87
2016-09-14,1322.94,66542801.32
2016-09-15,1314.75,66499868.83
2016-09-16,1310.35,66884151.91
2016-09-19,1313.19,66460580.16
2016-09-20,1314.84,66747552.0
2016-09-21,1335.17,66921188.95
2016-09-22,1337.07,66809108.16
2016-09-23,1337.56,67155549.5
2016-09-26,1337.95,67240945.87
2016-09-27,1327.32,67411686.76
2016-09-28,1321.54,67483401.59
2016-09-29,1320.37,67455382.79
2016-09-30,1315.87,67488985.85
2016-10-03,1311.6,67523852.55
2016-10-04,1268.44,67653329.53
2016-10-05,1266.85,67752652.36
2016-10-06,1254.38,67758624.25
2016-10-07,1257.08,68052894.77
2016-10-10,1259.65,67709317.04
2016-10-11,1252.8,68092783.35
2016-10-12,1255.25,68275203.13
2016-10-13,1258.09,68337615.77
2016-10-14,1251.03,68371163.29
2016-10-17,1255.85,68473455.63
2016-10-18,1262.5,68483059.69
2016-10-19,1269.23,68554656.08
2016-10-20,1265.76,68729508.96
2016-10-21,1266.46,68169240.34
2016-10-24,1264.44,68208525.21
2016-10-25,1273.87,68351754.54
2016-10-26,1267.1,67965886.88
2016-10-27,1268.4,68094418.26
2016-10-28,1275.47,68094783.49
2016-10-31,1277.21,68126831.76
2016-11-01,1288.2,68209579.38
2016-11-02,1296.81,68209238.69
2016-11-03,1302.7,67994601.62
2016-11-04,1305.06,68286081.28
2016-11-07,1281.64,68561197.4
2016-11-08,1275.68,68577705.61
2016-11-09,1277.98,68702403.98
2016-11-10,1259.2,68183960.3
2016-11-11,1227.64,67667171.17
2016-11-14,1221.35,67439325.2
2016-11-15,1228.73,67005554.0
2016-11-16,1224.99,66852390.68
2016-11-17,1216.42,66573714.98
2016-11-18,1207.89,66313590.24
2016-11-21,1214.23,65999467.17
2016-11-22,1212.32,65739711.36
2016-11-23,1188.32,64935074.47
2016-11-24,1181.67,65288702.42
2016-11-25,1183.56,65001210.2
2016-11-28,1194.0,64766218.16
2016-11-29,1188.31,64606081.51
2016-11-30,1173.2,64463644.15
2016-12-01,1171.69,63869606.72
2016-12-02,1177.43,63798938.2
2016-12-05,1170.38,63635890.37
2016-12-06,1169.85,63560630.5
2016-12-07,1173.98,63248797.57
2016-12-08,1170.78,63135221.38
2016-12-09,1159.86,62989505.15
2016-12-12,1162.22,62873044.88
2016-12-13,1158.54,62838116.77
2016-12-14,1142.95,62437937.01
2016-12-15,1128.5,62050009.75
2016-12-16,1134.88,61805481.42
2016-12-19,1138.21,61500645.3
2016-12-20,1132.35,61445789.08
2016-12-21,1131.61,61284945.54
2016-12-22,1128.38,61157364.79
2016-12-23,1133.3,60802571.26
2016-12-26,,61148352.32
2016-12-27,1138.78,61114420.95
2016-12-28,1141.67,61109141.86
2016-12-29,1158.19,61150225.39
2016-12-30,1147.5,61005052.44
2017-01-02,,60747009.07
2017-01-03,1158.84,60626057.07
2017-01-04,1163.65,60952597.55
2017-01-05,1180.12,60975285.6
2017-01-06,1172.63,61072565.5
2017-01-09,1181.1,60548753.07
2017-01-10,1187.88,60962377.19
2017-01-11,1191.62,61023001.82
2017-01-12,1195.43,61066028.96
2017-01-13,1197.34,61147261.69
2017-01-16,1202.73,61179178.02
2017-01-17,1217.07,61383510.51
2017-01-18,1204.3,61551298.02
2017-01-19,1204.85,61731302.86
2017-01-20,1210.32,61841375.16
2017-01-23,1218.23,61819802.56
2017-01-24,1208.94,61732110.06
2017-01-25,1200.69,61620389.33
2017-01-26,1188.5,61615979.81
2017-01-27,1191.2,61569099.88
2017-01-30,1195.7,61575280.25
2017-01-31,1210.72,61695732.21
2017-02-01,1209.84,62073201.45
2017-02-02,1215.96,62133833.48
2017-02-03,1220.3,62281140.89
2017-02-06,1235.53,62468430.26
2017-02-07,1233.85,62825037.8
2017-02-08,1241.53,63193249.83
2017-02-09,1228.36,63552942.18
2017-02-10,1233.62,63803306.29
2017-02-13,1225.26,64002798.45
2017-02-14,1228.13,64014186.11
2017-02-15,1233.7,64192055.63
2017-02-16,1239.04,64263643.35
2017-02-17,1234.6,64113095.16
2017-02-20,1238.47,64112470.34
2017-02-21,1235.74,64276050.77
2017-02-22,1237.44,64380119.17
2017-02-23,1249.56,64510878.92
2017-02-24,1257.19,64559659.84
2017-02-27,1252.73,64555875.67
2017-02-28,1248.44,64632503.57
2017-03-01,1249.69,64731026.55
2017-03-02,1234.25,64813762.46
2017-03-03,1234.81,64506630.12
2017-03-06,1225.29,64268457.75
2017-03-07,1215.86,64250833.61
2017-03-08,1208.31,64246389.31
2017-03-09,1201.24,64151921.67
2017-03-10,1204.64,63829889.97
2017-03-13,1204.3,64043098.05
2017-03-14,1199.12,64110902.03
2017-03-15,1219.88,64269509.79
2017-03-16,1226.61,64235130.24
2017-03-17,1229.26,64152666.83
2017-03-20,1234.24,63774725.13
2017-03-21,1244.81,64350082.03
2017-03-22,1248.84,64451697.39
2017-03-23,1245.2,64575532.93
2017-03-24,1243.57,64593477.26
2017-03-27,1254.86,64792353.94
2017-03-28,1251.82,64829917.14
2017-03-29,1253.45,64840025.48
2017-03-30,1242.64,64793285.97
2017-03-31,1249.2,64834789.82
2017-04-03,1253.5,64967092.2
2017-04-04,1256.28,64960860.4
2017-04-05,1255.76,64971912.18
2017-04-06,1251.7,64833327.7
2017-04-07,1254.53,64910260.68
2017-04-10,1254.68,64990275.77
2017-04-11,1274.86,65130987.45
2017-04-12,1286.78,65139015.83
2017-04-13,1287.92,65422680.06
2017-04-14,1285.69,65428903.14
2017-04-17,1284.71,65472305.78
2017-04-18,1289.76,65504126.12
2017-04-19,1280.21,65944481.52
2017-04-20,1281.9,65768989.64
2017-04-21,1284.44,65901385.92
2017-04-24,1276.31,65884789.48
2017-04-25,1264.13,65742513.3
2017-04-26,1269.22,65729814.24
2017-04-27,1264.3,65690994.03
2017-04-28,1268.28,65653628.06
2017-05-01,1256.58,65509078.56
2017-05-02,1256.76,65573210.56
2017-05-03,1238.17,65217333.38
2017-05-04,1228.16,65282053.38
2017-05-05,1228.01,65232245.38
2017-05-08,1226.23,65602016.33
2017-05-09,1221.23,65602348.04
2017-05-10,1219.1,65548863.83
2017-05-11,1225.04,65569708.41
2017-05-12,1228.43,65591376.19
2017-05-15,1230.82,65572315.61
2017-05-16,1237.24,65634119.42
2017-05-17,1261.36,65652859.23
2017-05-18,1247.07,65703167.05
2017-05-19,1255.93,65701481.96
2017-05-22,1260.63,65852814.26
2017-05-23,1251.22,65714850.18
2017-05-24,1258.73,65799861.93
2017-05-25,1255.67,65747825.91
2017-05-26,1266.76,65762653.67
2017-05-29,1268.1,65762642.24
2017-05-30,1263.09,65769549.14
2017-05-31,1268.92,65908046.55
2017-06-01,1265.96,65920705.8
2017-06-02,1279.17,65982785.7
2017-06-05,1279.8,66093712.86
2017-06-06,1294.39,66118316.52
2017-06-07,1287.15,66587496.5
2017-06-08,1278.01,66696340.12
2017-06-09,1266.76,66692399.54
2017-06-12,1266.18,66683186.48
2017-06-13,1266.55,66723798.92
2017-06-14,1260.86,66722218.13
2017-06-15,1253.98,66317829.67
2017-06-16,1253.73,66286258.3
2017-06-19,1243.84,66265477.35
2017-06-20,1243.01,66246041.14
2017-06-21,1246.48,66296996.42
2017-06-22,1250.51,66292680.87
2017-06-23,1256.71,66308188.95
2017-06-26,1244.72,66286936.59
2017-06-27,1247.17,66406924.04
2017-06-28,1249.27,66468392.29
2017-06-29,1245.51,66390364.29
2017-06-30,1241.61,66669142.9
2017-07-03,1220.2,66308320.4
2017-07-04,1223.42,66308315.97
2017-07-05,1227.04,66048312.36
2017-07-06,1225.22,66101619.76
2017-07-07,1212.46,65926079.89
2017-07-10,1214.36,65817466.89
2017-07-11,1217.72,65816934.82
2017-07-12,1220.51,65847170.28
2017-07-13,1217.58,65893787.52
2017-07-14,1228.7,65636015.81
2017-07-17,1234.11,65286223.6
2017-07-18,1242.47,65510047.87
2017-07-19,1241.25,65234839.22
2017-07-20,1244.49,65308350.69
2017-07-21,1254.98,65223507.35
2017-07-24,1255.3,65108330.29
2017-07-25,1250.06,64878882.35
2017-07-26,1260.53,64703565.81
2017-07-27,1259.15,64608190.4
2017-07-28,1269.64,64505217.25
2017-07-31,1269.44,65113429.43
2017-08-01,1268.76,65173587.75
2017-08-02,1266.65,65155619.09
2017-08-03,1268.6,65135242.79
2017-08-04,1258.88,64998110.53
2017-08-07,1257.85,65016845.58
2017-08-08,1260.96,65006725.55
2017-08-09,1277.3,65023796.71
2017-08-10,1286.53,65081005.74
2017-08-11,1289.31,64746455.47
2017-08-14,1282.15,65313656.31
2017-08-15,1271.53,65359060.33
2017-08-16,1283.11,65563083.59
2017-08-17,1288.15,65592008.28
2017-08-18,1284.13,65685571.22
2017-08-21,1291.88,65714250.47
2017-08-22,1285.08,65737397.94
2017-08-23,1290.96,65730322.8
2017-08-24,1286.4,65749202.76
2017-08-25,1291.35,65931650.54
2017-08-28,1310.13,66261318.66
2017-08-29,1309.23,66374947.99
2017-08-30,1308.6,66313712.38
2017-08-31,1321.43,66413342.32
2017-09-01,1325.23,66942182.51
2017-09-04,1333.87,66942970.05
2017-09-05,1339.71,67248181.18
2017-09-06,1334.22,67278929.1
2017-09-07,1349.22,67251413.11
2017-09-08,1346.59,67322832.94
2017-09-11,1327.54,67375851.62
2017-09-12,1331.81,67510321.46
2017-09-13,1322.37,67552814.45
2017-09-14,1329.74,67538976.56
2017-09-15,1320.18,67495925.04
2017-09-18,1307.44,67143689.46
2017-09-19,1311.15,67553171.88
2017-09-20,1301.1,67595176.34
2017-09-21,1291.2,67773235.8
2017-09-22,1297.3,67827335.22
2017-09-25,1310.78,67756914.6
2017-09-26,1293.98,68042262.84
2017-09-27,1282.78,68071150.67
2017-09-28,1287.3,68063482.02
2017-09-29,1279.75,68125789.53
2017-10-02,1271.13,67973928.2
2017-10-03,1271.66,67839080.33
2017-10-04,1274.85,67872376.05
2017-10-05,1268.22,67804398.38
2017-10-06,1276.68,67881845.46
2017-10-09,1284.05,67673680.89
2017-10-10,1288.03,68037189.48
2017-10-11,1291.72,68065443.6
2017-10-12,1293.72,68157640.33
2017-10-13,1303.82,67973402.52
2017-10-16,1295.79,68020462.67
2017-10-17,1285.12,68054590.5
2017-10-18,1281.08,68096619.66
2017-10-19,1290.13,68154907.88
2017-10-20,1280.47,68268328.16
2017-10-23,1282.27,68251972.07
2017-10-24,1276.58,68299447.75
2017-10-25,1277.53,68317617.92
2017-10-26,1266.99,68255188.19
2017-10-27,1273.35,68137777.36
2017-10-30,1276.29,68070812.08
2017-10-31,1271.45,68106368.61
2017-11-01,1274.66,68185663.58
2017-11-02,1276.13,68083837.29
2017-11-03,1269.91,67740868.5
2017-11-06,1281.95,68109245.78
2017-11-07,1275.3,68057453.48
2017-11-08,1281.36,68047769.41
2017-11-09,1285.07,68050772.44
2017-11-10,1275.07,68173512.64
2017-11-13,1278.31,68202230.82
2017-11-14,1280.25,68329913.36
2017-11-15,1278.14,68380376.4
2017-11-16,1278.58,68346519.51
2017-11-17,1292.42,68368557.03
2017-11-20,1276.92,68377492.7
2017-11-21,1280.61,68391351.56
2017-11-22,1292.12,68406269.66
2017-11-23,1291.47,68034131.6
2017-11-24,1288.37,68471332.53
2017-11-27,1294.52,68490759.28
2017-11-28,1293.98,68383275.39
2017-11-29,1283.64,68525577.67
2017-11-30,1275.01,68507080.32
2017-12-01,1280.62,68918736.39
2017-12-04,1276.18,68868354.93
2017-12-05,1265.77,68840397.63
2017-12-06,1263.37,68846291.51
2017-12-07,1247.22,68725943.82
2017-12-08,1248.49,68720169.76
2017-12-11,1242.02,68668322.85
2017-12-12,1244.49,68674103.88
2017-12-13,1255.5,68681050.14
2017-12-14,1252.96,68703452.79
2017-12-15,1256.44,68740248.6
2017-12-18,1262.26,68543360.06
2017-12-19,1261.7,68453383.53
2017-12-20,1265.57,68426207.57
2017-12-21,1266.6,68410658.4
2017-12-22,1274.16,68459342.86
2017-12-25,,68458190.76
2017-12-26,1283.1,68458186.44
2017-12-27,1287.18,68468523.27
2017-12-28,1295.04,68474281.93
2017-12-29,1302.8,68495917.43
2018-01-01,,68136609.47
2018-01-02,1317.56,68136421.18
2018-01-03,1313.21,68177117.24
2018-01-04,1323.01,68611729.77
2018-01-05,1319.59,68609300.17
2018-01-08,1320.4,68308371.4
2018-01-09,1312.85,68637277.08
2018-01-10,1316.89,68528779.54
2018-01-11,1322.44,68531025.93
2018-01-12,1337.64,68538613.1
2018-01-15,1339.99,68526723.4
2018-01-16,1338.41,68611070.33
2018-01-17,1326.84,68632014.08
2018-01-18,1327.03,69073011.04
2018-01-19,1331.84,69323738.52
2018-01-22,1333.92,69358826.24
2018-01-23,1341.21,69484116.09
2018-01-24,1358.46,69511353.67
2018-01-25,1348.26,69467848.29
2018-01-26,1349.12,69507268.4
2018-01-29,1340.33,69558300.53
2018-01-30,1338.59,69572676.46
2018-01-31,1345.14,69471205.26
2018-02-01,1348.79,69507041.38
2018-02-02,1333.39,69488064.02
2018-02-05,1339.67,69415482.56
2018-02-06,1324.16,69176825.93
2018-02-07,1318.39,69083015.49
2018-02-08,1318.76,69013500.77
2018-02-09,1316.65,68804477.45
2018-02-12,1322.7,68408674.34
2018-02-13,1329.55,68989698.36
2018-02-14,1350.73,69028965.0
2018-02-15,1353.67,68903907.98
2018-02-16,1346.96,69071826.28
2018-02-19,1346.46,69071730.66
2018-02-20,1329.19,69159184.27
2018-02-21,1324.63,69163672.74
2018-02-22,1332.05,69151406.78
2018-02-23,1328.71,69203495.99
2018-02-26,1333.68,69267072.89
2018-02-27,1318.36,69281462.52
2018-02-28,1318.31,69272661.69
2018-03-01,1317.03,69335779.25
2018-03-02,1322.75,69266353.42
2018-03-05,1320.11,69269727.04
2018-03-06,1334.56,69212382.8
2018-03-07,1325.57,69210975.9
2018-03-08,1321.99,69227448.23
2018-03-09,1323.93,69203625.01
2018-03-12,1323.1,69171155.59
2018-03-13,1326.51,69140737.91
2018-03-14,1324.85,69144135.78
2018-03-15,1316.1,69329612.48
2018-03-16,1314.24,69430953.04
2018-03-19,1316.85,69890352.7
2018-03-20,1311.31,69883337.97
2018-03-21,1332.24,69498356.26
2018-03-22,1329.03,69918765.56
2018-03-23,1347.33,69955027.66
2018-03-26,1353.5,69872993.8
2018-03-27,1345.05,69904150.25
2018-03-28,1325.01,69908867.09
2018-03-29,1325.5,69905507.33
2018-03-30,1325.48,69906213.51
2018-04-02,1341.29,70103512.25
2018-04-03,1332.74,70109613.27
2018-04-04,1333.19,70180794.28
2018-04-05,1326.57,70296949.11
2018-04-06,1333.03,70524468.29
2018-04-09,1336.35,70635668.68
2018-04-10,1339.64,70686651.1
2018-04-11,1353.38,70767851.1
2018-04-12,1334.94,71000072.23
2018-04-13,1346.2,71049715.31
2018-04-16,1345.93,71073620.61
2018-04-17,1347.52,71139940.73
2018-04-18,1349.41,71229986.65
2018-04-19,1345.53,71342893.58
2018-04-20,1336.36,71595336.09
2018-04-23,1324.83,71581242.47
2018-04-24,1330.35,71677711.51
2018-04-25,1323.13,71700838.7
2018-04-26,1316.8,71858278.71
2018-04-27,1324.0,71888168.67
2018-04-30,1315.39,71857905.73
2018-05-01,1303.85,71675142.81
2018-05-02,1304.96,71636354.97
2018-05-03,1312.06,71576026.06
2018-05-04,1314.5,71530573.58
2018-05-07,1314.21,71543996.88
2018-05-08,1314.63,71543452.32
2018-05-09,1312.72,71551027.39
2018-05-10,1321.6,71644028.28
2018-05-11,1319.3,71636169.58
2018-05-14,1313.5,71752535.53
2018-05-15,1290.53,71930302.17
2018-05-16,1290.73,71921007.98
2018-05-17,1290.79,72002179.59
2018-05-18,1293.04,71963268.2
2018-05-21,1292.6,71853428.62
2018-05-22,1291.14,71805718.28
2018-05-23,1293.41,71736292.03
2018-05-24,1304.63,71696588.51
2018-05-25,1302.25,71681641.68
2018-05-28,1299.04,71676928.83
2018-05-29,1298.77,71785184.56
2018-05-30,1301.38,71793784.34
2018-05-31,1298.51,71664245.92
2018-06-01,1293.4,71477949.09
2018-06-04,1292.02,71525362.08
2018-06-05,1296.4,71474541.49
2018-06-06,1296.4,71424747.78
2018-06-07,1297.18,71305352.0
2018-06-08,1298.17,71112439.55
2018-06-11,1300.49,71026051.06
2018-06-12,1295.97,71041259.73
2018-06-13,1299.31,71053079.26
2018-06-14,1302.25,71068990.67
2018-06-15,1278.94,70983436.41
2018-06-18,1278.32,70918485.49
2018-06-19,1274.66,70942116.55
2018-06-20,1267.86,70939896.86
2018-06-21,1267.19,70762756.4
2018-06-22,1270.56,70730087.89
2018-06-25,1265.64,70615076.55
2018-06-26,1259.04,70713444.06
2018-06-27,1252.35,70574040.27
2018-06-28,1248.25,70477054.27
2018-06-29,1252.6,70336095.89
2018-07-02,1242.04,70012832.67
2018-07-03,1252.73,69828342.97
2018-07-04,1254.99,69587834.13
2018-07-05,1257.91,70090886.49
2018-07-06,1255.48,69932345.01
2018-07-09,1257.68,70018285.93
2018-07-10,1255.54,69939393.48
2018-07-11,1241.96,69923463.44
2018-07-12,1247.39,69741230.63
2018-07-13,1244.32,69648304.84
2018-07-16,1240.93,69643646.09
2018-07-17,1227.54,69488875.96
2018-07-18,1227.51,69477221.1
2018-07-19,1222.97,69486947.11
2018-07-20,1229.53,69443016.0
2018-07-23,1224.5,69614611.27
2018-07-24,1224.52,69583079.9
2018-07-25,1231.63,69630922.35
2018-07-26,1222.69,69216594.43
2018-07-27,1224.22,69349313.9
2018-07-30,1221.45,69403358.27
2018-07-31,1224.15,69399468.66
2018-08-01,1215.96,69239778.75
2018-08-02,1207.83,69248087.15
2018-08-03,1214.9,69102115.7
2018-08-06,1207.64,68894359.63
2018-08-07,1210.97,68813665.68
2018-08-08,1213.88,68766617.71
2018-08-09,1212.47,68736870.23
2018-08-10,1210.57,68767064.07
2018-08-13,1193.5,68650392.73
2018-08-14,1194.09,68384481.81
2018-08-15,1174.85,68353014.13
2018-08-16,1174.16,68222597.45
2018-08-17,1184.25,68194753.89
2018-08-20,1190.48,68218610.15
2018-08-21,1195.99,68085823.75
2018-08-22,1195.8,68128664.89
2018-08-23,1185.56,68142310.61
2018-08-24,1205.35,68114449.14
2018-08-27,1211.38,68085334.59
2018-08-28,1201.0,67940795.19
2018-08-29,1206.6,68160350.51
2018-08-30,1199.98,68034623.86
2018-08-31,1201.15,68011628.49
2018-09-03,1201.27,68012026.2
2018-09-04,1191.52,67828312.84
2018-09-05,1196.73,67874247.68
2018-09-06,1199.98,67873700.61
2018-09-07,1196.93,67811378.09
2018-09-10,1195.88,67793588.02
2018-09-11,1198.59,67702882.3
2018-09-12,1206.24,67728701.16
2018-09-13,1201.47,67667878.1
2018-09-14,1194.85,67708983.11
2018-09-17,1201.46,67618439.93
2018-09-18,1198.36,67648671.97
2018-09-19,1204.04,67709577.65
2018-09-20,1207.18,67625471.21
2018-09-21,1200.04,67747463.56
2018-09-24,1199.03,67716808.36
2018-09-25,1201.22,67769212.58
2018-09-26,1194.44,67557414.75
2018-09-27,1182.83,67561975.92
2018-09-28,1190.88,67569537.48
2018-10-01,1188.99,67408362.59
2018-10-02,1203.32,67282059.48
2018-10-03,1197.35,67087804.6
2018-10-04,1199.92,67118509.77
2018-10-05,1203.63,67064937.11
2018-10-08,1188.08,67063056.55
2018-10-09,1189.77,67121949.54
2018-10-10,1194.79,67358238.67
2018-10-11,1224.09,67341954.68
2018-10-12,1217.05,67586998.64
2018-10-15,1227.06,67699852.29
2018-10-16,1224.95,67744939.6
2018-10-17,1222.29,67887442.61
2018-10-18,1225.81,67950750.98
2018-10-19,1226.49,67873832.41
2018-10-22,1222.1,67949406.79
2018-10-23,1230.3,67934365.75
2018-10-24,1233.79,68060564.43
2018-10-25,1232.17,68044074.82
2018-10-26,1233.53,68039899.03
2018-10-29,1229.42,68261871.53
2018-10-30,1222.93,68324423.47
2018-10-31,1214.76,68315302.68
2018-11-01,1233.43,68537703.1
2018-11-02,1232.89,68465434.45
2018-11-05,1231.49,68566163.01
2018-11-06,1227.19,68647874.33
2018-11-07,1226.49,68535398.93
2018-11-08,1224.0,68566905.66
2018-11-09,1209.65,68530793.08
2018-11-12,1200.37,68708453.51
2018-11-13,1202.23,68619192.19
2018-11-14,1210.88,68645463.66
2018-11-15,1213.36,68678341.98
2018-11-16,1223.36,68662607.62
2018-11-19,1224.17,68735908.3
2018-11-20,1221.66,68751408.76
2018-11-21,1226.04,68828633.41
2018-11-22,1228.64,68842766.89
2018-11-23,1223.05,68794505.93
2018-11-26,1222.4,68905737.95
2018-11-27,1215.05,68921008.61
2018-11-28,1221.23,68917018.48
2018-11-29,1224.21,68888872.44
2018-11-30,1220.52,68897485.12
2018-12-03,1230.67,68744994.12
2018-12-04,1238.54,68758945.62
2018-12-05,1237.29,68768472.39
2018-12-06,1237.78,68481206.77
2018-12-07,1249.31,68609052.34
2018-12-10,1244.46,68814254.5
2018-12-11,1243.25,69006972.8
2018-12-12,1245.66,69240461.31
2018-12-13,1241.99,69448078.38
2018-12-14,1239.02,69572631.53
2018-12-17,1245.85,69593424.62
2018-12-18,1249.42,69938040.87
2018-12-19,1243.08,69983082.41
2018-12-20,1259.86,70003501.74
2018-12-21,1256.94,70338015.59
2018-12-24,1269.22,70485136.14
2018-12-25,1268.54,70508219.35
2018-12-26,1267.14,71170275.82
2018-12-27,1275.71,71200598.64
2018-12-28,1280.71,71229809.43
2018-12-31,1282.49,71295783.51
2019-01-01,1282.6,71331791.5
2019-01-02,1284.59,71652382.39
2019-01-03,1294.28,71731662.21
2019-01-04,1286.05,71936375.98
2019-01-07,1289.21,71987901.95
2019-01-08,1285.39,72036676.87
2019-01-09,1293.56,72063352.23
2019-01-10,1286.65,72083692.17
2019-01-11,1290.25,72102830.67
2019-01-14,1291.72,72128812.88
2019-01-15,1289.51,72195594.56
2019-01-16,1293.67,72242476.11
2019-01-17,1292.05,72270132.3
2019-01-18,1282.11,72737852.97
2019-01-21,1280.47,72650762.26
2019-01-22,1285.22,72656925.94
2019-01-23,1282.72,72654729.26
2019-01-24,1281.21,72747621.27
2019-01-25,1305.25,72819940.6
2019-01-28,1303.36,73028292.75
2019-01-29,1311.79,73324317.56
2019-01-30,1319.91,73382383.25
2019-01-31,1321.25,73643214.54
2019-02-01,1317.98,73485441.67
2019-02-04,1312.25,73392161.43
2019-02-05,1315.32,73414248.11
2019-02-06,1306.6,73364507.11
2019-02-07,1310.11,73117477.38
2019-02-08,1314.29,73042750.98
2019-02-11,1308.12,73072488.37
2019-02-12,1310.8,73025064.39
2019-02-13,1306.27,73050867.52
2019-02-14,1312.57,73059503.83
2019-02-15,1322.49,72926146.49
2019-02-18,1326.89,72965716.21
2019-02-19,1340.94,72973368.35
2019-02-20,1338.44,72991523.0
2019-02-21,1323.63,72982866.44
2019-02-22,1329.4,73006084.36
2019-02-25,1327.58,72852378.25
2019-02-26,1328.96,72883408.4
2019-02-27,1319.86,72884414.37
2019-02-28,1313.32,72606804.76
2019-03-01,1293.44,72236075.74
2019-03-04,1286.74,72142552.9
2019-03-05,1288.01,72059216.41
2019-03-06,1286.36,71976951.72
2019-03-07,1285.61,71901370.6
2019-03-08,1298.3,71676210.54
2019-03-11,1293.35,71801565.83
2019-03-12,1301.58,71922614.92
2019-03-13,1309.12,71908582.71
2019-03-14,1296.17,71929235.59
2019-03-15,1302.4,72009974.01
2019-03-18,1303.71,72308291.27
2019-03-19,1306.56,72231452.08
2019-03-20,1312.53,72247035.13
2019-03-21,1309.36,72269550.06
2019-03-22,1313.68,72329171.74
2019-03-25,1321.9,72326155.95
2019-03-26,1315.71,72511329.08
2019-03-27,1309.55,72508193.25
2019-03-28,1290.42,72525888.42
2019-03-29,1292.38,72532876.97
2019-04-01,1287.72,72155189.92
2019-04-02,1292.46,72003168.32
2019-04-03,1289.93,72111582.88
2019-04-04,1292.21,72165624.6
2019-04-05,1291.76,72159964.93
2019-04-08,1297.48,72174932.95
2019-04-09,1304.1,72084389.49
2019-04-10,1307.99,72016696.52
2019-04-11,1292.52,72118505.6
2019-04-12,1290.43,72162155.05
2019-04-15,1287.95,72036221.32
2019-04-16,1276.79,71971897.19
2019-04-17,1273.98,71975631.0
2019-04-18,1275.82,71591994.25
2019-04-19,1275.52,71589472.53
2019-04-22,1274.99,71603193.13
2019-04-23,1272.42,71451077.17
2019-04-24,1275.76,71410695.87
2019-04-25,1277.17,71267118.64
2019-04-26,1286.16,71038330.03
2019-04-29,1279.9,70956529.63
2019-04-30,1283.53,70927541.56
2019-05-01,1276.76,70977148.75
2019-05-02,1270.69,70916635.29
2019-05-03,1279.11,70678061.53
2019-05-06,1281.1,70575304.06
2019-05-07,1284.43,70508174.94
2019-05-08,1280.88,70448809.98
2019-05-09,1284.08,70453914.59
2019-05-10,1286.05,70321519.7
2019-05-13,1299.91,70514191.75
2019-05-14,1296.92,70556265.0
2019-05-15,1296.49,70473191.73
2019-05-16,1286.72,70498137.46
2019-05-17,1277.53,70643951.24
2019-05-20,1277.82,70634681.09
2019-05-21,1274.68,70739641.24
2019-05-22,1273.34,70692758.26
2019-05-23,1283.45,70707941.99
2019-05-24,1284.93,70552977.28
2019-05-27,1285.36,70602543.67
2019-05-28,1279.33,70540912.33
2019-05-29,1279.78,70673525.11
2019-05-30,1288.65,70651087.49
2019-05-31,1305.58,70760456.78
2019-06-03,1325.31,71381564.55
2019-06-04,1325.52,71673381.16
2019-06-05,1330.32,71975822.74
2019-06-06,1335.33,72027519.79
2019-06-07,1340.86,72559376.86
2019-06-10,1327.98,72600740.04
2019-06-11,1326.84,72595952.61
2019-06-12,1333.58,72885492.04
2019-06-13,1342.31,72954789.09
2019-06-14,1341.7,73079605.28
2019-06-17,1339.66,73087301.58
2019-06-18,1346.61,73113357.12
2019-06-19,1360.38,73193529.95
2019-06-20,1388.44,73368656.96
2019-06-21,1399.63,74379364.68
2019-06-24,1419.72,74577012.87
2019-06-25,1423.44,74595544.61
2019-06-26,1409.0,74670728.15
2019-06-27,1409.78,74739242.76
2019-06-28,1409.55,74945856.72
2019-07-01,1384.19,75066435.57
2019-07-02,1418.65,74952715.52
2019-07-03,1418.78,74934052.56
2019-07-04,1416.08,74995847.96
2019-07-05,1399.45,74878860.52
2019-07-08,1395.53,74911584.35
2019-07-09,1397.61,74845552.14
2019-07-10,1419.02,75040719.73
2019-07-11,1403.81,75064142.38
2019-07-12,1415.75,75101039.33
2019-07-15,1414.13,75104493.46
2019-07-16,1406.23,75136809.08
2019-07-17,1426.57,75374437.14
2019-07-18,1446.1,75857948.6
2019-07-19,1425.37,76085929.8
2019-07-22,1424.88,76247742.57
2019-07-23,1417.83,76248969.88
2019-07-24,1425.86,76220279.02
2019-07-25,1414.58,76038145.43
2019-07-26,1418.9,76038299.38
2019-07-29,1426.8,76324432.83
2019-07-30,1430.88,76481704.5
2019-07-31,1413.78,76545625.34
2019-08-01,1445.18,76748673.86
2019-08-02,1440.83,76890828.59
2019-08-05,1463.7,77333914.25
2019-08-06,1474.42,77452916.42
2019-08-07,1501.16,78006558.49
2019-08-08,1500.95,78178859.33
2019-08-09,1496.95,78274391.19
2019-08-12,1511.16,78556617.07
2019-08-13,1501.51,78180980.86
2019-08-14,1516.36,78474774.84
2019-08-15,1523.29,78594024.52
2019-08-16,1513.52,78676019.39
2019-08-19,1495.92,78756182.86
2019-08-20,1507.2,78847085.61
2019-08-21,1502.65,79072958.24
2019-08-22,1498.06,79119920.4
2019-08-23,1526.96,79236836.59
2019-08-26,1527.31,79213321.91
2019-08-27,1542.81,79713724.44
2019-08-28,1539.01,80021250.94
2019-08-29,1527.63,80081862.16
2019-08-30,1520.38,80116420.06
2019-09-02,1529.29,80149857.58
2019-09-03,1547.1,80500561.66
2019-09-04,1552.55,80634477.46
2019-09-05,1519.05,80528226.7
2019-09-06,1506.82,80669670.89
2019-09-09,1499.13,80535184.0
2019-09-10,1485.78,80507934.67
2019-09-11,1497.2,80412581.4
2019-09-12,1499.26,80257074.93
2019-09-13,1488.53,80055046.6
2019-09-16,1498.43,80151342.45
2019-09-17,1501.38,80339512.46
2019-09-18,1494.0,80491637.46
2019-09-19,1499.03,80583875.94
2019-09-20,1516.9,80960579.92
2019-09-23,1522.24,81468343.4
2019-09-24,1531.87,81416188.59
2019-09-25,1504.05,82145030.64
2019-09-26,1504.78,82279213.04
2019-09-27,1497.01,82361152.21
2019-09-30,1472.49,82443019.19
2019-10-01,1479.14,82488471.14
2019-10-02,1499.45,82644480.85
2019-10-03,1505.19,82692415.76
2019-10-04,1504.66,82750635.35
2019-10-07,1493.5,82892473.22
2019-10-08,1505.51,83069038.35
2019-10-09,1505.57,83283311.06
2019-10-10,1493.99,83322345.12
2019-10-11,1489.01,83422932.86
2019-10-14,1493.21,83443682.26
2019-10-15,1481.01,83373383.68
2019-10-16,1490.13,83366437.61
2019-10-17,1491.87,83384078.38
2019-10-18,1490.05,83624202.2
2019-10-21,1484.5,83602406.49
2019-10-22,1487.68,83362990.0
2019-10-23,1492.12,83335208.2
2019-10-24,1503.98,83348091.89
2019-10-25,1504.63,83471937.33
2019-10-28,1492.51,83509298.6
2019-10-29,1487.72,83507348.45
2019-10-30,1495.66,83587739.22
2019-10-31,1512.99,83613727.44
2019-11-01,1514.34,83628151.46
2019-11-04,1509.82,83666284.05
2019-11-05,1483.61,83776959.08
2019-11-06,1490.57,83687454.06
2019-11-07,1468.48,83619928.96
2019-11-08,1459.0,83189316.27
2019-11-11,1455.86,83122972.28
2019-11-12,1456.32,82756327.62
2019-11-13,1463.58,82330026.98
2019-11-14,1471.4,82101357.85
2019-11-15,1468.21,82151718.52
2019-11-18,1471.51,82197862.39
2019-11-19,1472.46,82382400.73
2019-11-20,1471.61,82471460.01
2019-11-21,1464.41,82303073.69
2019-11-22,1461.93,82216870.98
2019-11-25,1455.26,82367580.26
2019-11-26,1461.39,82372556.71
2019-11-27,1454.44,82411823.61
2019-11-28,1456.27,82409304.95
2019-11-29,1463.98,82488248.15
2019-12-02,1462.44,82272817.77
2019-12-03,1477.61,82214757.98
2019-12-04,1474.59,82246005.02
2019-12-05,1476.0,82240850.14
2019-12-06,1460.17,82211727.45
2019-12-09,1461.68,82221598.89
2019-12-10,1464.39,82274747.22
2019-12-11,1474.88,82211879.53
2019-12-12,1469.8,82197272.28
2019-12-13,1476.33,82259261.87
2019-12-16,1476.18,82346665.53
2019-12-17,1476.22,82286008.37
2019-12-18,1475.4,82425788.7
2019-12-19,1478.8,82418260.94
2019-12-20,1478.22,82472807.64
2019-12-23,1485.79,82522072.74
2019-12-24,1499.41,82634969.42
2019-12-25,1499.84,82623445.09
2019-12-26,1511.53,82736317.11
2019-12-27,1510.56,82756463.25
2019-12-30,1515.16,82845536.99
2019-12-31,1517.27,82914895.67
2020-01-01,1517.29,82914864.06
2020-01-02,1529.13,83021326.66
2020-01-03,1552.2,83069334.16
2020-01-06,1565.74,83033391.74
2020-01-07,1574.37,83306222.9
2020-01-08,1556.42,83097915.52
2020-01-09,1552.32,83010496.48
2020-01-10,1562.34,82738789.78
2020-01-13,1547.88,82603083.37
2020-01-14,1546.39,82555186.61
2020-01-15,1556.25,82730743.45
2020-01-16,1552.51,82550388.35
2020-01-17,1557.24,83523593.03
2020-01-20,1560.77,83568755.67
2020-01-21,1558.17,83570133.81
2020-01-22,1558.78,83709431.02
2020-01-23,1562.94,83872793.8
2020-01-24,1571.53,83899362.48
2020-01-27,1582.06,83984643.8
2020-01-28,1567.17,84282462.02
2020-01-29,1576.83,84544726.94
2020-01-30,1574.28,84653884.23
2020-01-31,1589.16,84713814.94
2020-02-03,1576.73,84768108.88
2020-02-04,1552.92,84981305.42
2020-02-05,1556.02,85030307.22
2020-02-06,1566.66,85145436.18
2020-02-07,1570.44,85171808.22
2020-02-10,1572.15,85213620.57
2020-02-11,1567.89,85396749.13
2020-02-12,1566.06,85418279.13
2020-02-13,1576.0,85452834.22
2020-02-14,1584.06,85616761.25
2020-02-17,1581.13,85623903.19
2020-02-18,1601.61,85880248.74
2020-02-19,1611.7,85959129.56
2020-02-20,1619.56,86053661.72
2020-02-21,1643.41,86144463.93
2020-02-24,1659.38,86152428.58
2020-02-25,1635.14,86503366.16
2020-02-26,1640.96,86466323.57
2020-02-27,1645.01,86607854.24
2020-02-28,1585.69,86889417.89
2020-03-02,1589.44,86760169.78
2020-03-03,1640.9,87320033.15
2020-03-04,1636.93,87440268.19
2020-03-05,1672.23,87620211.21
2020-03-06,1673.83,88443125.01
2020-03-09,1680.47,89173468.67
2020-03-10,1649.4,89609780.03
2020-03-11,1635.04,89586282.76
2020-03-12,1576.15,89663107.03
2020-03-13,1529.83,89144494.42
2020-03-16,1514.1,89024193.32
2020-03-17,1528.3,88878735.85
2020-03-18,1486.05,88520003.16
2020-03-19,1471.24,88335626.83
2020-03-20,1498.65,87661079.6
2020-03-23,1553.23,88020648.27
2020-03-24,1632.32,88404134.42
2020-03-25,1616.9,88895603.08
2020-03-26,1631.34,89064122.23
2020-03-27,1628.16,89724093.58
2020-03-30,1622.51,90248250.64
2020-03-31,1577.18,90538605.11
2020-04-01,1591.51,90698175.8
2020-04-02,1613.99,90847989.12
2020-04-03,1620.81,91235699.64
2020-04-06,1660.97,91484135.21
2020-04-07,1647.72,91714335.26
2020-04-08,1646.14,91977839.73
2020-04-09,1683.73,92442416.89
2020-04-10,1696.65,92458560.37
2020-04-13,1715.34,93013856.17
2020-04-14,1726.97,93677566.54
2020-04-15,1717.03,93942735.06
2020-04-16,1717.7,94015778.86
2020-04-17,1682.82,94149987.82
2020-04-20,1695.65,94511139.62
2020-04-21,1686.2,94649431.71
2020-04-22,1714.08,95117387.964
2020-04-23,1730.51,94658558.938
2020-04-24,1729.6,94968068.201
2020-04-27,1713.99,95143589.668
2020-04-28,1707.79,95181890.095
2020-04-29,1713.41,95582683.992
2020-04-30,1686.5,95667562.669
2020-05-01,1700.42,96098907.496
2020-05-04,1702.07,96406982.847
2020-05-05,1705.92,96645923.693
2020-05-06,1685.71,96815739.75
2020-05-07,1716.06,96850252.957
2020-05-08,1702.7,97135270.427
2020-05-11,1697.93,97177455.715
2020-05-12,1702.7,97382794.222
2020-05-13,1716.28,97725441.939
2020-05-14,1730.3,98215867.973
2020-05-15,1743.67,98638470.611
2020-05-18,1732.55,98887894.867
2020-05-19,1745.05,99009151.895
2020-05-20,1748.18,99125117.666
2020-05-21,1727.0,99279506.917
2020-05-22,1734.68,99515515.98
2020-05-25,1731.95,99597030.12
2020-05-26,1710.58,99728081.175
2020-05-27,1709.47,99859212.71
2020-05-28,1718.33,99915837.242
2020-05-29,1730.27,100156915.41
2020-06-01,1739.55,100370590.97
2020-06-02,1727.7,100485351.41
2020-06-03,1699.67,100673808.31
2020-06-04,1714.01,100605427.59
2020-06-05,1685.06,100400409.88
2020-06-08,1698.53,100294190.24
2020-06-09,1715.33,100279075.98
2020-06-10,1738.7,100465473.4
2020-06-11,1727.7,100585221.19
2020-06-12,1730.75,100703340.12
2020-06-15,1725.16,100874669.75
2020-06-16,1726.53,100922954.25
2020-06-17,1726.95,100950684.78
2020-06-18,1722.93,100893250.21
2020-06-19,1743.87,101853482.28
2020-06-22,1754.43,102038514.83
2020-06-23,1768.41,102153670.29
2020-06-24,1761.17,102587024.89
2020-06-25,1763.79,102586606.86
2020-06-26,1771.29,102767276.42
2020-06-29,1772.82,102840034.52
2020-06-30,1780.96,102981093.79
2020-07-01,1770.09,103132655.49
2020-07-02,1775.38,103536163.65
2020-07-03,1775.95,103592282.4
2020-07-06,1784.68,103644929.58
2020-07-07,1794.86,104047536.23
2020-07-08,1808.89,104251815.83
2020-07-09,1803.55,104361085.45
2020-07-10,1798.7,104393707.55
2020-07-13,1802.76,104592336.22
2020-07-14,1809.36,104794825.18
2020-07-15,1810.29,104851283.65
2020-07-16,1797.16,104961397.82
2020-07-17,1810.42,105074785.9
2020-07-20,1817.77,105392879.89
2020-07-21,1841.91,105858446.15
2020-07-22,1871.41,106242461.83
2020-07-23,1887.44,106581936.59
2020-07-24,1902.02,106843166.56
2020-07-27,1942.24,107212749.15
2020-07-28,1958.43,107775405.61
2020-07-29,1970.79,107822636.92
2020-07-30,1956.64,107959371.99
2020-07-31,1975.86,108000290.53
2020-08-03,1976.98,108298335.08
2020-08-04,2019.21,108621306.14
2020-08-05,2038.12,108904506.11
2020-08-06,2063.54,109030738.84
2020-08-07,2035.55,108928296.13
2020-08-10,2027.34,108850381.56
2020-08-11,1911.89,108741910.9
2020-08-12,1915.83,108419725.49
2020-08-13,1953.71,108471231.06
2020-08-14,1945.12,108384326.61
2020-08-17,1985.3,108465148.89
2020-08-18,2002.44,108553354.03
2020-08-19,1928.98,108602287.43
2020-08-20,1947.26,108621683.82
2020-08-21,1940.48,108672711.69
2020-08-24,1928.88,108715794.58
2020-08-25,1928.18,108652003.0
2020-08-26,1954.46,108769737.71
2020-08-27,1929.54,108881254.38
2020-08-28,1964.83,108926593.83
2020-08-31,1967.8,109021039.82
2020-09-01,1970.18,109192874.34
2020-09-02,1942.92,109374410.21
2020-09-03,1930.91,109460632.26
2020-09-04,1933.94,109525663.6
2020-09-07,1933.64,109553798.31
2020-09-08,1932.03,109667611.6
2020-09-09,1946.84,109798826.4
2020-09-10,1946.09,109820040.31
2020-09-11,1940.55,109659248.31
2020-09-14,1956.86,109717718.63
2020-09-15,1954.15,109777247.38
2020-09-16,1959.26,109821940.99
2020-09-17,1944.44,109915391.84
2020-09-18,1950.86,109919277.64
2020-09-21,1912.51,111073717.07
2020-09-22,1900.21,111030010.1
2020-09-23,1863.34,110746863.02
2020-09-24,1868.07,110599675.22
2020-09-25,1861.58,110504150.35
2020-09-28,1881.48,110657303.05
2020-09-29,1898.07,110786118.55
2020-09-30,1885.82,110870663.64
2020-10-01,1906.01,111079429.9
2020-10-02,1899.84,111175427.8
2020-10-05,1913.53,111270957.49
2020-10-06,1878.18,111223131.43
2020-10-07,1887.42,111224231.39
2020-10-08,1893.82,111257891.72
2020-10-09,1930.4,111312166.4
2020-10-12,1922.77,111346182.32
2020-10-13,1891.36,111378113.39
2020-10-14,1901.52,111443690.51
2020-10-15,1908.71,111468811.63
2020-10-16,1899.29,111262908.93
2020-10-19,1904.08,111382156.73
2020-10-20,1906.95,111264264.03
2020-10-21,1924.33,111243190.35
2020-10-22,1904.11,111140172.06
2020-10-23,1902.05,111182402.81
2020-10-26,1902.08,111296941.69
2020-10-27,1907.99,111436484.7
2020-10-28,1877.19,111197768.05
2020-10-29,1867.59,111146699.65
2020-10-30,1878.81,111094128.5
2020-11-02,1895.48,111106795.38
2020-11-03,1909.17,111146841.17
2020-11-04,1902.92,110992248.34
2020-11-05,1949.66,111015604.19
2020-11-06,1951.35,111309675.45
2020-11-09,1863.04,111256145.61
2020-11-10,1877.32,111123973.63
2020-11-11,1865.73,111243396.6
2020-11-12,1876.83,110764734.4
2020-11-13,1889.2,110611834.96
2020-11-16,1888.95,110306198.87
2020-11-17,1880.38,109990664.69
2020-11-18,1872.24,109668524.6
2020-11-19,1866.54,109590538.93
2020-11-20,1870.99,109628293.0
2020-11-23,1837.86,109283555.48
2020-11-24,1807.59,108789693.89
2020-11-25,1807.56,108584148.28
2020-11-26,1815.8,108539202.42
2020-11-27,1787.79,108337817.32
2020-11-30,1776.95,107942225.09
2020-12-01,1815.24,107652421.7
2020-12-02,1831.28,107365608.71
2020-12-03,1841.08,107219412.21
2020-12-04,1838.86,107003880.84
2020-12-07,1862.73,106959127.95
2020-12-08,1870.56,107088133.63
2020-12-09,1839.55,107085618.11
2020-12-10,1836.57,107076506.66
2020-12-11,1839.85,106959276.54
2020-12-14,1827.35,106898607.67
2020-12-15,1853.64,106920502.99
2020-12-16,1864.8,106849830.42
2020-12-17,1885.42,106798494.52
2020-12-18,1881.35,106829750.57
2020-12-21,1876.89,106842872.94
2020-12-22,1860.84,106775711.41
2020-12-23,1872.89,106798923.93
2020-12-24,1883.46,106825850.51
2020-12-25,,106834616.51
2020-12-28,1873.69,106908974.33
2020-12-29,1878.18,106956188.29
2020-12-30,1894.39,107011341.6
2020-12-31,1898.36,107059512.55
2021-01-01,1898.67,107067854.75
2021-01-04,1942.9,107620911.77
2021-01-05,1950.01,107676931.25
2021-01-06,1918.61,107725188.36
2021-01-07,1913.95,107652148.61
2021-01-08,1849.01,107656515.87
2021-01-11,1843.89,107658334.07
2021-01-12,1854.77,107745601.47
2021-01-13,1845.51,107433068.26
2021-01-14,1846.53,107001722.26
2021-01-15,1828.45,107539366.39
2021-01-18,1841.26,107555707.75
2021-01-19,1840.28,107487610.61
2021-01-20,1871.84,107487428.7
2021-01-21,1870.02,107552619.02
2021-01-22,1855.61,107551379.85
2021-01-25,1855.93,107563978.11
2021-01-26,1850.92,107521222.23
2021-01-27,1843.98,107454461.88
2021-01-28,1843.17,107258109.7
2021-01-29,1847.65,107172635.02
2021-02-01,1860.78,107101441.95
2021-02-02,1838.03,107168769.38
2021-02-03,1834.04,107213971.02
2021-02-04,1794.03,107308667.49
2021-02-05,1814.11,107189164.25
2021-02-08,1830.81,107018151.75
2021-02-09,1838.32,106814977.27
2021-02-10,1842.89,106660943.65
2021-02-11,1825.51,106516166.06
2021-02-12,1824.23,106518844.94
2021-02-15,1818.86,106514537.69
2021-02-16,1794.47,106324561.88
2021-02-17,1776.13,106103666.14
2021-02-18,1775.67,106035071.51
2021-02-19,1784.25,105869710.45
2021-02-22,1809.67,105427310.33
2021-02-23,1805.73,105233122.08
2021-02-24,1805.06,105056067.04
2021-02-25,1770.56,104787495.41
2021-02-26,1734.04,104497054.51
2021-03-01,1725.04,104033470.68
2021-03-02,1738.36,103913500.25
2021-03-03,1711.23,103517596.94
2021-03-04,1697.52,103189992.05
2021-03-05,1700.64,102827370.43
2021-03-08,1683.54,102514669.24
2021-03-09,1716.1,102322877.95
2021-03-10,1726.71,102178775.55
2021-03-11,1722.6,101958528.87
2021-03-12,1727.11,101929721.85
2021-03-15,1731.67,101867429.16
2021-03-16,1731.4,101872847.68
2021-03-17,1745.33,101587016.38
2021-03-18,1736.42,101031552.2
2021-03-19,1745.23,101320654.23
2021-03-22,1739.03,101203454.55
2021-03-23,1727.07,100976944.15
2021-03-24,1734.69,100747642.17
2021-03-25,1726.93,100681108.8
2021-03-26,1732.52,100430764.69
2021-03-29,1712.2,100378836.71
2021-03-30,1685.2,100338208.78
2021-03-31,1707.71,100224034.69
2021-04-01,1729.31,100029961.12
2021-04-02,1728.87,100023902.72
2021-04-05,1728.27,100020317.02
2021-04-06,1743.27,99855930.141
2021-04-07,1737.72,99843295.656
2021-04-08,1755.84,99775579.02
2021-04-09,1743.88,99818445.399
2021-04-12,1732.76,99817726.97
2021-04-13,1745.51,99781579.625
2021-04-14,1736.43,99649236.406
2021-04-15,1763.95,99608686.756
2021-04-16,1776.51,99528860.555
2021-04-19,1771.43,99534084.37
2021-04-20,1778.75,99645437.82
2021-04-21,1793.79,99673240.706
2021-04-22,1783.94,99625754.524
2021-04-23,1777.2,99623505.937
2021-04-26,1781.38,99630640.072
2021-04-27,1776.6,99522335.477
2021-04-28,1781.68,99519848.111
2021-04-29,1772.18,99348523.964
2021-04-30,1769.13,99453015.378
2021-05-03,1792.88,99452946.338
2021-05-04,1779.06,99450390.66
2021-05-05,1786.87,99645978.814
2021-05-06,1815.22,99430643.147
2021-05-07,1831.24,99651738.835
2021-05-10,1836.07,99697412.755
2021-05-11,1837.47,99901987.165
2021-05-12,1815.69,99923760.008
2021-05-13,1826.72,100094032.97
2021-05-14,1843.43,100219132.87
2021-05-17,1866.9,100428771.59
2021-05-18,1869.44,100453366.56
2021-05-19,1869.62,100325891.53
2021-05-20,1877.21,100537432.41
2021-05-21,1881.25,100782569.22
2021-05-24,1881.02,100947372.17
2021-05-25,1899.25,100993501.03
2021-05-26,1896.67,101009474.26
2021-05-27,1896.54,101052379.28
2021-05-28,1903.77,101005686.39
2021-05-31,1906.87,101029560.65
2021-06-01,1900.44,101209371.75
2021-06-02,1908.38,101013258.97
2021-06-03,1870.76,100991954.72
2021-06-04,1891.59,101043074.47
2021-06-07,1899.21,100830523.85
2021-06-08,1892.89,100864014.42
2021-06-09,1888.57,101056275.77
2021-06-10,1898.51,101151645.05
2021-06-11,1877.53,101056402.14
2021-06-14,1866.18,101014365.05
2021-06-15,1859.02,101004758.4
2021-06-16,1811.47,101027869.57
2021-06-17,1773.5,100984969.13
2021-06-18,1764.16,101267722.19
2021-06-21,1783.27,101085195.7
2021-06-22,1778.74,101051508.66
2021-06-23,1778.68,101083497.02
2021-06-24,1775.17,100938304.74
2021-06-25,1781.44,100808111.4
2021-06-28,1778.48,100830757.46
2021-06-29,1761.24,100812501.47
2021-06-30,1770.11,100827159.65
2021-07-01,1776.84,100658881.16
2021-07-02,1787.3,100493758.93
2021-07-05,1791.77,100477573.04
2021-07-06,1797.08,100457729.39
2021-07-07,1803.63,100452953.02
2021-07-08,1802.83,100445833.56
2021-07-09,1808.32,100537191.59
2021-07-12,1806.28,100525117.76
2021-07-13,1807.76,100599870.66
2021-07-14,1827.53,100526195.75
2021-07-15,1829.47,100439538.92
2021-07-16,1812.05,100250966.78
2021-07-19,1812.64,100275582.38
2021-07-20,1810.36,100216451.73
2021-07-21,1803.66,100173333.54
2021-07-22,1806.92,100192226.66
2021-07-23,1802.15,100161184.63
2021-07-26,1797.63,100129344.29
2021-07-27,1799.09,100208740.09
2021-07-28,1807.11,100175750.79
2021-07-29,1828.17,100451639.28
2021-07-30,1814.19,100591356.33
2021-08-02,1813.47,100553583.43
2021-08-03,1810.44,100524726.89
2021-08-04,1811.74,100603355.29
2021-08-05,1804.41,100593903.85
2021-08-06,1763.03,100499869.22
2021-08-09,1729.94,100377931.29
2021-08-10,1728.93,100338939.67
2021-08-11,1751.7,100329031.03
2021-08-12,1752.9,100370671.93
2021-08-13,1779.74,100271106.57
2021-08-16,1787.45,100357010.95
2021-08-17,1786.19,100351615.64
2021-08-18,1787.82,100255803.28
2021-08-19,1780.38,100222742.74
2021-08-20,1781.11,100078064.7
