Date,USD,EUR,Germany,France,Spain,Italy,GBP,JPY,AUD,NZD,CAD,CHF,SEK,NOK,CZK,PLN,HUF,ILS,ZAR,TRY,RUB,BRL,MXN,CLP,COP,INR,IDR,PHP,THB,MYR,SGD,KRW,TWD,CNY
2000-01-28,100.0,,,,,,100.0,,100.0,,100.0,,,,,,,,,,,,,,,,,,,,,,,
2000-02-28,100.0,,,,,,100.0,,100.0,,100.0,,,,,,,,,,,,,,,,,,100.0,,100.0,100.0,,
2000-03-30,100.0,,,,,,100.0,,100.0,,100.0,,,,,,,,,,,,,,,,,,100.0,,100.0,100.0,,
2000-04-27,100.0,,,,,,100.0,,100.0,,100.0,,,,,,,,,,,,,,,,,,100.0,,100.0,100.0,,
2000-05-30,100.0,,,,,,100.0,,100.0,,100.0,,,,,,,,,,,,,,,,,,100.0,,100.0,100.0,,
2000-06-29,100.0,,,,,,100.0,,100.0,,100.0,,,,,,,,,,,,,,,,,,100.0,,100.0,100.0,,100.0
2000-07-28,100.0,,,,,,100.0,,100.0,,100.0,,,,,,,,,,,,,,,,,,100.0,,100.0,100.0,,100.0
2000-08-30,100.0,,,,,,100.0,,100.0,,100.0,,,,,,,,,,,,,,,,,,100.0,,100.0,100.0,,100.0
2000-09-28,100.0,,,,,,100.0,,100.0,,100.0,,,,,,,,,,,,,,,,,,100.0,,100.0,100.0,,100.0
2000-10-30,100.0,,,,,,100.0,,100.0,,100.0,,,,,,,,,,,,,,,,,,100.0,,100.0,100.0,,100.0
2000-11-29,100.0,,,,,,100.0,,100.0,,100.0,,,,,,,,,,,,,,,,,,100.0,,100.0,100.0,,100.0
2000-12-28,100.0,,,,,,100.0,,100.0,,100.0,,,,,,,,,,,,,,,,,,100.0,,100.0,100.0,,100.0
2001-01-30,-100.0,0.0,100.0,0.0,0.0,0.0,0.0,100.0,-50.0,,0.0,100.0,100.0,100.0,,,,,,,,,100.0,,,,,,100.0,,100.0,100.0,,100.0
2001-02-27,-100.0,0.0,0.0,0.0,0.0,0.0,0.0,100.0,-50.0,,-50.0,100.0,0.0,0.0,,,,,,,,,100.0,,,,,,0.0,,0.0,0.0,,100.0
2001-03-29,-50.0,0.0,0.0,-100.0,0.0,0.0,0.0,0.0,-50.0,,0.0,0.0,0.0,0.0,,,,,,,,,100.0,,,,,,0.0,,0.0,0.0,,100.0
2001-04-27,-100.0,0.0,0.0,-100.0,0.0,0.0,0.0,0.0,-50.0,,-50.0,0.0,0.0,0.0,,,,,,,,,100.0,,,,,,-100.0,,-100.0,0.0,,100.0
2001-05-30,-100.0,-100.0,0.0,-100.0,0.0,-100.0,0.0,-100.0,-50.0,,0.0,0.0,0.0,0.0,,,,,,,,,-100.0,,,,,,100.0,,-100.0,0.0,,100.0
2001-06-28,-100.0,-100.0,0.0,-100.0,0.0,-100.0,0.0,-100.0,-50.0,,0.0,0.0,0.0,0.0,,,,,,,,,0.0,,,,,,0.0,,-100.0,0.0,,0.0
2001-07-30,-100.0,-100.0,-100.0,-100.0,-100.0,-100.0,-50.0,-100.0,0.0,,0.0,0.0,0.0,0.0,,,,,,,,,0.0,,,,,,0.0,,-100.0,0.0,,0.0
2001-08-30,-100.0,-100.0,-100.0,-100.0,-100.0,-100.0,-50.0,-100.0,0.0,,0.0,0.0,0.0,0.0,,,,,,,,,0.0,,,,,,0.0,,-100.0,0.0,,0.0
2001-09-27,-100.0,-100.0,-100.0,-100.0,-100.0,-100.0,0.0,-100.0,-50.0,,-100.0,0.0,0.0,0.0,,,,,,,,,0.0,,,,,,-100.0,,-100.0,100.0,,0.0
2001-10-30,-100.0,-100.0,-100.0,-100.0,-100.0,-100.0,-50.0,-100.0,50.0,,-100.0,-100.0,0.0,0.0,,,,,,,100.0,,100.0,,,,,,0.0,,-100.0,0.0,,100.0
2001-11-29,-100.0,-100.0,-100.0,-100.0,-100.0,-100.0,-50.0,-100.0,100.0,,-50.0,-100.0,0.0,0.0,,,,,,,100.0,,100.0,,,,,,0.0,,-100.0,100.0,,100.0
2001-12-28,-100.0,-100.0,-100.0,-100.0,-100.0,-100.0,-50.0,-100.0,100.0,,-50.0,-100.0,0.0,-100.0,,,,,,,100.0,,100.0,,,,,,-100.0,,0.0,100.0,,0.0
2002-01-30,0.0,-100.0,-100.0,-100.0,-100.0,-100.0,-50.0,-100.0,50.0,,0.0,-100.0,0.0,-100.0,,,,,,,100.0,,-100.0,,,,,,0.0,,100.0,100.0,,0.0
2002-02-27,20.0,-33.33333333333333,-100.0,-100.0,-100.0,-100.0,-40.0,-66.66666666666666,40.0,0.0,100.0,-100.0,0.0,-33.33333333333333,0.0,0.0,0.0,0.0,0.0,0.0,50.0,0.0,100.0,0.0,0.0,-100.0,100.0,100.0,100.0,0.0,66.66666666666666,100.0,100.0,66.66666666666666
2002-03-28,20.0,-33.33333333333333,-100.0,-100.0,-100.0,-100.0,-20.0,-33.33333333333333,60.0,0.0,100.0,-100.0,33.33333333333333,-66.66666666666666,-100.0,0.0,100.0,0.0,0.0,0.0,50.0,-100.0,100.0,-100.0,0.0,0.0,0.0,0.0,100.0,100.0,100.0,100.0,100.0,66.66666666666666
2002-04-29,33.33333333333333,-25.0,-100.0,-100.0,-100.0,0.0,0.0,0.0,66.66666666666666,-100.0,83.33333333333334,-100.0,0.0,0.0,100.0,100.0,-100.0,0.0,100.0,0.0,100.0,100.0,75.0,50.0,-100.0,-100.0,100.0,50.0,75.0,50.0,100.0,75.0,100.0,0.0
2002-05-30,0.0,-25.0,-100.0,-100.0,-100.0,0.0,-33.33333333333333,0.0,83.33333333333334,-50.0,83.33333333333334,-100.0,75.0,25.0,66.66666666666666,0.0,-50.0,0.0,50.0,0.0,66.66666666666666,50.0,0.0,-100.0,-50.0,-50.0,0.0,0.0,75.0,100.0,50.0,100.0,-100.0,25.0
2002-06-27,-33.33333333333333,-100.0,-100.0,-100.0,-100.0,0.0,16.666666666666664,50.0,100.0,-50.0,100.0,-100.0,0.0,-50.0,-33.33333333333333,100.0,-50.0,0.0,100.0,0.0,66.66666666666666,-100.0,100.0,-50.0,0.0,-50.0,50.0,-100.0,100.0,50.0,75.0,25.0,-50.0,25.0
2002-07-30,0.0,-100.0,-100.0,-100.0,-100.0,0.0,33.33333333333333,50.0,83.33333333333334,-100.0,33.33333333333333,-100.0,0.0,0.0,-33.33333333333333,-100.0,100.0,0.0,100.0,-100.0,-33.33333333333333,-100.0,75.0,0.0,50.0,-100.0,-50.0,-50.0,75.0,50.0,0.0,75.0,0.0,50.0
2002-08-29,-33.33333333333333,-100.0,-100.0,-100.0,0.0,-100.0,33.33333333333333,50.0,83.33333333333334,-33.33333333333333,33.33333333333333,0.0,0.0,-25.0,-33.33333333333333,0.0,50.0,0.0,50.0,-50.0,0.0,-100.0,-50.0,-100.0,50.0,-100.0,-100.0,-100.0,50.0,-100.0,0.0,0.0,-100.0,75.0
2002-09-27,0.0,-100.0,-100.0,-100.0,0.0,-100.0,66.66666666666666,100.0,33.33333333333333,0.0,66.66666666666666,-100.0,0.0,0.0,33.33333333333333,-100.0,0.0,0.0,100.0,0.0,0.0,0.0,-75.0,-50.0,-100.0,-50.0,-50.0,100.0,100.0,-50.0,0.0,-25.0,-50.0,75.0
2002-10-30,-33.33333333333333,-100.0,-100.0,-100.0,0.0,-100.0,50.0,0.0,66.66666666666666,-33.33333333333333,33.33333333333333,-100.0,0.0,-25.0,-33.33333333333333,-50.0,-50.0,0.0,-100.0,100.0,50.0,-100.0,0.0,0.0,-50.0,100.0,-50.0,50.0,75.0,-50.0,0.0,25.0,-50.0,50.0
2002-11-28,0.0,-25.0,0.0,-100.0,0.0,0.0,33.33333333333333,50.0,-16.666666666666664,0.0,33.33333333333333,100.0,-25.0,-75.0,-33.33333333333333,100.0,-100.0,0.0,-100.0,50.0,-50.0,-50.0,50.0,0.0,-50.0,50.0,-100.0,50.0,75.0,0.0,50.0,-50.0,-100.0,100.0
2002-12-30,33.33333333333333,-50.0,100.0,0.0,0.0,0.0,33.33333333333333,100.0,66.66666666666666,33.33333333333333,66.66666666666666,100.0,-100.0,-100.0,33.33333333333333,100.0,-100.0,0.0,0.0,100.0,25.0,100.0,25.0,-100.0,100.0,100.0,-50.0,100.0,100.0,100.0,50.0,-25.0,100.0,75.0
2003-01-30,-42.857142857142854,-20.0,33.33333333333333,33.33333333333333,33.33333333333333,-33.33333333333333,0.0,20.0,28.57142857142857,25.0,28.57142857142857,100.0,-80.0,-80.0,25.0,25.0,-66.66666666666666,0.0,50.0,80.0,25.0,66.66666666666666,40.0,-33.33333333333333,50.0,66.66666666666666,-66.66666666666666,0.0,75.0,66.66666666666666,80.0,0.0,66.66666666666666,75.0
2003-02-27,-14.285714285714285,-20.0,100.0,-33.33333333333333,-33.33333333333333,-33.33333333333333,-14.285714285714285,66.66666666666666,28.57142857142857,75.0,-42.857142857142854,100.0,-60.0,-60.0,75.0,25.0,-25.0,0.0,50.0,80.0,50.0,33.33333333333333,-20.0,0.0,50.0,66.66666666666666,-100.0,33.33333333333333,100.0,66.66666666666666,40.0,-100.0,-100.0,50.0
2003-03-28,-71.42857142857143,-60.0,100.0,-33.33333333333333,-33.33333333333333,-33.33333333333333,-14.285714285714285,66.66666666666666,14.285714285714285,0.0,-14.285714285714285,100.0,20.0,-60.0,0.0,50.0,50.0,0.0,-100.0,20.0,100.0,-33.33333333333333,-20.0,-33.33333333333333,100.0,-33.33333333333333,-66.66666666666666,-33.33333333333333,-50.0,-33.33333333333333,20.0,-20.0,-33.33333333333333,0.0
2003-04-29,-50.0,-83.33333333333334,0.0,-100.0,-50.0,-100.0,-62.5,42.857142857142854,-50.0,60.0,-25.0,100.0,0.0,-33.33333333333333,-20.0,80.0,40.0,0.0,-50.0,50.0,25.0,-25.0,0.0,100.0,-100.0,-50.0,-100.0,-25.0,-50.0,-100.0,0.0,0.0,0.0,-50.0
2003-05-29,-37.5,-100.0,-100.0,-100.0,0.0,-100.0,-25.0,-42.857142857142854,-37.5,20.0,-25.0,0.0,-16.666666666666664,0.0,-16.666666666666664,80.0,0.0,0.0,-100.0,0.0,100.0,25.0,0.0,-25.0,-50.0,-25.0,0.0,0.0,-50.0,-100.0,0.0,-33.33333333333333,0.0,-25.0
2003-06-27,-25.0,-83.33333333333334,-100.0,-100.0,100.0,-100.0,-50.0,14.285714285714285,0.0,20.0,-75.0,0.0,-66.66666666666666,-66.66666666666666,33.33333333333333,20.0,-60.0,0.0,-100.0,16.666666666666664,100.0,-100.0,-16.666666666666664,-50.0,-100.0,-75.0,25.0,50.0,50.0,50.0,-16.666666666666664,-50.0,-25.0,-25.0
2003-07-30,-12.5,-33.33333333333333,0.0,-100.0,100.0,-100.0,12.5,71.42857142857143,12.5,-60.0,-50.0,-50.0,0.0,-33.33333333333333,50.0,100.0,0.0,0.0,-33.33333333333333,0.0,75.0,-75.0,-16.666666666666664,0.0,-50.0,-100.0,0.0,25.0,25.0,25.0,0.0,-50.0,-25.0,100.0
2003-08-28,50.0,16.666666666666664,0.0,-100.0,100.0,-50.0,25.0,100.0,37.5,-16.666666666666664,-25.0,100.0,33.33333333333333,-50.0,16.666666666666664,60.0,0.0,0.0,-75.0,66.66666666666666,75.0,-75.0,33.33333333333333,0.0,-66.66666666666666,0.0,100.0,-25.0,25.0,100.0,0.0,-66.66666666666666,50.0,75.0
2003-09-29,50.0,33.33333333333333,50.0,-100.0,50.0,0.0,37.5,71.42857142857143,50.0,66.66666666666666,37.5,100.0,66.66666666666666,0.0,0.0,60.0,-60.0,0.0,-100.0,33.33333333333333,50.0,-100.0,16.666666666666664,100.0,33.33333333333333,75.0,75.0,0.0,100.0,-50.0,50.0,-50.0,25.0,100.0
2003-10-30,62.5,33.33333333333333,100.0,-50.0,50.0,0.0,50.0,57.14285714285714,37.5,100.0,50.0,100.0,50.0,-16.666666666666664,50.0,80.0,-60.0,0.0,-75.0,16.666666666666664,0.0,-75.0,50.0,-50.0,0.0,50.0,-25.0,-25.0,75.0,-25.0,66.66666666666666,-33.33333333333333,25.0,50.0
2003-11-27,75.0,66.66666666666666,50.0,0.0,0.0,50.0,25.0,71.42857142857143,87.5,83.33333333333334,100.0,100.0,-16.666666666666664,16.666666666666664,50.0,100.0,0.0,0.0,-50.0,16.666666666666664,100.0,-25.0,0.0,75.0,75.0,25.0,-100.0,75.0,25.0,0.0,33.33333333333333,33.33333333333333,50.0,75.0
2003-12-30,75.0,66.66666666666666,50.0,50.0,-50.0,-50.0,25.0,85.71428571428571,50.0,100.0,75.0,100.0,0.0,0.0,100.0,60.0,-20.0,0.0,-50.0,100.0,50.0,-50.0,16.666666666666664,0.0,100.0,0.0,-75.0,0.0,50.0,75.0,50.0,50.0,75.0,75.0
2004-01-29,75.0,14.285714285714285,50.0,50.0,-50.0,0.0,-25.0,85.71428571428571,12.5,83.33333333333334,0.0,50.0,-16.666666666666664,-16.666666666666664,50.0,50.0,0.0,0.0,-50.0,16.666666666666664,75.0,-25.0,-16.666666666666664,50.0,75.0,0.0,-75.0,25.0,0.0,75.0,-16.666666666666664,83.33333333333334,75.0,100.0
2004-02-26,25.0,-14.285714285714285,50.0,50.0,-50.0,-50.0,87.5,100.0,-12.5,16.666666666666664,25.0,0.0,0.0,-14.285714285714285,50.0,50.0,0.0,33.33333333333333,20.0,83.33333333333334,100.0,-50.0,100.0,-50.0,40.0,25.0,0.0,50.0,50.0,50.0,0.0,66.66666666666666,-50.0,40.0
2004-03-30,37.5,-14.285714285714285,0.0,50.0,0.0,0.0,100.0,25.0,-25.0,0.0,0.0,0.0,0.0,14.285714285714285,0.0,33.33333333333333,0.0,33.33333333333333,100.0,33.33333333333333,20.0,-100.0,33.33333333333333,-100.0,60.0,50.0,50.0,-100.0,0.0,100.0,33.33333333333333,0.0,0.0,20.0
2004-04-29,62.5,0.0,0.0,0.0,-100.0,100.0,50.0,25.0,0.0,33.33333333333333,-25.0,0.0,0.0,100.0,33.33333333333333,100.0,33.33333333333333,33.33333333333333,20.0,100.0,100.0,0.0,33.33333333333333,0.0,20.0,0.0,50.0,-100.0,50.0,0.0,66.66666666666666,0.0,60.0,66.66666666666666
2004-05-28,50.0,42.857142857142854,0.0,-50.0,-50.0,100.0,25.0,25.0,12.5,50.0,50.0,100.0,16.666666666666664,85.71428571428571,100.0,100.0,66.66666666666666,33.33333333333333,80.0,83.33333333333334,33.33333333333333,50.0,66.66666666666666,75.0,40.0,25.0,0.0,100.0,-25.0,0.0,66.66666666666666,33.33333333333333,100.0,50.0
2004-06-29,50.0,42.857142857142854,50.0,-50.0,-50.0,100.0,37.5,50.0,37.5,100.0,100.0,100.0,66.66666666666666,14.285714285714285,33.33333333333333,66.66666666666666,100.0,33.33333333333333,20.0,83.33333333333334,33.33333333333333,50.0,83.33333333333334,75.0,-60.0,25.0,75.0,100.0,-20.0,25.0,50.0,33.33333333333333,40.0,-33.33333333333333
2004-07-29,12.5,85.71428571428571,50.0,0.0,0.0,50.0,62.5,100.0,0.0,66.66666666666666,100.0,100.0,-33.33333333333333,-14.285714285714285,33.33333333333333,66.66666666666666,50.0,33.33333333333333,80.0,33.33333333333333,0.0,25.0,100.0,-50.0,-40.0,0.0,50.0,75.0,-40.0,75.0,33.33333333333333,16.666666666666664,40.0,-33.33333333333333
2004-08-30,0.0,71.42857142857143,50.0,100.0,0.0,0.0,25.0,25.0,0.0,83.33333333333334,37.5,0.0,66.66666666666666,0.0,50.0,-16.666666666666664,66.66666666666666,33.33333333333333,60.0,16.666666666666664,-16.666666666666664,25.0,0.0,-100.0,40.0,-75.0,-100.0,25.0,0.0,100.0,66.66666666666666,-66.66666666666666,60.0,-16.666666666666664
2004-09-29,12.5,42.857142857142854,50.0,100.0,-100.0,-50.0,-25.0,-25.0,-25.0,0.0,-25.0,0.0,33.33333333333333,42.857142857142854,66.66666666666666,33.33333333333333,0.0,33.33333333333333,60.0,33.33333333333333,33.33333333333333,50.0,16.666666666666664,-25.0,20.0,50.0,-75.0,-50.0,0.0,75.0,16.666666666666664,0.0,20.0,16.666666666666664
2004-10-28,0.0,-14.285714285714285,0.0,0.0,-100.0,-100.0,-50.0,-25.0,-25.0,33.33333333333333,-50.0,0.0,66.66666666666666,71.42857142857143,100.0,0.0,0.0,33.33333333333333,40.0,0.0,33.33333333333333,25.0,-33.33333333333333,100.0,40.0,25.0,-100.0,0.0,-16.666666666666664,-50.0,-33.33333333333333,-33.33333333333333,40.0,100.0
2004-11-29,25.0,-14.285714285714285,0.0,0.0,-50.0,-100.0,25.0,0.0,-37.5,16.666666666666664,-25.0,50.0,83.33333333333334,85.71428571428571,0.0,33.33333333333333,-16.666666666666664,33.33333333333333,20.0,16.666666666666664,50.0,25.0,33.33333333333333,100.0,0.0,50.0,100.0,25.0,-16.666666666666664,-25.0,-66.66666666666666,0.0,20.0,83.33333333333334
2004-12-30,75.0,0.0,0.0,0.0,-100.0,-100.0,37.5,0.0,-50.0,50.0,-25.0,50.0,33.33333333333333,100.0,0.0,100.0,66.66666666666666,33.33333333333333,100.0,-33.33333333333333,66.66666666666666,50.0,-66.66666666666666,100.0,-60.0,50.0,50.0,100.0,-66.66666666666666,-60.0,-16.666666666666664,16.666666666666664,0.0,66.66666666666666
2005-01-28,0.0,62.5,50.0,50.0,0.0,-100.0,62.5,50.0,50.0,33.33333333333333,0.0,50.0,28.57142857142857,85.71428571428571,0.0,0.0,0.0,33.33333333333333,80.0,0.0,66.66666666666666,40.0,57.14285714285714,25.0,-40.0,0.0,-25.0,75.0,-33.33333333333333,-40.0,66.66666666666666,-50.0,0.0,66.66666666666666
2005-02-25,50.0,0.0,100.0,50.0,-100.0,-50.0,25.0,25.0,37.5,0.0,-75.0,-50.0,28.57142857142857,37.5,-50.0,0.0,-50.0,0.0,66.66666666666666,28.57142857142857,100.0,80.0,100.0,20.0,-50.0,0.0,0.0,0.0,-50.0,-40.0,66.66666666666666,0.0,-100.0,83.33333333333334
2005-03-30,12.5,0.0,-50.0,-50.0,-50.0,-50.0,-50.0,50.0,50.0,-33.33333333333333,0.0,-50.0,-14.285714285714285,25.0,33.33333333333333,-66.66666666666666,-33.33333333333333,0.0,66.66666666666666,85.71428571428571,0.0,100.0,100.0,60.0,66.66666666666666,50.0,25.0,-25.0,0.0,-60.0,16.666666666666664,-33.33333333333333,0.0,83.33333333333334
2005-04-28,50.0,-75.0,-50.0,-100.0,-100.0,-50.0,-37.5,25.0,62.5,-16.666666666666664,-25.0,0.0,28.57142857142857,37.5,0.0,-16.666666666666664,-33.33333333333333,0.0,50.0,71.42857142857143,-16.666666666666664,0.0,0.0,0.0,50.0,-100.0,100.0,-100.0,0.0,20.0,-66.66666666666666,-50.0,0.0,100.0
2005-05-30,12.5,-75.0,-50.0,-100.0,0.0,-100.0,-75.0,25.0,12.5,-50.0,0.0,50.0,28.57142857142857,87.5,0.0,0.0,0.0,0.0,0.0,71.42857142857143,-16.666666666666664,0.0,-42.857142857142854,60.0,50.0,-75.0,100.0,-75.0,0.0,60.0,-66.66666666666666,-33.33333333333333,-33.33333333333333,50.0
2005-06-29,-12.5,-75.0,-100.0,-100.0,-50.0,-100.0,-37.5,25.0,-25.0,0.0,-25.0,-50.0,-14.285714285714285,50.0,-33.33333333333333,33.33333333333333,33.33333333333333,0.0,-33.33333333333333,14.285714285714285,33.33333333333333,-60.0,0.0,80.0,33.33333333333333,25.0,25.0,-50.0,0.0,40.0,-33.33333333333333,16.666666666666664,-16.666666666666664,66.66666666666666
2005-07-28,25.0,-12.5,0.0,-100.0,-50.0,0.0,-25.0,37.5,12.5,0.0,-75.0,-50.0,14.285714285714285,100.0,66.66666666666666,16.666666666666664,66.66666666666666,50.0,-66.66666666666666,-14.285714285714285,0.0,40.0,14.285714285714285,60.0,16.666666666666664,0.0,25.0,75.0,0.0,-20.0,0.0,33.33333333333333,-83.33333333333334,100.0
2005-08-30,75.0,25.0,50.0,-50.0,50.0,0.0,0.0,50.0,37.5,-16.666666666666664,-25.0,0.0,57.14285714285714,12.5,83.33333333333334,16.666666666666664,83.33333333333334,0.0,83.33333333333334,0.0,33.33333333333333,40.0,14.285714285714285,20.0,16.666666666666664,25.0,-100.0,75.0,83.33333333333334,-60.0,66.66666666666666,100.0,-33.33333333333333,50.0
2005-09-29,-25.0,0.0,50.0,-50.0,50.0,0.0,-25.0,75.0,25.0,16.666666666666664,-75.0,100.0,71.42857142857143,50.0,66.66666666666666,66.66666666666666,66.66666666666666,0.0,33.33333333333333,14.285714285714285,66.66666666666666,20.0,0.0,20.0,66.66666666666666,-50.0,-100.0,100.0,66.66666666666666,-60.0,66.66666666666666,66.66666666666666,33.33333333333333,50.0
2005-10-28,0.0,50.0,50.0,-100.0,50.0,0.0,-50.0,25.0,-62.5,0.0,0.0,100.0,57.14285714285714,37.5,83.33333333333334,16.666666666666664,16.666666666666664,0.0,50.0,85.71428571428571,50.0,40.0,28.57142857142857,-20.0,66.66666666666666,-100.0,-75.0,25.0,50.0,-40.0,100.0,100.0,66.66666666666666,66.66666666666666
2005-11-29,37.5,25.0,0.0,0.0,0.0,50.0,-62.5,50.0,-62.5,0.0,25.0,100.0,28.57142857142857,87.5,83.33333333333334,83.33333333333334,50.0,0.0,100.0,85.71428571428571,50.0,0.0,100.0,-60.0,50.0,-75.0,0.0,-25.0,16.666666666666664,60.0,33.33333333333333,83.33333333333334,33.33333333333333,50.0
2005-12-29,75.0,25.0,50.0,-100.0,-50.0,-50.0,-50.0,25.0,-75.0,0.0,25.0,100.0,71.42857142857143,25.0,33.33333333333333,33.33333333333333,100.0,50.0,66.66666666666666,100.0,100.0,-60.0,100.0,-20.0,33.33333333333333,50.0,25.0,-100.0,33.33333333333333,66.66666666666666,83.33333333333334,100.0,50.0,50.0
2006-01-30,0.0,37.5,100.0,-100.0,-100.0,-50.0,-37.5,-12.5,-50.0,-66.66666666666666,0.0,50.0,87.5,12.5,16.666666666666664,50.0,83.33333333333334,0.0,50.0,57.14285714285714,100.0,-16.666666666666664,87.5,-40.0,50.0,80.0,-25.0,25.0,16.666666666666664,50.0,66.66666666666666,33.33333333333333,33.33333333333333,33.33333333333333
2006-02-27,0.0,50.0,100.0,-100.0,-50.0,-50.0,-75.0,75.0,-12.5,-50.0,-50.0,0.0,12.5,12.5,16.666666666666664,16.666666666666664,50.0,50.0,0.0,12.5,66.66666666666666,-33.33333333333333,-25.0,50.0,66.66666666666666,0.0,100.0,100.0,83.33333333333334,0.0,100.0,16.666666666666664,33.33333333333333,50.0
2006-03-30,25.0,50.0,50.0,-50.0,0.0,0.0,0.0,75.0,0.0,-66.66666666666666,-25.0,0.0,-25.0,50.0,100.0,0.0,0.0,50.0,-16.666666666666664,0.0,50.0,33.33333333333333,25.0,0.0,50.0,20.0,80.0,80.0,33.33333333333333,0.0,33.33333333333333,33.33333333333333,33.33333333333333,16.666666666666664
2006-04-27,75.0,62.5,50.0,-50.0,0.0,0.0,-12.5,75.0,37.5,0.0,-25.0,50.0,-12.5,62.5,62.5,37.5,37.5,50.0,50.0,25.0,62.5,37.5,100.0,-50.0,-16.666666666666664,57.14285714285714,57.14285714285714,40.0,0.0,-16.666666666666664,0.0,87.5,16.666666666666664,75.0
2006-05-30,50.0,25.0,0.0,0.0,-100.0,50.0,25.0,25.0,37.5,-12.5,0.0,100.0,75.0,100.0,87.5,25.0,37.5,50.0,50.0,62.5,50.0,75.0,75.0,33.33333333333333,33.33333333333333,85.71428571428571,-42.857142857142854,20.0,16.666666666666664,50.0,33.33333333333333,75.0,-50.0,87.5
2006-06-29,37.5,75.0,0.0,0.0,-100.0,50.0,62.5,25.0,50.0,0.0,25.0,100.0,87.5,75.0,75.0,100.0,0.0,50.0,25.0,50.0,100.0,100.0,37.5,-33.33333333333333,83.33333333333334,100.0,-42.857142857142854,-20.0,0.0,-33.33333333333333,0.0,75.0,-50.0,100.0
2006-07-28,-25.0,50.0,0.0,50.0,0.0,0.0,75.0,37.5,37.5,-50.0,25.0,100.0,100.0,62.5,75.0,62.5,12.5,0.0,0.0,75.0,87.5,87.5,0.0,16.666666666666664,0.0,85.71428571428571,0.0,40.0,16.666666666666664,66.66666666666666,0.0,-25.0,-16.666666666666664,100.0
2006-08-30,-12.5,50.0,0.0,50.0,0.0,-50.0,50.0,50.0,-25.0,0.0,-25.0,0.0,75.0,62.5,62.5,100.0,25.0,50.0,25.0,37.5,87.5,0.0,75.0,33.33333333333333,-16.666666666666664,85.71428571428571,71.42857142857143,0.0,-16.666666666666664,0.0,0.0,-37.5,0.0,75.0
2006-09-28,-25.0,25.0,0.0,50.0,0.0,-100.0,37.5,0.0,0.0,0.0,-75.0,0.0,25.0,50.0,75.0,75.0,25.0,50.0,0.0,37.5,50.0,25.0,87.5,0.0,66.66666666666666,42.857142857142854,100.0,60.0,0.0,0.0,-50.0,0.0,16.666666666666664,25.0
2006-10-30,-25.0,62.5,100.0,50.0,-50.0,-100.0,-25.0,-25.0,12.5,-25.0,-37.5,0.0,62.5,62.5,37.5,62.5,37.5,50.0,50.0,0.0,12.5,12.5,62.5,-33.33333333333333,83.33333333333334,71.42857142857143,85.71428571428571,40.0,16.666666666666664,-16.666666666666664,0.0,50.0,16.666666666666664,25.0
2006-11-29,-25.0,50.0,100.0,-50.0,-50.0,0.0,-25.0,-50.0,-25.0,0.0,-25.0,0.0,62.5,100.0,37.5,62.5,37.5,50.0,62.5,0.0,37.5,87.5,0.0,33.33333333333333,50.0,57.14285714285714,42.857142857142854,0.0,50.0,33.33333333333333,0.0,62.5,0.0,12.5
2006-12-28,25.0,50.0,100.0,-50.0,-50.0,0.0,75.0,0.0,0.0,-25.0,0.0,0.0,100.0,100.0,75.0,100.0,-25.0,50.0,75.0,-25.0,-50.0,50.0,-25.0,0.0,66.66666666666666,42.857142857142854,42.857142857142854,-60.0,100.0,-33.33333333333333,33.33333333333333,50.0,-16.666666666666664,-12.5
2007-01-30,50.0,62.5,0.0,-100.0,-100.0,-50.0,100.0,25.0,12.5,-37.5,25.0,50.0,100.0,100.0,87.5,50.0,-12.5,50.0,75.0,50.0,-37.5,62.5,37.5,16.666666666666664,66.66666666666666,62.5,85.71428571428571,-40.0,50.0,-33.33333333333333,50.0,-25.0,16.666666666666664,50.0
2007-02-27,50.0,75.0,0.0,-50.0,0.0,-50.0,50.0,75.0,37.5,12.5,0.0,50.0,50.0,50.0,62.5,75.0,37.5,50.0,87.5,25.0,-25.0,37.5,-50.0,50.0,16.666666666666664,37.5,50.0,-66.66666666666666,50.0,-66.66666666666666,100.0,-12.5,66.66666666666666,62.5
2007-03-29,-50.0,87.5,0.0,0.0,0.0,-100.0,-25.0,25.0,50.0,25.0,75.0,100.0,0.0,12.5,50.0,75.0,75.0,50.0,100.0,50.0,12.5,75.0,-25.0,-33.33333333333333,33.33333333333333,75.0,37.5,50.0,66.66666666666666,33.33333333333333,-16.666666666666664,0.0,16.666666666666664,87.5
2007-04-27,-60.0,30.0,100.0,33.33333333333333,0.0,0.0,-50.0,-12.5,62.5,37.5,25.0,50.0,25.0,87.5,62.5,100.0,37.5,0.0,25.0,25.0,50.0,50.0,-75.0,50.0,33.33333333333333,37.5,12.5,33.33333333333333,0.0,-16.666666666666664,16.666666666666664,25.0,16.666666666666664,100.0
2007-05-30,-50.0,40.0,50.0,0.0,-50.0,-66.66666666666666,25.0,-50.0,62.5,37.5,0.0,100.0,25.0,100.0,75.0,50.0,0.0,50.0,37.5,50.0,25.0,100.0,-25.0,0.0,50.0,62.5,100.0,50.0,-16.666666666666664,-16.666666666666664,-66.66666666666666,37.5,33.33333333333333,87.5
2007-06-28,10.0,30.0,0.0,-83.33333333333334,-50.0,0.0,50.0,-37.5,100.0,25.0,-25.0,-100.0,-25.0,50.0,50.0,37.5,-25.0,0.0,12.5,0.0,25.0,0.0,0.0,33.33333333333333,50.0,25.0,100.0,66.66666666666666,66.66666666666666,0.0,33.33333333333333,62.5,50.0,87.5
2007-07-30,10.0,20.0,-50.0,-50.0,-50.0,-66.66666666666666,50.0,-100.0,87.5,25.0,40.0,0.0,-25.0,12.5,37.5,50.0,12.5,50.0,37.5,25.0,25.0,37.5,0.0,-50.0,66.66666666666666,37.5,87.5,83.33333333333334,16.666666666666664,16.666666666666664,100.0,100.0,100.0,75.0
2007-08-30,10.0,-30.0,0.0,-50.0,-50.0,-66.66666666666666,100.0,-50.0,62.5,-25.0,10.0,-50.0,12.5,40.0,-12.5,87.5,-25.0,50.0,12.5,25.0,12.5,75.0,-12.5,-50.0,-16.666666666666664,12.5,50.0,16.666666666666664,83.33333333333334,33.33333333333333,100.0,87.5,33.33333333333333,62.5
2007-09-27,-20.0,-30.0,-50.0,-33.33333333333333,-100.0,-66.66666666666666,100.0,-50.0,25.0,-75.0,0.0,0.0,-75.0,50.0,50.0,50.0,25.0,0.0,50.0,25.0,0.0,75.0,0.0,-50.0,-33.33333333333333,50.0,12.5,0.0,0.0,66.66666666666666,50.0,25.0,16.666666666666664,62.5
2007-10-30,-25.0,-25.0,0.0,0.0,-100.0,0.0,75.0,-25.0,37.5,-50.0,-25.0,-100.0,-75.0,62.5,87.5,12.5,37.5,0.0,12.5,25.0,-12.5,62.5,12.5,-16.666666666666664,-66.66666666666666,37.5,37.5,16.666666666666664,50.0,50.0,0.0,-25.0,16.666666666666664,75.0
2007-11-29,-11.11111111111111,-33.33333333333333,-50.0,0.0,-50.0,0.0,-25.0,-50.0,25.0,25.0,11.11111111111111,0.0,-50.0,33.33333333333333,12.5,25.0,0.0,50.0,-50.0,-25.0,0.0,37.5,0.0,0.0,-16.666666666666664,37.5,75.0,-50.0,50.0,16.666666666666664,-66.66666666666666,-12.5,66.66666666666666,62.5
2007-12-28,33.33333333333333,11.11111111111111,-50.0,0.0,0.0,-66.66666666666666,-37.5,-75.0,25.0,-25.0,11.11111111111111,0.0,-25.0,0.0,25.0,50.0,-25.0,50.0,12.5,-25.0,0.0,100.0,-25.0,-33.33333333333333,-33.33333333333333,50.0,75.0,0.0,66.66666666666666,100.0,-100.0,25.0,33.33333333333333,37.5
2008-01-30,-60.0,-30.0,50.0,0.0,0.0,-66.66666666666666,-30.0,-80.0,30.0,10.0,-30.0,16.666666666666664,-50.0,60.0,0.0,0.0,-10.0,0.0,-30.0,-10.0,70.0,90.0,30.0,-12.5,50.0,-10.0,90.0,-37.5,25.0,25.0,-25.0,30.0,25.0,0.0
2008-02-28,-60.0,-40.0,50.0,-50.0,-50.0,-100.0,-20.0,0.0,30.0,-10.0,-60.0,-33.33333333333333,-60.0,20.0,20.0,0.0,-20.0,0.0,-40.0,-40.0,80.0,90.0,-10.0,-37.5,87.5,40.0,60.0,50.0,50.0,50.0,-37.5,50.0,-12.5,-10.0
2008-03-28,-100.0,-30.0,50.0,-40.0,0.0,-40.0,-30.0,-40.0,-20.0,-10.0,-60.0,-50.0,-80.0,30.0,40.0,-20.0,0.0,0.0,-40.0,0.0,30.0,50.0,-20.0,-50.0,-37.5,0.0,20.0,-25.0,-25.0,12.5,-75.0,20.0,25.0,-40.0
2008-04-29,-100.0,-80.0,50.0,-40.0,0.0,-60.0,-40.0,-20.0,-70.0,-70.0,-50.0,-16.666666666666664,-10.0,-20.0,0.0,-30.0,-20.0,0.0,10.0,-30.0,60.0,30.0,20.0,37.5,37.5,-10.0,20.0,25.0,25.0,37.5,12.5,10.0,12.5,20.0
2008-05-29,-50.0,-30.0,0.0,-100.0,-100.0,-33.33333333333333,-60.0,-50.0,-50.0,-50.0,-40.0,-33.33333333333333,0.0,-10.0,-60.0,-60.0,-30.0,0.0,0.0,-10.0,40.0,10.0,-40.0,-75.0,-37.5,-40.0,50.0,-37.5,-62.5,25.0,-62.5,10.0,12.5,20.0
2008-06-27,0.0,0.0,-33.33333333333333,-100.0,-100.0,-16.666666666666664,-50.0,-70.0,0.0,-80.0,-20.0,-33.33333333333333,-60.0,-30.0,-20.0,-30.0,-20.0,0.0,-40.0,-20.0,60.0,20.0,-20.0,-12.5,0.0,-40.0,0.0,12.5,0.0,12.5,-50.0,-10.0,-25.0,20.0
2008-07-30,-20.0,-100.0,-100.0,-100.0,-83.33333333333334,-100.0,-80.0,-80.0,-10.0,-70.0,0.0,-83.33333333333334,-90.0,-50.0,-40.0,-60.0,-50.0,0.0,-50.0,10.0,10.0,-10.0,-80.0,-25.0,12.5,-40.0,80.0,0.0,12.5,37.5,-75.0,-50.0,-12.5,-20.0
2008-08-28,-40.0,-100.0,-100.0,-100.0,-66.66666666666666,-100.0,-100.0,-60.0,-30.0,-30.0,-10.0,-33.33333333333333,-100.0,10.0,-100.0,-60.0,-60.0,0.0,-30.0,10.0,20.0,-10.0,-60.0,-25.0,-87.5,-20.0,0.0,-50.0,-75.0,0.0,-100.0,-50.0,-50.0,0.0
2008-09-29,-50.0,-90.0,-100.0,-100.0,-66.66666666666666,-100.0,-80.0,-60.0,-70.0,-20.0,-80.0,-83.33333333333334,-50.0,10.0,-50.0,-20.0,-60.0,0.0,-40.0,-60.0,10.0,40.0,-50.0,-37.5,-50.0,-75.0,30.0,37.5,-50.0,0.0,-25.0,-50.0,-100.0,-40.0
2008-10-30,-100.0,-80.0,-66.66666666666666,-100.0,-16.666666666666664,-83.33333333333334,-60.0,-100.0,-50.0,-60.0,-80.0,-83.33333333333334,-50.0,-20.0,-80.0,-40.0,-60.0,0.0,-70.0,-50.0,-60.0,0.0,-20.0,12.5,-62.5,-75.0,-10.0,-12.5,-87.5,-75.0,-37.5,-60.0,-87.5,-60.0
2008-11-27,-100.0,-80.0,-66.66666666666666,-66.66666666666666,-66.66666666666666,-100.0,-70.0,-100.0,-40.0,-60.0,-50.0,-100.0,-60.0,-60.0,-60.0,-60.0,-40.0,0.0,-100.0,-80.0,-60.0,-20.0,-20.0,-87.5,-75.0,-75.0,-20.0,37.5,-50.0,-62.5,-87.5,-90.0,-87.5,-60.0
2008-12-30,-100.0,-100.0,-100.0,-66.66666666666666,-100.0,-100.0,-100.0,-100.0,-20.0,-90.0,-60.0,-100.0,-100.0,-100.0,-100.0,-30.0,-30.0,-33.33333333333333,-80.0,-80.0,-90.0,-40.0,-70.0,-25.0,-75.0,-100.0,-70.0,-75.0,-75.0,-50.0,-75.0,-90.0,-75.0,-80.0
2009-01-29,-100.0,-100.0,-100.0,-100.0,-100.0,-100.0,-80.0,-100.0,-30.0,-50.0,-90.0,-83.33333333333334,-70.0,-60.0,-90.0,-70.0,-70.0,-33.33333333333333,-90.0,-50.0,-100.0,-60.0,-80.0,-100.0,-62.5,-37.5,-50.0,-50.0,-62.5,-87.5,-100.0,-100.0,-75.0,-80.0
2009-02-26,-60.0,-80.0,-66.66666666666666,-83.33333333333334,-100.0,-66.66666666666666,-50.0,-100.0,-60.0,-40.0,-100.0,-100.0,-100.0,-60.0,-80.0,-70.0,-80.0,-33.33333333333333,-80.0,-60.0,-90.0,-100.0,-100.0,-100.0,-62.5,-62.5,-70.0,-62.5,-100.0,-75.0,-50.0,-80.0,-50.0,-40.0
2009-03-30,-80.0,-80.0,-66.66666666666666,-83.33333333333334,-66.66666666666666,-66.66666666666666,-60.0,-60.0,-40.0,-30.0,-80.0,-83.33333333333334,-100.0,-20.0,-100.0,-50.0,-100.0,-33.33333333333333,-90.0,-50.0,-60.0,-100.0,-100.0,-100.0,-87.5,-50.0,-60.0,0.0,-87.5,-100.0,-75.0,-80.0,-37.5,-40.0
2009-04-29,-30.0,-80.0,-66.66666666666666,-66.66666666666666,-66.66666666666666,-66.66666666666666,-60.0,-50.0,-50.0,-20.0,-80.0,-83.33333333333334,-90.0,-50.0,-40.0,-30.0,-70.0,0.0,-90.0,-70.0,-70.0,-90.0,-70.0,-75.0,-62.5,-37.5,-50.0,0.0,-50.0,-100.0,0.0,0.0,0.0,-40.0
2009-05-28,-40.0,-40.0,-33.33333333333333,-33.33333333333333,-100.0,-66.66666666666666,-60.0,-40.0,-20.0,-20.0,-40.0,-66.66666666666666,-60.0,-40.0,-40.0,20.0,-30.0,-33.33333333333333,-80.0,-40.0,-90.0,-70.0,-40.0,-50.0,-25.0,-37.5,-40.0,37.5,-50.0,-25.0,12.5,0.0,62.5,-50.0
2009-06-29,0.0,-40.0,-33.33333333333333,-33.33333333333333,-100.0,-33.33333333333333,10.0,-40.0,40.0,20.0,-20.0,-50.0,-10.0,-30.0,-30.0,0.0,-20.0,0.0,-90.0,-20.0,-90.0,0.0,-10.0,-12.5,25.0,50.0,-20.0,37.5,62.5,0.0,75.0,30.0,75.0,10.0
2009-07-30,30.0,10.0,-16.666666666666664,83.33333333333334,-66.66666666666666,100.0,0.0,0.0,20.0,10.0,10.0,-33.33333333333333,-20.0,20.0,-30.0,-10.0,-30.0,0.0,-60.0,-10.0,-60.0,20.0,0.0,-12.5,75.0,37.5,0.0,-12.5,37.5,25.0,75.0,20.0,62.5,30.0
2009-08-28,40.0,20.0,33.33333333333333,100.0,-16.666666666666664,100.0,40.0,-20.0,20.0,40.0,-20.0,33.33333333333333,30.0,-30.0,-40.0,0.0,-30.0,33.33333333333333,-80.0,20.0,20.0,20.0,40.0,75.0,75.0,37.5,-10.0,25.0,50.0,100.0,100.0,40.0,75.0,50.0
2009-09-29,40.0,50.0,33.33333333333333,66.66666666666666,16.666666666666664,0.0,30.0,-60.0,20.0,30.0,20.0,50.0,20.0,10.0,-30.0,30.0,-70.0,33.33333333333333,-10.0,60.0,30.0,30.0,40.0,87.5,12.5,0.0,0.0,50.0,37.5,75.0,75.0,70.0,62.5,10.0
2009-10-29,40.0,70.0,66.66666666666666,66.66666666666666,100.0,66.66666666666666,0.0,30.0,30.0,80.0,50.0,83.33333333333334,0.0,0.0,-10.0,20.0,-20.0,33.33333333333333,0.0,70.0,40.0,10.0,10.0,75.0,25.0,12.5,-10.0,25.0,-12.5,75.0,50.0,80.0,62.5,40.0
2009-11-27,20.0,10.0,16.666666666666664,33.33333333333333,66.66666666666666,100.0,-10.0,60.0,20.0,70.0,10.0,0.0,-20.0,-20.0,-10.0,40.0,-50.0,66.66666666666666,60.0,20.0,10.0,10.0,40.0,50.0,25.0,25.0,20.0,50.0,50.0,50.0,50.0,70.0,37.5,80.0
2009-12-30,50.0,30.0,33.33333333333333,16.666666666666664,100.0,66.66666666666666,30.0,60.0,80.0,40.0,40.0,16.666666666666664,-10.0,30.0,10.0,50.0,10.0,66.66666666666666,40.0,80.0,20.0,20.0,40.0,-12.5,50.0,75.0,60.0,37.5,50.0,87.5,0.0,50.0,50.0,60.0
2010-01-28,60.0,30.0,0.0,33.33333333333333,33.33333333333333,66.66666666666666,30.0,20.0,70.0,0.0,50.0,-16.666666666666664,10.0,20.0,-30.0,20.0,0.0,50.0,50.0,80.0,50.0,20.0,80.0,0.0,25.0,62.5,60.0,12.5,50.0,50.0,62.5,70.0,37.5,80.0
2010-02-25,90.0,10.0,0.0,33.33333333333333,66.66666666666666,0.0,10.0,60.0,70.0,10.0,70.0,66.66666666666666,30.0,0.0,-10.0,0.0,0.0,66.66666666666666,80.0,80.0,100.0,30.0,100.0,37.5,37.5,62.5,100.0,0.0,75.0,87.5,75.0,30.0,75.0,30.0
2010-03-30,60.0,40.0,50.0,33.33333333333333,-16.666666666666664,0.0,10.0,60.0,60.0,40.0,100.0,100.0,20.0,-30.0,10.0,40.0,40.0,66.66666666666666,50.0,50.0,60.0,80.0,70.0,100.0,25.0,25.0,80.0,25.0,87.5,62.5,62.5,60.0,50.0,90.0
2010-04-29,70.0,30.0,50.0,66.66666666666666,16.666666666666664,33.33333333333333,80.0,100.0,30.0,30.0,90.0,83.33333333333334,0.0,-20.0,10.0,90.0,30.0,50.0,40.0,60.0,60.0,80.0,50.0,37.5,37.5,12.5,40.0,37.5,100.0,50.0,100.0,60.0,50.0,90.0
2010-05-28,70.0,40.0,100.0,50.0,66.66666666666666,100.0,70.0,50.0,30.0,60.0,100.0,100.0,30.0,-40.0,50.0,90.0,70.0,33.33333333333333,40.0,40.0,40.0,70.0,40.0,-12.5,50.0,25.0,20.0,100.0,100.0,50.0,87.5,70.0,50.0,90.0
2010-06-29,30.0,20.0,100.0,33.33333333333333,100.0,83.33333333333334,40.0,60.0,40.0,40.0,100.0,50.0,80.0,-10.0,70.0,60.0,50.0,16.666666666666664,60.0,30.0,40.0,100.0,20.0,-12.5,100.0,12.5,50.0,75.0,75.0,25.0,50.0,90.0,37.5,60.0
2010-07-29,-10.0,40.0,16.666666666666664,0.0,33.33333333333333,33.33333333333333,80.0,0.0,60.0,40.0,50.0,50.0,70.0,-10.0,30.0,40.0,30.0,16.666666666666664,50.0,20.0,50.0,10.0,60.0,50.0,75.0,0.0,40.0,75.0,12.5,-25.0,25.0,90.0,25.0,0.0
2010-08-30,-20.0,60.0,66.66666666666666,33.33333333333333,-33.33333333333333,66.66666666666666,0.0,-20.0,40.0,30.0,-10.0,-33.33333333333333,30.0,40.0,30.0,80.0,10.0,66.66666666666666,20.0,60.0,30.0,20.0,20.0,75.0,37.5,-12.5,80.0,25.0,75.0,-25.0,-25.0,90.0,0.0,-10.0
2010-09-29,10.0,90.0,66.66666666666666,33.33333333333333,-16.666666666666664,-16.666666666666664,40.0,10.0,50.0,-20.0,-10.0,-16.666666666666664,70.0,30.0,30.0,60.0,30.0,33.33333333333333,20.0,70.0,10.0,20.0,40.0,37.5,0.0,75.0,60.0,50.0,25.0,-25.0,25.0,10.0,-12.5,-20.0
2010-10-28,20.0,50.0,50.0,100.0,33.33333333333333,66.66666666666666,10.0,-10.0,80.0,-10.0,-10.0,33.33333333333333,40.0,0.0,10.0,50.0,30.0,50.0,0.0,80.0,-10.0,30.0,60.0,37.5,-25.0,62.5,60.0,12.5,37.5,-37.5,-12.5,-30.0,-12.5,40.0
2010-11-29,80.0,80.0,66.66666666666666,-33.33333333333333,50.0,0.0,90.0,50.0,50.0,10.0,0.0,16.666666666666664,90.0,0.0,50.0,40.0,80.0,33.33333333333333,-20.0,70.0,10.0,30.0,20.0,-50.0,12.5,37.5,60.0,50.0,-25.0,0.0,50.0,10.0,25.0,10.0
2010-12-30,100.0,80.0,100.0,0.0,83.33333333333334,-33.33333333333333,90.0,50.0,10.0,-40.0,10.0,0.0,70.0,20.0,30.0,100.0,40.0,75.0,0.0,70.0,20.0,-60.0,20.0,12.5,25.0,25.0,10.0,25.0,0.0,-12.5,62.5,-30.0,37.5,40.0
2011-01-28,100.0,90.0,83.33333333333334,33.33333333333333,0.0,-33.33333333333333,-20.0,60.0,-10.0,-40.0,20.0,50.0,90.0,40.0,60.0,90.0,70.0,40.0,50.0,40.0,30.0,-70.0,50.0,0.0,37.5,37.5,70.0,0.0,-12.5,25.0,0.0,80.0,37.5,60.0
2011-02-25,80.0,80.0,66.66666666666666,66.66666666666666,50.0,-66.66666666666666,-40.0,80.0,-40.0,-40.0,-10.0,100.0,60.0,60.0,0.0,80.0,10.0,71.42857142857143,90.0,80.0,70.0,-30.0,60.0,50.0,25.0,-37.5,60.0,0.0,-12.5,25.0,-50.0,20.0,25.0,40.0
2011-03-30,40.0,60.0,50.0,50.0,33.33333333333333,66.66666666666666,-10.0,-20.0,-40.0,-25.0,60.0,83.33333333333334,20.0,40.0,10.0,30.0,20.0,50.0,60.0,60.0,50.0,-80.0,60.0,20.0,75.0,-75.0,90.0,-37.5,-75.0,25.0,0.0,50.0,-12.5,-10.0
2011-04-28,-20.0,60.0,66.66666666666666,0.0,66.66666666666666,16.666666666666664,-20.0,-30.0,10.0,-22.22222222222222,40.0,83.33333333333334,20.0,20.0,30.0,30.0,-10.0,62.5,80.0,60.0,100.0,-30.0,40.0,90.0,0.0,-37.5,40.0,0.0,-62.5,0.0,-12.5,60.0,-12.5,0.0
2011-05-30,-30.0,60.0,33.33333333333333,66.66666666666666,66.66666666666666,-66.66666666666666,0.0,-40.0,-20.0,11.11111111111111,20.0,100.0,40.0,30.0,50.0,40.0,40.0,62.5,80.0,40.0,90.0,-30.0,40.0,40.0,87.5,-25.0,60.0,-37.5,-37.5,25.0,-25.0,30.0,50.0,-30.0
2011-06-29,-40.0,-20.0,33.33333333333333,66.66666666666666,-16.666666666666664,-66.66666666666666,-30.0,0.0,0.0,-10.0,-10.0,16.666666666666664,0.0,-20.0,10.0,10.0,-10.0,12.5,60.0,10.0,50.0,-60.0,10.0,90.0,50.0,-25.0,30.0,75.0,-50.0,-37.5,-12.5,-10.0,12.5,0.0
2011-07-28,0.0,-40.0,-33.33333333333333,33.33333333333333,-16.666666666666664,-66.66666666666666,-60.0,20.0,-20.0,60.0,-30.0,-16.666666666666664,-10.0,30.0,-10.0,-40.0,-20.0,12.5,-30.0,-10.0,30.0,-50.0,-10.0,30.0,50.0,-62.5,50.0,37.5,12.5,-37.5,-62.5,-30.0,-57.14285714285714,0.0
2011-08-30,-20.0,-60.0,-66.66666666666666,-50.0,-16.666666666666664,0.0,-80.0,70.0,0.0,20.0,-30.0,-66.66666666666666,-60.0,-20.0,-40.0,-60.0,-50.0,25.0,-40.0,-40.0,10.0,-80.0,0.0,-20.0,-25.0,-50.0,60.0,0.0,-25.0,-25.0,-50.0,-10.0,-25.0,-33.33333333333333
2011-09-29,-20.0,-80.0,-66.66666666666666,-66.66666666666666,0.0,-100.0,-60.0,20.0,-20.0,60.0,-60.0,-66.66666666666666,-20.0,-40.0,-60.0,0.0,-70.0,12.5,10.0,0.0,0.0,-60.0,0.0,-50.0,-25.0,-62.5,30.0,-75.0,-50.0,0.0,-37.5,0.0,-87.5,-33.33333333333333
2011-10-28,20.0,-80.0,-66.66666666666666,-33.33333333333333,0.0,-66.66666666666666,-50.0,30.0,20.0,20.0,-10.0,-83.33333333333334,-20.0,0.0,-80.0,0.0,-60.0,-12.5,10.0,10.0,-40.0,-50.0,30.0,-30.0,12.5,-37.5,-30.0,-62.5,-87.5,12.5,-37.5,-40.0,-25.0,-80.0
2011-11-29,50.0,-80.0,-33.33333333333333,-66.66666666666666,-33.33333333333333,-100.0,-60.0,-20.0,-20.0,-20.0,-20.0,-66.66666666666666,-40.0,10.0,-70.0,20.0,-10.0,37.5,10.0,10.0,70.0,-60.0,10.0,-60.0,25.0,-75.0,-50.0,-62.5,-87.5,0.0,0.0,-50.0,-50.0,-70.0
2011-12-29,40.0,-80.0,-33.33333333333333,-100.0,-66.66666666666666,-100.0,-30.0,-40.0,-30.0,30.0,0.0,-100.0,10.0,30.0,-80.0,20.0,-40.0,12.5,30.0,0.0,20.0,-70.0,30.0,-60.0,-12.5,-50.0,-20.0,-62.5,-50.0,-12.5,-37.5,-30.0,-50.0,-50.0
2012-01-30,100.0,-40.0,-33.33333333333333,-100.0,-66.66666666666666,-100.0,-40.0,0.0,-20.0,30.0,-40.0,-83.33333333333334,40.0,20.0,-30.0,10.0,-10.0,37.5,0.0,-10.0,20.0,-40.0,30.0,-60.0,25.0,-12.5,-30.0,-37.5,-50.0,12.5,-87.5,-40.0,-87.5,-10.0
2012-02-28,30.0,-20.0,0.0,0.0,-66.66666666666666,-66.66666666666666,0.0,-20.0,-40.0,40.0,-40.0,-66.66666666666666,-10.0,40.0,-30.0,10.0,-30.0,37.5,0.0,-30.0,20.0,-10.0,40.0,30.0,37.5,12.5,60.0,0.0,25.0,25.0,-12.5,-30.0,-25.0,-20.0
2012-03-29,30.0,-30.0,33.33333333333333,33.33333333333333,-33.33333333333333,-66.66666666666666,0.0,80.0,-70.0,-10.0,-20.0,-16.666666666666664,-30.0,50.0,-30.0,40.0,-50.0,12.5,0.0,-60.0,10.0,-40.0,30.0,40.0,25.0,50.0,20.0,50.0,37.5,-12.5,-12.5,-40.0,25.0,-50.0
2012-04-27,30.0,-60.0,-50.0,-66.66666666666666,0.0,-50.0,-50.0,60.0,-40.0,30.0,30.0,-16.666666666666664,-20.0,70.0,-80.0,30.0,-70.0,12.5,20.0,-30.0,-20.0,-20.0,80.0,30.0,0.0,12.5,-20.0,50.0,25.0,0.0,37.5,-20.0,12.5,-40.0
2012-05-30,40.0,-60.0,-66.66666666666666,-33.33333333333333,16.666666666666664,-83.33333333333334,-50.0,60.0,-60.0,10.0,50.0,33.33333333333333,-30.0,80.0,-90.0,-40.0,-90.0,37.5,20.0,-30.0,-10.0,-50.0,100.0,40.0,0.0,-37.5,-20.0,75.0,50.0,37.5,50.0,-20.0,0.0,-60.0
2012-06-28,-30.0,-90.0,-33.33333333333333,-100.0,-33.33333333333333,-100.0,-70.0,0.0,-30.0,0.0,-20.0,16.666666666666664,-70.0,50.0,-90.0,0.0,-90.0,0.0,30.0,0.0,-20.0,-80.0,50.0,-10.0,-75.0,-75.0,-50.0,37.5,12.5,-25.0,12.5,-30.0,-12.5,-70.0
2012-07-30,-40.0,-100.0,-100.0,-33.33333333333333,0.0,-66.66666666666666,-60.0,20.0,-30.0,0.0,-60.0,-16.666666666666664,-10.0,20.0,-90.0,-20.0,-70.0,-12.5,30.0,-20.0,-10.0,-80.0,30.0,-10.0,-50.0,-37.5,-40.0,25.0,12.5,0.0,0.0,-20.0,-12.5,-40.0
2012-08-30,-10.0,-50.0,-100.0,-33.33333333333333,0.0,-66.66666666666666,-20.0,-60.0,40.0,20.0,-40.0,0.0,20.0,0.0,-70.0,-20.0,-50.0,-50.0,50.0,-20.0,-10.0,-40.0,10.0,-40.0,0.0,-12.5,-40.0,12.5,12.5,25.0,-50.0,-10.0,-50.0,-40.0
2012-09-27,50.0,-40.0,-33.33333333333333,-33.33333333333333,0.0,-66.66666666666666,10.0,-80.0,-60.0,40.0,-80.0,-66.66666666666666,-20.0,-20.0,-60.0,-40.0,-50.0,-50.0,-10.0,-40.0,-30.0,0.0,30.0,-20.0,25.0,-50.0,-10.0,12.5,-12.5,50.0,-37.5,-20.0,-37.5,-60.0
2012-10-30,0.0,-50.0,-66.66666666666666,-66.66666666666666,33.33333333333333,-33.33333333333333,60.0,-80.0,-10.0,50.0,-30.0,-33.33333333333333,-40.0,20.0,-70.0,-10.0,-60.0,-37.5,-20.0,-60.0,-40.0,20.0,30.0,-20.0,50.0,-12.5,-20.0,0.0,0.0,0.0,0.0,-20.0,25.0,-40.0
2012-11-29,40.0,-80.0,-50.0,-100.0,50.0,-33.33333333333333,50.0,-60.0,-30.0,10.0,-20.0,-33.33333333333333,-40.0,0.0,-100.0,-20.0,-80.0,37.5,-60.0,-20.0,-60.0,-20.0,0.0,20.0,-25.0,-25.0,-10.0,62.5,12.5,25.0,-50.0,30.0,50.0,0.0
2012-12-28,30.0,-80.0,-66.66666666666666,-83.33333333333334,16.666666666666664,-100.0,10.0,-40.0,20.0,-10.0,-60.0,-16.666666666666664,-30.0,10.0,-90.0,-20.0,-90.0,-12.5,-20.0,-60.0,-40.0,-40.0,-40.0,40.0,-50.0,-25.0,-60.0,100.0,37.5,37.5,-75.0,30.0,-62.5,10.0
2013-01-30,-20.0,-50.0,-33.33333333333333,-100.0,0.0,-100.0,-40.0,20.0,0.0,-50.0,-60.0,-50.0,-20.0,-10.0,-90.0,-50.0,-70.0,-37.5,-20.0,-20.0,-20.0,-30.0,-10.0,10.0,-37.5,-12.5,-20.0,62.5,75.0,50.0,0.0,-20.0,-12.5,40.0
2013-02-27,-20.0,-50.0,0.0,-50.0,0.0,-83.33333333333334,-40.0,0.0,-40.0,20.0,-50.0,0.0,-20.0,0.0,-20.0,-30.0,-40.0,-12.5,30.0,-50.0,-50.0,-40.0,-10.0,20.0,-37.5,-12.5,-30.0,25.0,75.0,50.0,-12.5,-10.0,37.5,-10.0
2013-03-28,20.0,-80.0,-33.33333333333333,-66.66666666666666,0.0,-100.0,-40.0,60.0,20.0,20.0,-60.0,50.0,-30.0,-10.0,-70.0,0.0,-40.0,-25.0,-10.0,-20.0,-50.0,-20.0,-10.0,0.0,0.0,-25.0,-30.0,0.0,37.5,0.0,-75.0,-10.0,12.5,30.0
2013-04-29,50.0,-60.0,-100.0,-33.33333333333333,0.0,-100.0,-20.0,20.0,-10.0,40.0,-30.0,50.0,-30.0,10.0,-40.0,10.0,-10.0,37.5,-20.0,-20.0,-60.0,-20.0,-70.0,0.0,25.0,12.5,-30.0,0.0,50.0,37.5,12.5,0.0,-50.0,-20.0
2013-05-30,20.0,-50.0,-100.0,-33.33333333333333,33.33333333333333,0.0,10.0,100.0,-20.0,40.0,10.0,33.33333333333333,-60.0,0.0,-80.0,-40.0,40.0,12.5,-10.0,0.0,-40.0,-40.0,-60.0,-30.0,0.0,37.5,-40.0,62.5,-37.5,-25.0,37.5,-30.0,-50.0,-80.0
2013-06-27,10.0,40.0,0.0,-33.33333333333333,50.0,-33.33333333333333,90.0,100.0,-40.0,60.0,20.0,66.66666666666666,-60.0,0.0,-60.0,10.0,40.0,0.0,-20.0,20.0,-10.0,-40.0,-80.0,-60.0,-50.0,0.0,-50.0,100.0,-75.0,-37.5,12.5,0.0,-37.5,-70.0
2013-07-30,0.0,80.0,66.66666666666666,-16.666666666666664,33.33333333333333,50.0,90.0,80.0,-30.0,60.0,0.0,16.666666666666664,-20.0,20.0,40.0,0.0,40.0,-50.0,30.0,-20.0,-80.0,-30.0,-20.0,-30.0,12.5,-75.0,10.0,62.5,-75.0,-12.5,62.5,60.0,-25.0,-60.0
2013-08-29,60.0,80.0,100.0,-16.666666666666664,100.0,66.66666666666666,100.0,80.0,-50.0,50.0,-30.0,16.666666666666664,10.0,0.0,20.0,70.0,0.0,-25.0,0.0,-40.0,-80.0,-80.0,-50.0,-20.0,12.5,-62.5,-40.0,75.0,-75.0,37.5,0.0,50.0,0.0,10.0
2013-09-27,40.0,80.0,100.0,0.0,100.0,83.33333333333334,100.0,60.0,-80.0,20.0,-20.0,33.33333333333333,20.0,-20.0,30.0,90.0,10.0,-37.5,0.0,-40.0,-80.0,0.0,-50.0,-10.0,50.0,-25.0,-30.0,37.5,-87.5,25.0,-25.0,50.0,-12.5,0.0
2013-10-30,20.0,50.0,0.0,16.666666666666664,16.666666666666664,66.66666666666666,60.0,20.0,-40.0,30.0,-50.0,0.0,30.0,-20.0,60.0,70.0,30.0,0.0,20.0,-30.0,-80.0,-10.0,-60.0,30.0,25.0,12.5,-70.0,25.0,-37.5,62.5,-37.5,40.0,-25.0,30.0
2013-11-28,50.0,0.0,50.0,0.0,50.0,33.33333333333333,50.0,80.0,-20.0,60.0,50.0,0.0,-20.0,20.0,40.0,30.0,60.0,-50.0,-30.0,10.0,-40.0,-20.0,-60.0,-50.0,-25.0,0.0,-40.0,75.0,-12.5,-25.0,0.0,30.0,-50.0,-10.0
2013-12-30,50.0,20.0,16.666666666666664,0.0,33.33333333333333,0.0,40.0,60.0,40.0,90.0,40.0,66.66666666666666,-30.0,20.0,20.0,50.0,80.0,-12.5,-20.0,-40.0,-40.0,-80.0,-20.0,-40.0,50.0,-25.0,20.0,62.5,-50.0,-12.5,0.0,20.0,-25.0,10.0
2014-01-30,100.0,50.0,66.66666666666666,16.666666666666664,66.66666666666666,-33.33333333333333,50.0,80.0,70.0,70.0,20.0,33.33333333333333,20.0,-20.0,50.0,20.0,60.0,0.0,20.0,-40.0,-10.0,-30.0,-60.0,-70.0,37.5,-37.5,-10.0,75.0,-37.5,25.0,0.0,40.0,0.0,-10.0
2014-02-27,20.0,80.0,33.33333333333333,33.33333333333333,33.33333333333333,16.666666666666664,50.0,-20.0,30.0,70.0,10.0,0.0,0.0,10.0,70.0,10.0,30.0,-25.0,-10.0,-20.0,-40.0,-20.0,-80.0,-40.0,37.5,-50.0,-40.0,75.0,-75.0,25.0,50.0,50.0,87.5,30.0
2014-03-28,0.0,30.0,33.33333333333333,83.33333333333334,16.666666666666664,33.33333333333333,60.0,-20.0,90.0,80.0,0.0,-33.33333333333333,20.0,50.0,80.0,60.0,0.0,-25.0,-20.0,-40.0,-20.0,-40.0,-70.0,-40.0,-25.0,25.0,-10.0,50.0,-75.0,12.5,62.5,20.0,37.5,-80.0
2014-04-29,10.0,50.0,66.66666666666666,100.0,33.33333333333333,16.666666666666664,60.0,-40.0,80.0,40.0,40.0,16.666666666666664,0.0,30.0,70.0,80.0,60.0,-62.5,-30.0,-20.0,-40.0,-30.0,-40.0,-40.0,-37.5,12.5,-30.0,25.0,-25.0,62.5,25.0,50.0,12.5,-60.0
2014-05-29,0.0,20.0,33.33333333333333,-16.666666666666664,50.0,66.66666666666666,40.0,40.0,30.0,40.0,20.0,-33.33333333333333,0.0,40.0,30.0,90.0,50.0,-37.5,-40.0,-20.0,-60.0,-40.0,-40.0,-40.0,-37.5,12.5,-80.0,-25.0,-75.0,25.0,-25.0,30.0,0.0,-60.0
2014-06-27,0.0,20.0,16.666666666666664,-33.33333333333333,100.0,33.33333333333333,60.0,80.0,20.0,60.0,-20.0,0.0,-20.0,30.0,80.0,60.0,40.0,12.5,-60.0,-20.0,-70.0,-80.0,-30.0,-60.0,75.0,50.0,-40.0,-75.0,-37.5,37.5,0.0,0.0,25.0,50.0
2014-07-30,20.0,0.0,0.0,-16.666666666666664,100.0,16.666666666666664,70.0,-10.0,-10.0,0.0,-10.0,-83.33333333333334,20.0,70.0,40.0,40.0,50.0,12.5,-70.0,-50.0,0.0,-40.0,-40.0,-50.0,62.5,25.0,-50.0,-37.5,-25.0,50.0,-37.5,-10.0,75.0,20.0
2014-08-28,50.0,-20.0,-33.33333333333333,33.33333333333333,100.0,-16.666666666666664,60.0,-50.0,10.0,10.0,20.0,-66.66666666666666,20.0,80.0,-10.0,-10.0,50.0,-75.0,-20.0,-50.0,-40.0,-70.0,20.0,-60.0,-12.5,37.5,-60.0,12.5,-50.0,75.0,-50.0,0.0,50.0,10.0
2014-09-29,80.0,-10.0,-100.0,33.33333333333333,50.0,-33.33333333333333,40.0,-60.0,-40.0,10.0,80.0,-100.0,40.0,-20.0,60.0,-20.0,50.0,-50.0,-20.0,-70.0,0.0,-40.0,10.0,-80.0,-12.5,-25.0,-50.0,-25.0,0.0,12.5,25.0,40.0,62.5,-50.0
2014-10-30,70.0,-40.0,-100.0,0.0,66.66666666666666,-33.33333333333333,-10.0,-30.0,10.0,-30.0,30.0,-66.66666666666666,20.0,0.0,-20.0,10.0,-20.0,-50.0,-20.0,-60.0,-20.0,-50.0,0.0,-10.0,-75.0,-25.0,-30.0,25.0,0.0,0.0,12.5,10.0,25.0,-30.0
2014-11-27,40.0,-10.0,-66.66666666666666,16.666666666666664,66.66666666666666,-33.33333333333333,-10.0,-60.0,10.0,10.0,20.0,-16.666666666666664,-20.0,-20.0,20.0,40.0,10.0,0.0,10.0,-50.0,0.0,-80.0,20.0,-80.0,-12.5,-50.0,-20.0,-50.0,37.5,-37.5,0.0,-30.0,-50.0,-70.0
2014-12-30,80.0,0.0,-33.33333333333333,-33.33333333333333,50.0,0.0,-20.0,-30.0,0.0,20.0,40.0,-16.666666666666664,40.0,-60.0,20.0,80.0,-30.0,-12.5,20.0,-20.0,-20.0,-80.0,-10.0,-20.0,-50.0,-25.0,-10.0,-75.0,25.0,25.0,-25.0,-20.0,-25.0,-20.0
2015-01-29,80.0,-10.0,0.0,-16.666666666666664,33.33333333333333,-16.666666666666664,30.0,-60.0,20.0,50.0,20.0,-33.33333333333333,30.0,-30.0,60.0,70.0,90.0,37.5,-30.0,-10.0,-40.0,-70.0,0.0,-30.0,-62.5,-12.5,-50.0,-50.0,37.5,37.5,-25.0,-10.0,-37.5,0.0
2015-02-26,20.0,50.0,33.33333333333333,83.33333333333334,100.0,50.0,0.0,-40.0,50.0,40.0,-70.0,-33.33333333333333,60.0,-40.0,10.0,50.0,80.0,50.0,-10.0,-10.0,-60.0,-80.0,-40.0,0.0,-62.5,-12.5,-20.0,-12.5,0.0,25.0,-12.5,10.0,12.5,-10.0
2015-03-30,-50.0,80.0,33.33333333333333,83.33333333333334,100.0,100.0,0.0,-60.0,20.0,10.0,-60.0,-50.0,90.0,-70.0,30.0,60.0,80.0,12.5,0.0,-60.0,-70.0,-40.0,-40.0,20.0,-75.0,25.0,-10.0,37.5,12.5,50.0,-25.0,0.0,0.0,-20.0
2015-04-29,-80.0,70.0,0.0,100.0,33.33333333333333,100.0,-40.0,-40.0,0.0,-20.0,-30.0,-16.666666666666664,30.0,-50.0,30.0,40.0,50.0,12.5,0.0,-60.0,-60.0,-40.0,0.0,30.0,-62.5,25.0,0.0,0.0,-37.5,-37.5,25.0,0.0,-100.0,-60.0
2015-05-28,-80.0,20.0,-50.0,33.33333333333333,100.0,66.66666666666666,-60.0,10.0,10.0,-30.0,-30.0,-66.66666666666666,50.0,-60.0,70.0,100.0,70.0,25.0,0.0,-30.0,-10.0,-30.0,30.0,40.0,-62.5,50.0,-80.0,-37.5,-75.0,0.0,25.0,-30.0,-100.0,-50.0
2015-06-29,-60.0,10.0,-50.0,50.0,100.0,50.0,-60.0,-10.0,40.0,20.0,-40.0,-66.66666666666666,-20.0,10.0,100.0,20.0,80.0,-37.5,0.0,-40.0,0.0,-100.0,30.0,20.0,0.0,25.0,-70.0,-50.0,0.0,25.0,0.0,-30.0,-62.5,-70.0
2015-07-30,-20.0,0.0,-66.66666666666666,66.66666666666666,16.666666666666664,66.66666666666666,-80.0,0.0,0.0,-40.0,-80.0,-16.666666666666664,-10.0,-20.0,50.0,70.0,50.0,-25.0,-60.0,-20.0,-20.0,-100.0,-30.0,0.0,0.0,12.5,-80.0,-50.0,-50.0,25.0,-37.5,0.0,-75.0,0.0
2015-08-28,-20.0,20.0,-16.666666666666664,0.0,66.66666666666666,-16.666666666666664,-10.0,-10.0,40.0,0.0,-70.0,-16.666666666666664,90.0,-40.0,40.0,50.0,-10.0,-37.5,-70.0,-30.0,-60.0,-100.0,0.0,0.0,0.0,0.0,-40.0,12.5,-50.0,0.0,-37.5,30.0,-75.0,-40.0
2015-09-29,-10.0,20.0,33.33333333333333,-33.33333333333333,50.0,66.66666666666666,-40.0,-60.0,0.0,-20.0,-30.0,-16.666666666666664,90.0,-40.0,60.0,10.0,10.0,-50.0,-70.0,-80.0,-100.0,-90.0,-40.0,0.0,-25.0,25.0,-50.0,-12.5,-50.0,12.5,-75.0,-20.0,-50.0,-60.0
2015-10-29,-60.0,30.0,0.0,50.0,33.33333333333333,50.0,-40.0,-30.0,-20.0,-50.0,10.0,-66.66666666666666,70.0,-70.0,-10.0,-10.0,-20.0,-37.5,-80.0,-20.0,-90.0,-80.0,-10.0,-60.0,-62.5,62.5,-30.0,-12.5,-25.0,12.5,0.0,30.0,-50.0,-70.0
2015-11-27,-60.0,50.0,-83.33333333333334,50.0,16.666666666666664,66.66666666666666,-80.0,-60.0,-10.0,-20.0,-20.0,-33.33333333333333,40.0,-10.0,-20.0,10.0,-30.0,-50.0,-60.0,-10.0,-80.0,-60.0,10.0,-30.0,-37.5,25.0,0.0,-37.5,25.0,25.0,-12.5,20.0,-25.0,-40.0
2015-12-30,-70.0,30.0,-50.0,33.33333333333333,0.0,66.66666666666666,-50.0,10.0,10.0,0.0,-80.0,-66.66666666666666,50.0,-20.0,-10.0,50.0,30.0,-50.0,-60.0,40.0,-80.0,-60.0,20.0,-50.0,12.5,50.0,-10.0,-25.0,37.5,25.0,12.5,30.0,-12.5,-10.0
2016-01-28,-80.0,-10.0,0.0,0.0,16.666666666666664,16.666666666666664,-60.0,-50.0,10.0,-10.0,-50.0,-66.66666666666666,80.0,-20.0,10.0,40.0,30.0,-50.0,-80.0,10.0,-80.0,-30.0,0.0,-40.0,-37.5,-12.5,-30.0,12.5,0.0,-25.0,12.5,-30.0,-12.5,0.0
2016-02-26,-60.0,-10.0,-66.66666666666666,0.0,33.33333333333333,-16.666666666666664,-20.0,-80.0,30.0,60.0,-60.0,-16.666666666666664,70.0,-80.0,-20.0,80.0,40.0,0.0,-40.0,10.0,-40.0,-50.0,-60.0,-30.0,-12.5,0.0,20.0,50.0,-50.0,-25.0,0.0,-40.0,-50.0,-30.0
2016-03-30,-50.0,-40.0,-100.0,0.0,50.0,-33.33333333333333,-40.0,-80.0,0.0,70.0,-20.0,33.33333333333333,80.0,-70.0,-30.0,50.0,30.0,0.0,-60.0,20.0,0.0,-60.0,-50.0,-60.0,-50.0,12.5,20.0,37.5,12.5,-37.5,-12.5,-20.0,0.0,-10.0
2016-04-28,-60.0,0.0,-33.33333333333333,0.0,0.0,-16.666666666666664,-50.0,-20.0,-10.0,50.0,40.0,33.33333333333333,-10.0,-70.0,-40.0,50.0,10.0,0.0,-40.0,0.0,-20.0,-50.0,10.0,40.0,12.5,37.5,0.0,50.0,25.0,25.0,-12.5,20.0,0.0,-20.0
2016-05-30,-60.0,-20.0,0.0,83.33333333333334,33.33333333333333,16.666666666666664,-50.0,-50.0,-30.0,50.0,-10.0,33.33333333333333,0.0,30.0,-20.0,-30.0,-30.0,12.5,-50.0,0.0,40.0,-70.0,60.0,-20.0,12.5,50.0,-20.0,0.0,0.0,12.5,62.5,20.0,50.0,-30.0
2016-06-29,-60.0,0.0,0.0,16.666666666666664,33.33333333333333,0.0,-60.0,10.0,60.0,80.0,-40.0,0.0,10.0,50.0,-50.0,-30.0,-60.0,50.0,-80.0,-20.0,50.0,60.0,10.0,-30.0,-62.5,50.0,-60.0,-25.0,0.0,37.5,25.0,0.0,37.5,-10.0
2016-07-28,0.0,-40.0,-33.33333333333333,-33.33333333333333,0.0,-33.33333333333333,-20.0,10.0,30.0,60.0,-60.0,-33.33333333333333,30.0,30.0,-100.0,-50.0,-40.0,12.5,-60.0,-70.0,0.0,20.0,-50.0,-80.0,-62.5,12.5,-10.0,-12.5,-75.0,0.0,12.5,10.0,25.0,10.0
2016-08-30,-30.0,10.0,-100.0,-16.666666666666664,0.0,-16.666666666666664,-20.0,-20.0,60.0,70.0,-20.0,-33.33333333333333,-10.0,20.0,-40.0,-60.0,0.0,0.0,-20.0,-50.0,20.0,0.0,-40.0,-60.0,-75.0,62.5,-40.0,100.0,25.0,25.0,-25.0,30.0,12.5,0.0
2016-09-29,-20.0,20.0,-66.66666666666666,66.66666666666666,33.33333333333333,-16.666666666666664,20.0,-10.0,-40.0,80.0,-40.0,16.666666666666664,-30.0,30.0,-60.0,-10.0,-70.0,12.5,0.0,10.0,0.0,40.0,-20.0,-30.0,-37.5,-25.0,10.0,25.0,62.5,25.0,-37.5,10.0,12.5,60.0
2016-10-28,-40.0,50.0,0.0,33.33333333333333,33.33333333333333,33.33333333333333,40.0,-20.0,0.0,80.0,0.0,83.33333333333334,-60.0,-40.0,-10.0,-30.0,0.0,-12.5,-50.0,10.0,20.0,-20.0,10.0,-10.0,0.0,12.5,0.0,87.5,12.5,37.5,-75.0,0.0,37.5,40.0
2016-11-29,40.0,50.0,100.0,100.0,66.66666666666666,33.33333333333333,20.0,50.0,-30.0,70.0,30.0,50.0,-10.0,-30.0,30.0,-60.0,20.0,50.0,0.0,-30.0,30.0,-10.0,-20.0,60.0,-25.0,-25.0,50.0,100.0,12.5,0.0,-12.5,-20.0,37.5,10.0
2016-12-29,20.0,60.0,83.33333333333334,50.0,66.66666666666666,33.33333333333333,30.0,60.0,-60.0,70.0,50.0,16.666666666666664,0.0,-10.0,-10.0,-30.0,-10.0,37.5,-30.0,-40.0,30.0,0.0,0.0,-30.0,12.5,50.0,60.0,62.5,0.0,12.5,12.5,20.0,87.5,80.0
2017-01-30,40.0,80.0,66.66666666666666,100.0,33.33333333333333,33.33333333333333,10.0,40.0,-30.0,80.0,60.0,0.0,40.0,0.0,-10.0,0.0,10.0,25.0,10.0,-20.0,80.0,10.0,-30.0,-10.0,0.0,37.5,50.0,75.0,0.0,50.0,50.0,40.0,12.5,50.0
2017-02-27,40.0,90.0,66.66666666666666,83.33333333333334,16.666666666666664,66.66666666666666,60.0,20.0,20.0,40.0,70.0,0.0,30.0,0.0,-30.0,50.0,20.0,75.0,-10.0,-20.0,50.0,40.0,-80.0,-10.0,-12.5,37.5,40.0,62.5,-25.0,87.5,62.5,60.0,25.0,60.0
2017-03-30,10.0,100.0,50.0,83.33333333333334,16.666666666666664,33.33333333333333,40.0,10.0,-10.0,60.0,80.0,66.66666666666666,20.0,0.0,40.0,50.0,40.0,62.5,0.0,40.0,60.0,20.0,-70.0,10.0,-37.5,37.5,50.0,75.0,12.5,87.5,87.5,70.0,37.5,40.0
2017-04-27,10.0,80.0,83.33333333333334,33.33333333333333,-66.66666666666666,16.666666666666664,60.0,100.0,50.0,10.0,100.0,33.33333333333333,50.0,50.0,30.0,60.0,30.0,87.5,-40.0,80.0,30.0,10.0,-50.0,-20.0,-37.5,12.5,40.0,37.5,25.0,50.0,12.5,60.0,-25.0,80.0
2017-05-30,0.0,60.0,100.0,33.33333333333333,0.0,-16.666666666666664,-20.0,100.0,40.0,60.0,80.0,50.0,80.0,70.0,60.0,40.0,100.0,50.0,-30.0,70.0,50.0,60.0,20.0,60.0,-75.0,-12.5,0.0,50.0,75.0,100.0,50.0,80.0,12.5,60.0
2017-06-29,20.0,80.0,100.0,33.33333333333333,66.66666666666666,66.66666666666666,-10.0,70.0,20.0,30.0,60.0,-33.33333333333333,50.0,60.0,30.0,20.0,100.0,12.5,-80.0,100.0,60.0,0.0,50.0,-60.0,-25.0,-50.0,40.0,-50.0,75.0,50.0,37.5,60.0,12.5,40.0
2017-07-28,-10.0,80.0,66.66666666666666,66.66666666666666,33.33333333333333,-33.33333333333333,-20.0,10.0,20.0,50.0,60.0,50.0,100.0,80.0,40.0,10.0,80.0,25.0,-40.0,80.0,80.0,20.0,10.0,10.0,-12.5,-62.5,10.0,-37.5,87.5,87.5,25.0,60.0,0.0,40.0
2017-08-30,40.0,50.0,33.33333333333333,50.0,0.0,66.66666666666666,-60.0,60.0,30.0,20.0,80.0,66.66666666666666,80.0,100.0,20.0,0.0,30.0,75.0,-50.0,50.0,80.0,80.0,30.0,0.0,62.5,-37.5,-20.0,-50.0,87.5,75.0,75.0,20.0,-25.0,90.0
2017-09-28,40.0,100.0,16.666666666666664,100.0,-50.0,66.66666666666666,50.0,80.0,20.0,30.0,60.0,33.33333333333333,70.0,60.0,20.0,20.0,20.0,50.0,0.0,80.0,80.0,80.0,-10.0,50.0,12.5,-25.0,20.0,12.5,75.0,50.0,62.5,90.0,87.5,30.0
2017-10-30,80.0,80.0,83.33333333333334,66.66666666666666,-16.666666666666664,83.33333333333334,40.0,80.0,-10.0,70.0,50.0,66.66666666666666,80.0,50.0,30.0,50.0,20.0,87.5,50.0,60.0,90.0,70.0,0.0,80.0,25.0,-12.5,40.0,0.0,62.5,37.5,75.0,40.0,50.0,10.0
2017-11-29,70.0,100.0,100.0,100.0,33.33333333333333,66.66666666666666,80.0,80.0,0.0,70.0,60.0,66.66666666666666,70.0,40.0,60.0,60.0,60.0,-37.5,80.0,80.0,60.0,80.0,-40.0,70.0,0.0,25.0,40.0,-12.5,100.0,25.0,62.5,70.0,75.0,0.0
2017-12-28,80.0,80.0,100.0,83.33333333333334,0.0,33.33333333333333,20.0,80.0,20.0,70.0,70.0,100.0,80.0,60.0,60.0,60.0,90.0,-50.0,40.0,80.0,20.0,50.0,-40.0,20.0,-12.5,0.0,0.0,-37.5,37.5,25.0,62.5,30.0,87.5,50.0
2018-01-30,40.0,80.0,66.66666666666666,100.0,16.666666666666664,16.666666666666664,60.0,50.0,40.0,-10.0,70.0,100.0,20.0,90.0,60.0,50.0,70.0,0.0,40.0,80.0,50.0,90.0,-60.0,80.0,-12.5,37.5,-10.0,-50.0,62.5,37.5,75.0,-30.0,62.5,80.0
2018-02-27,60.0,60.0,66.66666666666666,33.33333333333333,16.666666666666664,66.66666666666666,20.0,70.0,0.0,0.0,20.0,33.33333333333333,0.0,50.0,0.0,20.0,40.0,75.0,90.0,90.0,30.0,60.0,0.0,70.0,0.0,100.0,20.0,12.5,50.0,0.0,37.5,-40.0,37.5,40.0
2018-03-29,40.0,20.0,33.33333333333333,16.666666666666664,33.33333333333333,50.0,-30.0,40.0,-60.0,10.0,-20.0,66.66666666666666,-60.0,40.0,10.0,10.0,30.0,75.0,100.0,70.0,40.0,80.0,0.0,100.0,25.0,100.0,-20.0,25.0,37.5,-12.5,0.0,-30.0,62.5,30.0
2018-04-27,90.0,-20.0,0.0,-16.666666666666664,33.33333333333333,50.0,-50.0,0.0,-40.0,50.0,-40.0,16.666666666666664,-20.0,50.0,-20.0,-10.0,90.0,62.5,40.0,40.0,-30.0,0.0,20.0,60.0,0.0,37.5,20.0,37.5,50.0,12.5,-12.5,-20.0,75.0,0.0
2018-05-30,60.0,-40.0,-33.33333333333333,-66.66666666666666,-16.666666666666664,-33.33333333333333,-80.0,-60.0,-60.0,10.0,-10.0,33.33333333333333,-30.0,30.0,-60.0,40.0,80.0,75.0,60.0,30.0,-20.0,-50.0,0.0,100.0,25.0,12.5,-20.0,0.0,50.0,-25.0,-25.0,-50.0,37.5,10.0
2018-06-28,60.0,-80.0,-66.66666666666666,-50.0,-33.33333333333333,-33.33333333333333,-70.0,-60.0,0.0,-20.0,-80.0,50.0,10.0,50.0,-60.0,50.0,60.0,50.0,20.0,-30.0,0.0,-60.0,-40.0,90.0,62.5,25.0,-20.0,0.0,87.5,50.0,62.5,-30.0,25.0,-50.0
2018-07-30,50.0,-50.0,0.0,-66.66666666666666,-66.66666666666666,16.666666666666664,40.0,0.0,10.0,-10.0,0.0,66.66666666666666,0.0,30.0,0.0,40.0,70.0,50.0,-20.0,-60.0,0.0,-10.0,-20.0,70.0,62.5,37.5,-40.0,0.0,37.5,-12.5,12.5,-40.0,-25.0,-20.0
2018-08-30,20.0,-40.0,0.0,-66.66666666666666,-66.66666666666666,0.0,-10.0,-40.0,20.0,10.0,30.0,33.33333333333333,30.0,30.0,-40.0,20.0,40.0,0.0,-40.0,-80.0,-40.0,40.0,-20.0,20.0,50.0,75.0,-20.0,-12.5,0.0,-37.5,0.0,-20.0,-50.0,-60.0
2018-09-27,30.0,-50.0,-16.666666666666664,-50.0,-33.33333333333333,-33.33333333333333,0.0,0.0,40.0,50.0,20.0,0.0,-20.0,40.0,0.0,20.0,20.0,87.5,-40.0,-60.0,-60.0,-20.0,0.0,0.0,25.0,75.0,10.0,0.0,-12.5,-25.0,-37.5,-30.0,-50.0,-40.0
2018-10-30,20.0,-80.0,-83.33333333333334,-50.0,0.0,-33.33333333333333,0.0,-40.0,0.0,30.0,20.0,0.0,-10.0,30.0,-50.0,-20.0,60.0,37.5,-60.0,-50.0,0.0,0.0,20.0,10.0,12.5,75.0,-40.0,-37.5,50.0,-12.5,-62.5,-60.0,0.0,-60.0
2018-11-29,30.0,-80.0,-100.0,-100.0,-33.33333333333333,-50.0,-40.0,-70.0,10.0,20.0,-30.0,-83.33333333333334,-70.0,0.0,-40.0,10.0,60.0,-75.0,-80.0,-40.0,10.0,-20.0,-60.0,-50.0,-25.0,50.0,-40.0,-50.0,-37.5,0.0,-25.0,-50.0,0.0,-30.0
2018-12-28,-60.0,-70.0,-100.0,-83.33333333333334,-33.33333333333333,-100.0,-60.0,-60.0,-20.0,-10.0,-40.0,-83.33333333333334,-60.0,30.0,-60.0,30.0,80.0,-12.5,20.0,-50.0,20.0,-20.0,-80.0,-40.0,-25.0,0.0,-50.0,-25.0,-25.0,50.0,-37.5,-30.0,0.0,-30.0
2019-01-30,-40.0,-80.0,-66.66666666666666,-100.0,-16.666666666666664,-100.0,-40.0,-30.0,-80.0,0.0,-10.0,-100.0,-60.0,60.0,-60.0,-20.0,40.0,-75.0,-10.0,-70.0,10.0,20.0,-60.0,-10.0,0.0,-12.5,-50.0,-62.5,-25.0,0.0,-100.0,10.0,-50.0,-40.0
2019-02-27,-70.0,-70.0,-100.0,-100.0,-16.666666666666664,-100.0,-80.0,-80.0,-40.0,-30.0,-40.0,-100.0,-70.0,40.0,-40.0,-40.0,20.0,-37.5,-30.0,-60.0,10.0,-40.0,-40.0,-30.0,37.5,-12.5,-10.0,-62.5,0.0,37.5,-37.5,0.0,-75.0,10.0
2019-03-28,-60.0,-40.0,-100.0,-66.66666666666666,-33.33333333333333,-66.66666666666666,-40.0,-100.0,-40.0,20.0,-40.0,-66.66666666666666,-60.0,30.0,-60.0,-20.0,20.0,-37.5,-80.0,-80.0,-10.0,-40.0,0.0,-20.0,-25.0,25.0,-10.0,-62.5,-12.5,0.0,-50.0,0.0,-62.5,-20.0
2019-04-29,-30.0,-50.0,-100.0,-33.33333333333333,-66.66666666666666,-16.666666666666664,-20.0,-70.0,-30.0,10.0,-30.0,-33.33333333333333,-50.0,0.0,-20.0,0.0,30.0,12.5,-70.0,-70.0,10.0,-60.0,60.0,-50.0,-62.5,0.0,10.0,-12.5,25.0,-12.5,-37.5,-60.0,-37.5,40.0
2019-05-30,0.0,-40.0,-83.33333333333334,16.666666666666664,-33.33333333333333,0.0,-20.0,-20.0,-10.0,20.0,-30.0,-16.666666666666664,-10.0,-10.0,-60.0,40.0,40.0,-50.0,0.0,-60.0,-60.0,-30.0,-10.0,-80.0,-75.0,-12.5,-40.0,-50.0,-25.0,-25.0,-50.0,-60.0,12.5,-30.0
2019-06-27,-20.0,-40.0,-100.0,16.666666666666664,0.0,16.666666666666664,-60.0,-30.0,-20.0,-80.0,-40.0,-50.0,30.0,-30.0,-10.0,40.0,40.0,-37.5,-40.0,-20.0,-90.0,-40.0,-80.0,-70.0,-25.0,0.0,-10.0,-37.5,-62.5,-25.0,-87.5,-80.0,-25.0,-50.0
2019-07-30,-20.0,-70.0,-100.0,-16.666666666666664,-66.66666666666666,-33.33333333333333,-90.0,10.0,0.0,10.0,0.0,-16.666666666666664,-80.0,-40.0,0.0,-20.0,30.0,-62.5,-30.0,-50.0,-80.0,0.0,-50.0,-30.0,-25.0,25.0,-10.0,37.5,-62.5,25.0,-75.0,-20.0,12.5,-60.0
2019-08-29,-30.0,-80.0,-66.66666666666666,-16.666666666666664,-100.0,-16.666666666666664,-100.0,-30.0,30.0,-10.0,0.0,-100.0,-70.0,-40.0,-80.0,-30.0,10.0,-37.5,-60.0,-50.0,-80.0,0.0,-60.0,-60.0,12.5,12.5,40.0,-75.0,-50.0,0.0,-50.0,-30.0,25.0,-40.0
2019-09-27,-20.0,-80.0,-100.0,-100.0,-83.33333333333334,-66.66666666666666,-60.0,-40.0,0.0,20.0,-20.0,-100.0,-80.0,-20.0,-50.0,-20.0,-10.0,-50.0,-60.0,0.0,-70.0,20.0,-40.0,-40.0,-37.5,-25.0,30.0,-12.5,0.0,-25.0,-37.5,-20.0,12.5,-40.0
2019-10-30,-30.0,-70.0,-66.66666666666666,-100.0,-66.66666666666666,-83.33333333333334,-60.0,-10.0,10.0,-10.0,-20.0,-100.0,-90.0,-40.0,-50.0,-50.0,-10.0,0.0,-100.0,20.0,-20.0,40.0,-30.0,-20.0,0.0,-62.5,30.0,-25.0,-100.0,-62.5,-12.5,-50.0,25.0,-60.0
2019-11-28,0.0,-30.0,-16.666666666666664,-83.33333333333334,-50.0,-83.33333333333334,-80.0,-50.0,10.0,20.0,-100.0,-83.33333333333334,-40.0,10.0,-40.0,-10.0,30.0,-50.0,-80.0,70.0,-30.0,50.0,-40.0,-80.0,-50.0,-75.0,0.0,25.0,-100.0,12.5,25.0,-10.0,25.0,0.0
2019-12-30,0.0,0.0,-33.33333333333333,16.666666666666664,-16.666666666666664,-33.33333333333333,-60.0,-20.0,-40.0,30.0,-50.0,-50.0,-60.0,-20.0,-70.0,-30.0,40.0,25.0,-60.0,60.0,10.0,60.0,-50.0,-100.0,37.5,-75.0,10.0,25.0,-50.0,-12.5,12.5,0.0,25.0,50.0
2020-01-30,10.0,10.0,-16.666666666666664,16.666666666666664,-33.33333333333333,-50.0,0.0,-30.0,-20.0,30.0,-70.0,0.0,-20.0,-60.0,-70.0,-20.0,40.0,12.5,-70.0,60.0,-20.0,30.0,20.0,-50.0,12.5,0.0,20.0,62.5,-62.5,25.0,0.0,20.0,50.0,20.0
2020-02-27,50.0,-20.0,-83.33333333333334,-66.66666666666666,-16.666666666666664,-100.0,20.0,-70.0,-20.0,0.0,-30.0,0.0,-10.0,-30.0,-80.0,-50.0,10.0,-12.5,-100.0,90.0,-30.0,0.0,30.0,-30.0,37.5,-12.5,-20.0,62.5,-50.0,-25.0,-50.0,0.0,62.5,-40.0
2020-03-30,-80.0,-100.0,-100.0,-66.66666666666666,-33.33333333333333,-100.0,-40.0,-60.0,-20.0,-40.0,-60.0,-100.0,-60.0,-60.0,-80.0,-60.0,-80.0,-100.0,-80.0,-20.0,-60.0,-60.0,-20.0,-60.0,-50.0,-50.0,-30.0,-50.0,-50.0,-62.5,0.0,-60.0,-50.0,-40.0
2020-04-29,-100.0,-100.0,-100.0,-100.0,-100.0,-33.33333333333333,-100.0,-60.0,-40.0,-20.0,-100.0,-66.66666666666666,-100.0,-40.0,-60.0,-100.0,-100.0,-100.0,-50.0,-20.0,-60.0,-30.0,-60.0,-50.0,-37.5,-50.0,-40.0,-50.0,-50.0,-50.0,-50.0,-60.0,-25.0,-40.0
2020-05-28,-40.0,-40.0,-100.0,-100.0,-100.0,-33.33333333333333,-100.0,-40.0,-10.0,30.0,-20.0,-66.66666666666666,-100.0,-60.0,-20.0,-100.0,-20.0,-37.5,10.0,-50.0,-80.0,-20.0,-20.0,-80.0,-50.0,-50.0,-100.0,-50.0,-25.0,0.0,-37.5,-30.0,-25.0,-50.0
2020-06-29,40.0,-40.0,-100.0,-100.0,-100.0,-33.33333333333333,-50.0,-40.0,-20.0,30.0,0.0,-33.33333333333333,-40.0,20.0,0.0,-80.0,0.0,-25.0,-20.0,-40.0,-40.0,-20.0,20.0,-60.0,-37.5,-25.0,-40.0,-37.5,-25.0,-37.5,25.0,0.0,37.5,20.0
2020-07-30,20.0,50.0,33.33333333333333,33.33333333333333,33.33333333333333,33.33333333333333,40.0,-30.0,-70.0,50.0,50.0,-33.33333333333333,-30.0,0.0,10.0,30.0,30.0,62.5,20.0,30.0,30.0,20.0,10.0,0.0,0.0,-50.0,-30.0,25.0,37.5,12.5,0.0,20.0,62.5,20.0
2020-08-28,20.0,-20.0,0.0,33.33333333333333,0.0,33.33333333333333,60.0,10.0,-80.0,30.0,-20.0,0.0,-60.0,-40.0,-60.0,0.0,-40.0,25.0,10.0,80.0,50.0,20.0,20.0,80.0,0.0,25.0,0.0,-12.5,0.0,-25.0,0.0,-10.0,37.5,40.0
2020-09-29,10.0,0.0,0.0,-33.33333333333333,-33.33333333333333,-50.0,60.0,-20.0,-40.0,-10.0,10.0,50.0,-50.0,0.0,-60.0,0.0,-60.0,-37.5,-10.0,90.0,40.0,60.0,0.0,100.0,37.5,-25.0,-40.0,12.5,37.5,50.0,-12.5,20.0,87.5,0.0
2020-10-29,20.0,-40.0,0.0,-66.66666666666666,-33.33333333333333,-66.66666666666666,10.0,0.0,0.0,10.0,40.0,33.33333333333333,-30.0,-60.0,-50.0,0.0,-60.0,-50.0,10.0,60.0,-40.0,30.0,50.0,90.0,75.0,-12.5,-20.0,-25.0,0.0,37.5,12.5,0.0,100.0,50.0
2020-11-27,10.0,-60.0,-33.33333333333333,-66.66666666666666,-33.33333333333333,-66.66666666666666,-60.0,-10.0,30.0,10.0,0.0,-33.33333333333333,-40.0,-30.0,-60.0,-40.0,-20.0,-25.0,20.0,20.0,-80.0,40.0,10.0,100.0,25.0,-25.0,-40.0,-25.0,50.0,25.0,87.5,40.0,100.0,40.0
2020-12-30,20.0,10.0,33.33333333333333,0.0,0.0,-33.33333333333333,-20.0,0.0,40.0,-20.0,-40.0,0.0,-10.0,-70.0,0.0,-20.0,-60.0,-25.0,60.0,20.0,-30.0,10.0,20.0,70.0,62.5,12.5,-10.0,25.0,25.0,50.0,0.0,40.0,62.5,70.0
2021-01-28,40.0,0.0,33.33333333333333,-33.33333333333333,-33.33333333333333,-100.0,-60.0,0.0,50.0,60.0,10.0,33.33333333333333,10.0,-40.0,-40.0,0.0,0.0,-25.0,-30.0,40.0,0.0,10.0,20.0,20.0,37.5,25.0,0.0,25.0,-12.5,-62.5,0.0,0.0,87.5,80.0
2021-02-25,40.0,40.0,33.33333333333333,-33.33333333333333,-50.0,-33.33333333333333,20.0,60.0,30.0,70.0,70.0,33.33333333333333,50.0,80.0,10.0,20.0,20.0,0.0,20.0,40.0,60.0,0.0,60.0,60.0,87.5,12.5,20.0,-50.0,-25.0,-25.0,62.5,80.0,37.5,40.0
2021-03-30,60.0,10.0,0.0,-33.33333333333333,-50.0,-33.33333333333333,60.0,60.0,40.0,40.0,80.0,66.66666666666666,20.0,60.0,-20.0,60.0,20.0,50.0,30.0,80.0,60.0,80.0,60.0,60.0,75.0,-25.0,20.0,-37.5,0.0,25.0,62.5,100.0,50.0,40.0
2021-04-29,80.0,20.0,0.0,0.0,-33.33333333333333,0.0,80.0,60.0,70.0,10.0,80.0,66.66666666666666,40.0,70.0,0.0,80.0,-50.0,50.0,90.0,40.0,60.0,40.0,60.0,30.0,12.5,-25.0,10.0,-50.0,12.5,25.0,100.0,90.0,62.5,50.0
2021-05-28,60.0,-20.0,16.666666666666664,0.0,33.33333333333333,33.33333333333333,80.0,20.0,60.0,-10.0,80.0,83.33333333333334,60.0,-10.0,10.0,80.0,40.0,0.0,80.0,10.0,100.0,70.0,60.0,70.0,37.5,-50.0,20.0,0.0,0.0,0.0,50.0,100.0,75.0,-10.0
2021-06-29,40.0,60.0,66.66666666666666,0.0,66.66666666666666,100.0,60.0,0.0,80.0,60.0,20.0,100.0,90.0,-20.0,10.0,100.0,0.0,0.0,60.0,80.0,80.0,80.0,60.0,90.0,25.0,0.0,20.0,-37.5,-25.0,-62.5,37.5,60.0,50.0,-20.0
2021-07-29,-10.0,20.0,66.66666666666666,-33.33333333333333,66.66666666666666,100.0,0.0,20.0,50.0,70.0,30.0,0.0,20.0,60.0,-10.0,80.0,-10.0,-25.0,0.0,50.0,60.0,20.0,60.0,40.0,37.5,12.5,-20.0,37.5,-37.5,-37.5,-12.5,70.0,37.5,40.0
2021-08-30,-25.0,50.0,0.0,-50.0,0.0,50.0,0.0,-25.0,50.0,87.5,25.0,50.0,25.0,25.0,-25.0,75.0,50.0,-33.33333333333333,-37.5,62.5,50.0,12.5,25.0,75.0,-16.666666666666664,50.0,0.0,-33.33333333333333,-33.33333333333333,-33.33333333333333,33.33333333333333,25.0,-33.33333333333333,0.0
