Unnamed: 0,EXT,APF,EVT,HEDGE,Intraday
2019-01-01,0.0,0.0,0.0,0.0,0.0
2019-01-02,-1008.90468750003,0.0,0.0,0.0,-1008.90468750003
2019-01-03,430.6754375000182,0.0,0.0,0.0,430.6754375000182
2019-01-04,-2486.040750000011,0.0,0.0,116.9323346555592,-2369.1084153444517
2019-01-07,0.0,0.0,0.0,0.0,0.0
2019-01-08,877.0406874999659,0.0,0.0,0.0,877.0406874999659
2019-01-09,0.0,0.0,-108.1973175721681,0.0,-108.1973175721681
2019-01-10,-137.1610000000068,0.0,0.0,0.0,-137.1610000000068
2019-01-11,0.0,0.0,0.0,0.0,0.0
2019-01-14,-285.0731875000114,0.0,0.0,0.0,-285.0731875000114
2019-01-15,82.8070000000091,0.0,0.0,0.0,82.8070000000091
2019-01-16,0.0,0.0,0.0,0.0,0.0
2019-01-17,52.6385000000023,0.0,0.0,0.0,52.6385000000023
2019-01-18,165.2469999999955,0.0,0.0,0.0,165.2469999999955
2019-01-21,0.0,0.0,0.0,0.0,0.0
2019-01-22,201.7261250000091,0.0,0.0,0.0,201.7261250000091
2019-01-23,-32.322,0.0,0.0,0.0,-32.322
2019-01-24,0.0,0.0,42.44311902464402,0.0,42.44311902464402
2019-01-25,86.0133749999909,0.0,0.0,0.0,86.0133749999909
2019-01-28,-330.8410000000046,0.0,0.0,0.0,-330.8410000000046
2019-01-29,0.0,0.0,0.0,0.0,0.0
2019-01-30,-122.275,0.0,91.32983120848989,0.0,-30.945168791510113
2019-01-31,0.0,0.0,0.0,0.0,0.0
2019-02-01,0.0,0.0,0.0,0.0,0.0
2019-02-04,0.0,0.0,0.0,0.0,0.0
2019-02-05,0.0,0.0,294.0825528614613,0.0,294.0825528614613
2019-02-06,0.0,0.0,0.0,0.0,0.0
2019-02-07,-90.08950000001138,0.0,-868.505555194413,0.0,-958.5950551944244
2019-02-08,0.0,0.0,0.0,0.0,0.0
2019-02-11,0.0,0.0,0.0,0.0,0.0
2019-02-12,-1127.257187500021,0.0,0.0,0.0,-1127.257187500021
2019-02-13,0.0,0.0,752.6439613175905,0.0,752.6439613175905
2019-02-14,137.2415000000045,0.0,0.0,0.0,137.2415000000045
2019-02-15,0.0,0.0,0.0,0.0,0.0
2019-02-18,0.0,0.0,0.0,0.0,0.0
2019-02-19,0.0,0.0,0.0,0.0,0.0
2019-02-20,0.0,0.0,0.0,0.0,0.0
2019-02-21,0.0,0.0,0.0,0.0,0.0
2019-02-22,-47.91099999999771,0.0,0.0,0.0,-47.91099999999771
2019-02-25,0.0,0.0,0.0,0.0,0.0
2019-02-26,0.0,0.0,0.0,0.0,0.0
2019-02-27,0.0,0.0,0.0,0.0,0.0
2019-02-28,0.0,0.0,0.0,0.0,0.0
2019-03-01,-37.94050000000681,0.0,0.0,0.0,-37.94050000000681
2019-03-04,261.7261249999705,0.0,0.0,0.0,261.7261249999705
2019-03-05,0.0,0.0,0.0,0.0,0.0
2019-03-06,0.0,0.0,24.19770616260107,0.0,24.19770616260107
2019-03-07,0.0,0.0,0.0,0.0,0.0
2019-03-08,217.4335,0.0,0.0,0.0,217.4335
2019-03-11,0.0,0.0,0.0,0.0,0.0
2019-03-12,0.0,762.1147611549686,0.0,0.0,762.1147611549686
2019-03-13,0.0,0.0,0.0,0.0,0.0
2019-03-14,0.0,0.0,0.0,0.0,0.0
2019-03-15,0.0,0.0,0.0,0.0,0.0
2019-03-18,0.0,0.0,0.0,0.0,0.0
2019-03-19,134.344,-323.608018015243,0.0,0.0,-189.26401801524298
2019-03-20,-60.83893750001589,0.0,105.1856781805049,0.0,44.346740680489006
2019-03-21,177.1385000000023,0.0,91.66105359574836,0.0,268.79955359575064
2019-03-22,0.0,0.0,0.0,0.0,0.0
2019-03-25,0.0,0.0,0.0,0.0,0.0
2019-03-26,-1529.973437500013,-129.0779223079375,0.0,0.0,-1659.0513598079506
2019-03-27,-37.55649999999545,0.0,173.6727851676827,0.0,136.11628516768724
2019-03-28,0.0,0.0,0.0,0.0,0.0
2019-03-29,172.2528750000023,0.0,0.0,0.0,172.2528750000023
2019-04-01,27.07981250002043,0.0,0.0,0.0,27.07981250002043
2019-04-02,0.0,121.0862031177015,0.0,0.0,121.0862031177015
2019-04-03,0.0,0.0,0.0,0.0,0.0
2019-04-04,0.0,0.0,0.0,0.0,0.0
2019-04-05,0.0,0.0,0.0,0.0,0.0
2019-04-08,0.0,0.0,0.0,0.0,0.0
2019-04-09,0.0,297.6339924615687,0.0,0.0,297.6339924615687
2019-04-10,0.0,0.0,0.0,0.0,0.0
2019-04-11,0.0,0.0,0.0,0.0,0.0
2019-04-12,-92.95300000000228,0.0,0.0,0.0,-92.95300000000228
2019-04-15,0.0,0.0,0.0,0.0,0.0
2019-04-16,0.0,238.0981896567541,0.0,0.0,238.0981896567541
2019-04-17,0.0,0.0,0.0,0.0,0.0
2019-04-18,0.0,0.0,0.0,0.0,0.0
2019-04-19,0.0,0.0,0.0,0.0,0.0
2019-04-22,0.0,0.0,0.0,0.0,0.0
2019-04-23,0.0,0.0,0.0,0.0,0.0
2019-04-24,0.0,0.0,-345.4920279224781,0.0,-345.4920279224781
2019-04-25,0.0,0.0,448.1867201246338,0.0,448.1867201246338
2019-04-26,0.0,0.0,0.0,0.0,0.0
2019-04-29,0.0,0.0,0.0,0.0,0.0
2019-04-30,0.0,0.0,0.0,0.0,0.0
2019-05-01,0.0,0.0,-309.4271128757817,0.0,-309.4271128757817
2019-05-02,0.0,0.0,0.0,0.0,0.0
2019-05-03,-203.826937499975,0.0,0.0,0.0,-203.826937499975
2019-05-06,1281.123000000007,0.0,0.0,0.0,1281.123000000007
2019-05-07,501.2025000000114,0.0,77.87607586873742,-883.6186796970225,-304.5401038282736
2019-05-08,0.0,0.0,-407.8066012784423,0.0,-407.8066012784423
2019-05-09,0.0,0.0,-46.80305562582056,0.0,-46.80305562582056
2019-05-10,-42.80581249999546,0.0,0.0,0.0,-42.80581249999546
2019-05-13,261.7776875000025,0.0,0.0,237.3666452385175,499.14433273852
2019-05-14,0.0,0.0,0.0,0.0,0.0
2019-05-15,0.0,0.0,0.0,0.0,0.0
2019-05-16,0.0,0.0,0.0,0.0,0.0
2019-05-17,64.1094999999932,0.0,0.0,0.0,64.1094999999932
2019-05-20,0.0,0.0,0.0,0.0,0.0
2019-05-21,0.0,0.0,0.0,0.0,0.0
2019-05-22,0.0,0.0,0.0,0.0,0.0
2019-05-23,-1177.657499999984,0.0,0.0,0.0,-1177.657499999984
2019-05-24,-361.0898124999911,0.0,0.0,0.0,-361.0898124999911
2019-05-27,0.0,0.0,0.0,0.0,0.0
2019-05-28,0.0,0.0,0.0,0.0,0.0
2019-05-29,0.0,0.0,-62.16148334194928,0.0,-62.16148334194928
2019-05-30,0.0,0.0,0.0,0.0,0.0
2019-05-31,-264.693,0.0,0.0,0.0,-264.693
2019-06-03,838.668687499984,0.0,0.0,0.0,838.668687499984
2019-06-04,-311.226125,0.0,-223.1024613623355,0.0,-534.3285863623355
2019-06-05,32.4895000000091,0.0,0.0,0.0,32.4895000000091
2019-06-06,107.4605000000091,0.0,0.0,0.0,107.4605000000091
2019-06-07,-472.6469999999999,0.0,0.0,0.0,-472.6469999999999
2019-06-10,0.0,0.0,0.0,0.0,0.0
2019-06-11,-67.99949999999319,0.0,0.0,0.0,-67.99949999999319
2019-06-12,0.0,0.0,0.0,0.0,0.0
2019-06-13,-652.2596249999978,0.0,0.0,0.0,-652.2596249999978
2019-06-14,0.0,0.0,0.0,0.0,0.0
2019-06-17,0.0,0.0,0.0,0.0,0.0
2019-06-18,-1560.356312499987,0.0,0.0,0.0,-1560.356312499987
2019-06-19,0.0,0.0,-194.2867236217395,0.0,-194.2867236217395
2019-06-20,831.6434999999931,0.0,158.3491268955248,0.0,989.9926268955179
2019-06-21,0.0,0.0,0.0,0.0,0.0
2019-06-24,0.0,0.0,0.0,0.0,0.0
2019-06-25,0.0,0.0,0.0,0.0,0.0
2019-06-26,0.0,0.0,-95.02516723978273,0.0,-95.02516723978273
2019-06-27,0.0,0.0,0.0,0.0,0.0
2019-06-28,0.0,0.0,0.0,0.0,0.0
2019-07-01,306.1065000000069,0.0,0.0,0.0,306.1065000000069
2019-07-02,0.0,0.0,0.0,0.0,0.0
2019-07-03,0.0,0.0,-251.8955312378941,0.0,-251.8955312378941
2019-07-04,0.0,0.0,0.0,0.0,0.0
2019-07-05,0.0,0.0,0.0,0.0,0.0
2019-07-08,0.0,0.0,0.0,0.0,0.0
2019-07-09,0.0,0.0,0.0,0.0,0.0
2019-07-10,-133.3711249999933,0.0,-175.1988965009808,0.0,-308.5700215009741
2019-07-11,0.0,0.0,0.0,0.0,0.0
2019-07-12,0.0,0.0,0.0,0.0,0.0
2019-07-15,0.0,0.0,0.0,0.0,0.0
2019-07-16,0.0,0.0,0.0,0.0,0.0
2019-07-17,0.0,0.0,0.0,0.0,0.0
2019-07-18,0.0,0.0,0.0,0.0,0.0
2019-07-19,0.0,0.0,0.0,0.0,0.0
2019-07-22,0.0,0.0,0.0,0.0,0.0
2019-07-23,0.0,124.3629033609161,0.0,0.0,124.3629033609161
2019-07-24,0.0,0.0,0.0,0.0,0.0
2019-07-25,177.2867499999864,0.0,0.0,0.0,177.2867499999864
2019-07-26,0.0,0.0,0.0,0.0,0.0
2019-07-29,0.0,0.0,0.0,0.0,0.0
2019-07-30,0.0,0.0,0.0,-83.78557141666666,-83.78557141666666
2019-07-31,479.1422500000104,0.0,286.0221424769825,0.0,765.1643924769928
2019-08-01,-2207.335437500013,0.0,0.0,0.0,-2207.335437500013
2019-08-02,86.97000000001364,0.0,0.0,166.1348777522125,253.10487775222614
2019-08-05,483.6674999999842,0.0,0.0,-368.6353825403913,115.03211745959294
2019-08-06,0.0,0.0,-215.0049845093072,0.0,-215.0049845093072
2019-08-07,-87.43850000000678,0.0,650.2174410502229,0.0,562.7789410502161
2019-08-08,0.0,0.0,0.0,0.0,0.0
2019-08-09,167.4145,0.0,0.0,0.0,167.4145
2019-08-12,0.0,0.0,0.0,0.0,0.0
2019-08-13,0.0,0.0,0.0,0.0,0.0
2019-08-14,-4.857999999986362,0.0,0.0,400.7472992637784,395.88929926379205
2019-08-15,193.1723749999954,0.0,6.779971471757527,0.0,199.95234647175295
2019-08-16,192.586,0.0,0.0,0.0,192.586
2019-08-19,-127.6680000000068,0.0,0.0,0.0,-127.6680000000068
2019-08-20,0.0,0.0,0.0,0.0,0.0
2019-08-21,788.1718125,0.0,0.0,0.0,788.1718125
2019-08-22,0.0,0.0,0.0,0.0,0.0
2019-08-23,1227.367499999973,0.0,0.0,0.0,1227.367499999973
2019-08-26,1074.886750000016,0.0,0.0,0.0,1074.886750000016
2019-08-27,-121.1773750000023,0.0,0.0,0.0,-121.1773750000023
2019-08-28,0.0,0.0,0.0,0.0,0.0
2019-08-29,305.6845000000159,0.0,0.0,0.0,305.6845000000159
2019-08-30,25.03549999999773,0.0,0.0,0.0,25.03549999999773
2019-09-02,0.0,0.0,0.0,0.0,0.0
2019-09-03,0.0,0.0,76.24736706627131,0.0,76.24736706627131
2019-09-04,323.7543749999908,0.0,125.4488328690257,0.0,449.20320786901647
2019-09-05,0.0,0.0,127.2568129860455,0.0,127.2568129860455
2019-09-06,0.0,0.0,0.0,0.0,0.0
2019-09-09,0.0,0.0,0.0,0.0,0.0
2019-09-10,0.0,-152.2292031026309,0.0,0.0,-152.2292031026309
2019-09-11,0.0,0.0,0.0,0.0,0.0
2019-09-12,0.0,0.0,0.0,0.0,0.0
2019-09-13,0.0,0.0,0.0,0.0,0.0
2019-09-16,0.0,0.0,0.0,0.0,0.0
2019-09-17,0.0,19.43332781026706,0.0,0.0,19.43332781026706
2019-09-18,0.0,0.0,-20.08972985083032,0.0,-20.08972985083032
2019-09-19,0.0,0.0,-241.637611483361,0.0,-241.637611483361
2019-09-20,706.6444999999956,0.0,0.0,0.0,706.6444999999956
2019-09-23,0.0,0.0,0.0,0.0,0.0
2019-09-24,-42.7004999999909,-95.37470169414506,0.0,0.0,-138.07520169413596
2019-09-25,0.0,0.0,-67.40853728772646,0.0,-67.40853728772646
2019-09-26,0.0,0.0,0.0,0.0,0.0
2019-09-27,0.0,0.0,0.0,0.0,0.0
2019-09-30,0.0,0.0,0.0,0.0,0.0
2019-10-01,0.0,471.8134028969199,0.0,0.0,471.8134028969199
2019-10-02,-27.4069999999932,0.0,0.0,340.3477664028243,312.94076640283106
2019-10-03,0.0,0.0,0.0,0.0,0.0
2019-10-04,0.0,0.0,0.0,0.0,0.0
2019-10-07,0.0,0.0,0.0,0.0,0.0
2019-10-08,162.9614999999886,0.0,0.0,0.0,162.9614999999886
2019-10-09,368.8031250000068,0.0,0.0,0.0,368.8031250000068
2019-10-10,242.5895,0.0,0.0,0.0,242.5895
2019-10-11,-352.6575000000068,0.0,0.0,0.0,-352.6575000000068
2019-10-14,0.0,0.0,0.0,0.0,0.0
2019-10-15,0.0,0.0,0.0,0.0,0.0
2019-10-16,0.0,0.0,0.0,0.0,0.0
2019-10-17,-107.659,0.0,0.0,0.0,-107.659
2019-10-18,72.37149999999545,0.0,0.0,0.0,72.37149999999545
2019-10-21,0.0,0.0,0.0,0.0,0.0
2019-10-22,0.0,0.0,0.0,0.0,0.0
2019-10-23,0.0,0.0,0.0,0.0,0.0
2019-10-24,0.0,0.0,-477.9753626242306,0.0,-477.9753626242306
2019-10-25,0.0,0.0,0.0,0.0,0.0
2019-10-28,0.0,0.0,0.0,0.0,0.0
2019-10-29,0.0,0.0,0.0,0.0,0.0
2019-10-30,47.12300000000682,0.0,271.2406366210134,0.0,318.3636366210202
2019-10-31,0.0,0.0,0.0,0.0,0.0
2019-11-01,-443.5829999999932,0.0,0.0,0.0,-443.5829999999932
2019-11-04,0.0,0.0,0.0,0.0,0.0
2019-11-05,0.0,0.0,0.0,0.0,0.0
2019-11-06,0.0,0.0,0.0,0.0,0.0
2019-11-07,0.0,0.0,49.84853267085804,0.0,49.84853267085804
2019-11-08,0.0,0.0,0.0,0.0,0.0
2019-11-11,0.0,0.0,0.0,0.0,0.0
2019-11-12,0.0,0.0,0.0,0.0,0.0
2019-11-13,0.0,0.0,238.7508823038187,0.0,238.7508823038187
2019-11-14,0.0,0.0,0.0,0.0,0.0
2019-11-15,0.0,0.0,0.0,0.0,0.0
2019-11-18,0.0,0.0,0.0,0.0,0.0
2019-11-19,0.0,0.0,0.0,0.0,0.0
2019-11-20,-102.9514999999932,0.0,0.0,0.0,-102.9514999999932
2019-11-21,0.0,0.0,0.0,0.0,0.0
2019-11-22,0.0,0.0,0.0,0.0,0.0
2019-11-25,0.0,0.0,0.0,0.0,0.0
2019-11-26,0.0,0.0,0.0,0.0,0.0
2019-11-27,0.0,0.0,0.0,0.0,0.0
2019-11-28,0.0,0.0,0.0,0.0,0.0
2019-11-29,0.0,0.0,0.0,0.0,0.0
2019-12-02,0.0,0.0,0.0,0.0,0.0
2019-12-03,0.0,0.0,0.0,0.0,0.0
2019-12-04,0.0,0.0,129.8376472201208,0.0,129.8376472201208
2019-12-05,0.0,0.0,0.0,0.0,0.0
2019-12-06,0.0,0.0,0.0,0.0,0.0
2019-12-09,0.0,0.0,0.0,0.0,0.0
2019-12-10,0.0,0.0,0.0,0.0,0.0
2019-12-11,0.0,0.0,0.0,0.0,0.0
2019-12-12,0.0,0.0,-60.63878911824841,0.0,-60.63878911824841
2019-12-13,0.0,0.0,0.0,0.0,0.0
2019-12-16,-86.53100000000452,0.0,0.0,0.0,-86.53100000000452
2019-12-17,0.0,0.0,0.0,0.0,0.0
2019-12-18,0.0,0.0,0.0,0.0,0.0
2019-12-19,0.0,0.0,-743.6116473135866,0.0,-743.6116473135866
2019-12-20,0.0,0.0,0.0,0.0,0.0
2019-12-23,0.0,0.0,0.0,0.0,0.0
2019-12-24,0.0,0.0,0.0,0.0,0.0
2019-12-25,0.0,0.0,0.0,0.0,0.0
2019-12-26,0.0,0.0,0.0,0.0,0.0
2019-12-27,0.0,0.0,0.0,0.0,0.0
2019-12-30,0.0,0.0,0.0,0.0,0.0
2019-12-31,0.0,0.0,0.0,0.0,0.0
2020-01-01,0.0,0.0,0.0,0.0,0.0
2020-01-02,53.21899999998178,0.0,0.0,0.0,53.21899999998178
2020-01-03,0.0,0.0,0.0,0.0,0.0
2020-01-06,0.0,0.0,0.0,0.0,0.0
2020-01-07,0.0,0.0,0.0,0.0,0.0
2020-01-08,0.0,0.0,0.0,0.0,0.0
2020-01-09,0.0,0.0,0.0,0.0,0.0
2020-01-10,0.0,0.0,0.0,0.0,0.0
2020-01-13,0.0,0.0,0.0,0.0,0.0
2020-01-14,0.0,0.0,0.0,0.0,0.0
2020-01-15,0.0,0.0,0.0,0.0,0.0
2020-01-16,0.0,0.0,0.0,0.0,0.0
2020-01-17,0.0,0.0,0.0,0.0,0.0
2020-01-20,0.0,0.0,0.0,0.0,0.0
2020-01-21,0.0,0.0,0.0,0.0,0.0
2020-01-22,0.0,0.0,103.1111178695812,0.0,103.1111178695812
2020-01-23,0.0,0.0,0.0,0.0,0.0
2020-01-24,0.0,0.0,0.0,0.0,0.0
2020-01-27,653.6430000000046,0.0,0.0,167.9842304425739,821.6272304425785
2020-01-28,156.7080000000091,0.0,0.0,0.0,156.7080000000091
2020-01-29,0.0,0.0,0.0,0.0,0.0
2020-01-30,46.80599999999547,0.0,111.2897036482074,0.0,158.09570364820286
2020-01-31,-156.1941875000023,0.0,0.0,131.5262044275871,-24.66798307241521
2020-02-03,0.0,0.0,0.0,0.0,0.0
2020-02-04,0.0,0.0,68.93756461065684,0.0,68.93756461065684
2020-02-05,81.62800000000908,0.0,0.0,0.0,81.62800000000908
2020-02-06,0.0,0.0,0.0,0.0,0.0
2020-02-07,0.0,0.0,0.0,0.0,0.0
2020-02-10,0.0,0.0,0.0,0.0,0.0
2020-02-11,0.0,0.0,0.0,0.0,0.0
2020-02-12,0.0,0.0,230.3935138289486,0.0,230.3935138289486
2020-02-13,0.0,0.0,0.0,0.0,0.0
2020-02-14,0.0,0.0,0.0,0.0,0.0
2020-02-17,0.0,0.0,0.0,0.0,0.0
2020-02-18,0.0,0.0,0.0,0.0,0.0
2020-02-19,0.0,0.0,0.0,0.0,0.0
2020-02-20,463.2390000000182,0.0,0.0,0.0,463.2390000000182
2020-02-21,0.0,0.0,0.0,0.0,0.0
2020-02-24,296.8779999999954,0.0,0.0,413.9717010009947,710.8497010009901
2020-02-25,824.5700625000223,0.0,0.0,-460.4614090654277,364.10865343459466
2020-02-26,-1527.958437500005,0.0,0.0,0.0,-1527.958437500005
2020-02-27,-870.9008750000343,0.0,0.0,2395.606202406745,1524.7053274067107
2020-02-28,4647.553562500052,0.0,0.0,-2583.897595416082,2063.65596708397
2020-03-02,101.9421249999723,0.0,0.0,0.0,101.9421249999723
2020-03-03,3943.996249999928,0.0,-361.6330368682753,0.0,3582.3632131316526
2020-03-04,1862.781437499956,0.0,227.1869123692214,901.5682999677108,2991.5366498368885
2020-03-05,3927.290312499975,0.0,0.0,0.0,3927.290312499975
2020-03-06,2820.102937500013,0.0,0.0,0.0,2820.102937500013
2020-03-09,49.23912500000071,0.0,0.0,0.0,49.23912500000071
2020-03-10,-3770.333562500019,1090.436687339087,0.0,0.0,-2679.896875160932
2020-03-11,-1861.50931249998,0.0,-877.2653013441015,0.0,-2738.7746138440816
2020-03-12,-5848.12856250004,0.0,0.0,0.0,-5848.12856250004
2020-03-13,4758.627374999976,0.0,-768.4057442782789,0.0,3990.2216307216977
2020-03-16,1288.175249999989,0.0,-528.7857491045137,0.0,759.3895008954754
2020-03-17,-1171.765062499982,-239.1268820879929,0.0,-184.6950070285759,-1595.5869516165508
2020-03-18,-2036.811499999998,0.0,0.0,0.0,-2036.811499999998
2020-03-19,481.5244999999977,0.0,67.28016666649182,0.0,548.8046666664895
2020-03-20,1304.614499999994,792.3772060096062,-1228.631987253306,-1818.791577116546,-950.4318583602517
2020-03-23,0.0,827.0168416664304,0.0,0.0,827.0168416664304
2020-03-24,3331.88806250004,311.9432852218224,0.0,5071.705925413556,8715.537273135418
2020-03-25,0.0,834.0742625195733,0.0,0.0,834.0742625195733
2020-03-26,0.0,286.7768484908848,-278.35410219955,0.0,8.42274629133476
2020-03-27,678.9531875000018,0.0,-147.6831976079507,0.0,531.2699898920512
2020-03-30,0.0,0.0,0.0,0.0,0.0
2020-03-31,0.0,635.8185288626998,0.0,0.0,635.8185288626998
2020-04-01,-1131.717437499984,18.20121004733845,0.0,0.0,-1113.5162274526456
2020-04-02,967.5878124999954,285.7683869807589,0.0,0.0,1253.3561994807542
2020-04-03,0.0,0.0,0.0,0.0,0.0
2020-04-06,408.1070624999909,0.0,0.0,1159.15493421842,1567.261996718411
2020-04-07,776.4794999999999,-125.5673034415789,0.0,0.0,650.912196558421
2020-04-08,1068.402999999995,-70.95079601060401,0.0,0.0,997.452203989391
2020-04-09,-558.2849999999864,163.5903993574429,0.0,0.0,-394.69460064254355
2020-04-10,0.0,0.0,0.0,0.0,0.0
2020-04-13,0.0,0.0,0.0,0.0,0.0
2020-04-14,-610.234749999984,-172.9633118118175,0.0,0.0,-783.1980618118016
2020-04-15,864.9537500000067,52.60205940597788,63.58533805243844,0.0,981.1411474584231
2020-04-16,0.0,74.6390584607495,0.0,0.0,74.6390584607495
2020-04-17,-285.8426875,0.0,0.0,0.0,-285.8426875
2020-04-20,2656.251062499995,0.0,0.0,0.0,2656.251062499995
2020-04-21,-1333.752749999973,29.44476104043527,0.0,0.0,-1304.3079889595379
2020-04-22,2175.511125000007,-4.066957464376699,0.0,0.0,2171.44416753563
2020-04-23,995.5132500000115,317.4739687735837,0.0,0.0,1312.987218773595
2020-04-24,58.89199999999772,0.0,0.0,0.0,58.89199999999772
2020-04-27,0.0,0.0,0.0,0.0,0.0
2020-04-28,2371.461812499969,208.2503723864283,279.2272287490081,0.0,2858.9394136354053
2020-04-29,3432.39356250002,6.996442997679017,-58.38742300266415,0.0,3381.002582495035
2020-04-30,336.909,275.2847408418639,0.0,0.0,612.1937408418639
2020-05-01,209.693500000025,0.0,0.0,0.0,209.693500000025
2020-05-04,0.0,0.0,0.0,0.0,0.0
2020-05-05,-1751.681562500016,251.6214670961197,0.0,0.0,-1500.0600954038964
2020-05-06,0.0,-170.5297172466138,0.0,0.0,-170.5297172466138
2020-05-07,-1586.148812499996,17.94904815881445,-358.4409669106723,0.0,-1926.6407312518536
2020-05-08,970.4354999999864,0.0,0.0,0.0,970.4354999999864
2020-05-11,0.0,0.0,0.0,0.0,0.0
2020-05-12,0.0,150.473739358766,0.0,0.0,150.473739358766
2020-05-13,46.44487500003183,94.34450004846279,729.9249809060716,0.0,870.7143559545661
2020-05-14,-57.72306250002502,-102.1595268966411,0.0,0.0,-159.8825893966661
2020-05-15,0.0,0.0,0.0,0.0,0.0
2020-05-18,-3383.409562500027,0.0,0.0,0.0,-3383.409562500027
2020-05-19,862.5486249999955,-407.1525034522719,0.0,0.0,455.39612154772357
2020-05-20,-1382.489437499966,138.1136567145042,0.0,0.0,-1244.3757807854618
2020-05-21,0.0,334.1367372337268,0.0,0.0,334.1367372337268
2020-05-22,0.0,0.0,0.0,0.0,0.0
2020-05-25,0.0,0.0,0.0,0.0,0.0
2020-05-26,1247.616874999993,-69.20874886645727,0.0,0.0,1178.4081261335357
2020-05-27,1786.879500000002,-37.26478344572593,0.0,0.0,1749.6147165542761
2020-05-28,1360.040250000009,-81.0348372529797,0.0,0.0,1279.0054127470294
2020-05-29,180.2174999999748,0.0,0.0,0.0,180.2174999999748
2020-06-01,0.0,0.0,0.0,0.0,0.0
2020-06-02,0.0,7.062456406343598,0.0,0.0,7.062456406343598
2020-06-03,625.5819999999864,-26.74410908304239,86.1715418385246,0.0,685.0094327554685
2020-06-04,-322.2609999999977,-650.2007524853454,0.0,0.0,-972.4617524853431
2020-06-05,-1096.801375000002,0.0,0.0,0.0,-1096.801375000002
2020-06-08,0.0,0.0,0.0,0.0,0.0
2020-06-09,757.3950000000068,41.96358122878112,0.0,0.0,799.3585812287879
2020-06-10,1172.828000000005,376.6264376790018,-220.6804160056404,0.0,1328.7740216733664
2020-06-11,1319.600499999959,339.2041285544484,0.0,0.0,1658.8046285544074
2020-06-12,4401.044062499981,0.0,0.0,0.0,4401.044062499981
2020-06-15,2902.516812499992,0.0,0.0,0.0,2902.516812499992
2020-06-16,3096.958125000012,52.47949287524436,0.0,0.0,3149.4376178752564
2020-06-17,125.7055000000184,357.157203941407,0.0,0.0,482.86270394142537
2020-06-18,572.9774999999954,-656.0568418799484,-875.773581770973,0.0,-958.852923650926
2020-06-19,-594.7898125000502,0.0,0.0,0.0,-594.7898125000502
2020-06-22,0.0,0.0,0.0,0.0,0.0
2020-06-23,144.6513750000067,7.02619787641939,0.0,0.0,151.6775728764261
2020-06-24,-2631.202625000022,0.0,-103.6999644152669,0.0,-2734.902589415289
2020-06-25,172.9740000000068,195.7132686215003,0.0,0.0,368.6872686215071
2020-06-26,254.3950000000114,0.0,0.0,0.0,254.3950000000114
2020-06-29,913.8394999999908,0.0,0.0,0.0,913.8394999999908
2020-06-30,0.0,61.71141253533783,0.0,0.0,61.71141253533783
2020-07-01,0.0,0.0,-294.6133000621961,0.0,-294.6133000621961
2020-07-02,-455.9068749999979,-71.27683332794071,0.0,0.0,-527.1837083279386
2020-07-03,0.0,0.0,0.0,0.0,0.0
2020-07-06,1195.817062499993,0.0,0.0,0.0,1195.817062499993
2020-07-07,-14.22999999999998,-60.11425565797381,0.0,0.0,-74.34425565797379
2020-07-08,0.0,0.0,0.0,0.0,0.0
2020-07-09,2165.949750000018,153.7435102427899,0.0,0.0,2319.693260242808
2020-07-10,0.0,0.0,0.0,0.0,0.0
2020-07-13,1315.811750000027,0.0,0.0,0.0,1315.811750000027
2020-07-14,0.0,197.6563805330986,0.0,0.0,197.6563805330986
2020-07-15,960.6894999999863,0.0,0.0,0.0,960.6894999999863
2020-07-16,-192.3200000000022,153.0586593698134,0.0,0.0,-39.26134063018881
2020-07-17,0.0,0.0,0.0,0.0,0.0
2020-07-20,0.0,0.0,0.0,0.0,0.0
2020-07-21,-1711.053062500023,120.0996343299739,0.0,0.0,-1590.9534281700492
2020-07-22,0.0,0.0,0.0,0.0,0.0
2020-07-23,1046.058875000005,-4.337113087436499,0.0,0.0,1041.7217619125684
2020-07-24,0.0,0.0,0.0,0.0,0.0
2020-07-27,0.0,0.0,0.0,0.0,0.0
2020-07-28,0.0,190.5773702408758,0.0,0.0,190.5773702408758
2020-07-29,0.0,0.0,0.0,0.0,0.0
2020-07-30,270.4269999999999,249.5781042297803,0.0,0.0,520.0051042297803
2020-07-31,0.0,0.0,0.0,0.0,0.0
2020-08-03,0.0,0.0,0.0,0.0,0.0
2020-08-04,0.0,378.9960402443907,0.0,0.0,378.9960402443907
2020-08-05,-102.6475000000045,0.0,0.0,0.0,-102.6475000000045
2020-08-06,0.0,334.319786633885,0.0,0.0,334.319786633885
2020-08-07,0.0,0.0,0.0,0.0,0.0
2020-08-10,0.0,0.0,0.0,0.0,0.0
2020-08-11,104.7676249999978,-413.3080133603989,0.0,0.0,-308.5403883604011
2020-08-12,821.131624999991,7.403343701950938,-219.4948092682273,0.0,609.0401594337146
2020-08-13,0.0,0.0,0.0,0.0,0.0
2020-08-14,0.0,0.0,0.0,0.0,0.0
2020-08-17,0.0,0.0,0.0,0.0,0.0
2020-08-18,0.0,-239.6318838693089,0.0,0.0,-239.6318838693089
2020-08-19,0.0,-301.2060203286381,0.0,0.0,-301.2060203286381
2020-08-20,1071.718500000027,0.0,0.0,0.0,1071.718500000027
2020-08-21,0.0,0.0,0.0,0.0,0.0
2020-08-24,4902.744500000033,0.0,0.0,0.0,4902.744500000033
2020-08-25,3042.408625000005,-262.6901297214613,0.0,0.0,2779.7184952785437
2020-08-26,2317.421062500009,-207.5006043655448,0.0,0.0,2109.9204581344643
2020-08-27,1428.273812499991,0.0,0.0,0.0,1428.273812499991
2020-08-28,-45.2120625000251,0.0,0.0,0.0,-45.2120625000251
2020-08-31,3106.723187500003,0.0,0.0,0.0,3106.723187500003
2020-09-01,-790.5456249999977,191.1961446664635,0.0,0.0,-599.3494803335342
2020-09-02,1411.865312499984,226.7808574639712,0.0,0.0,1638.6461699639551
2020-09-03,1783.459062499968,0.0,0.0,0.0,1783.459062499968
2020-09-04,3449.460562499979,0.0,0.0,0.0,3449.460562499979
2020-09-07,0.0,0.0,0.0,0.0,0.0
2020-09-08,5557.854749999997,674.8011436258487,0.0,0.0,6232.655893625845
2020-09-09,1234.660062499982,-694.954393115673,0.0,0.0,539.7056693843089
2020-09-10,0.0,0.0,54.41550188435767,0.0,54.41550188435767
2020-09-11,0.0,0.0,0.0,0.0,0.0
2020-09-14,0.0,0.0,0.0,0.0,0.0
2020-09-15,0.0,19.05123623144881,0.0,0.0,19.05123623144881
2020-09-16,354.8090625000069,112.4149423762296,-477.4364080415298,0.0,-10.212403165293267
2020-09-17,0.0,0.0,269.6921153546242,0.0,269.6921153546242
2020-09-18,430.6736250000022,0.0,0.0,0.0,430.6736250000022
2020-09-21,0.0,0.0,0.0,0.0,0.0
2020-09-22,0.0,-212.1702665442308,0.0,0.0,-212.1702665442308
2020-09-23,-3847.269562499969,-314.3531940511755,-157.7003331460802,0.0,-4319.3230896972245
2020-09-24,-195.8148750000022,0.0,134.2774818363899,0.0,-61.53739316361228
2020-09-25,-204.7160000000091,0.0,0.0,0.0,-204.7160000000091
2020-09-28,0.0,0.0,0.0,0.0,0.0
2020-09-29,0.0,88.53946308895303,0.0,0.0,88.53946308895303
2020-09-30,832.409374999982,-561.3592540755133,0.0,0.0,271.05012092446873
2020-10-01,-27.5529999999932,0.0,0.0,0.0,-27.5529999999932
2020-10-02,0.0,0.0,0.0,0.0,0.0
2020-10-05,0.0,0.0,0.0,0.0,0.0
2020-10-06,-2173.000562500004,66.70724621499004,-296.6592674805797,0.0,-2402.9525837655938
2020-10-07,0.0,-262.0306080737554,0.0,0.0,-262.0306080737554
2020-10-08,0.0,0.0,0.0,0.0,0.0
2020-10-09,-88.17900000000684,0.0,0.0,0.0,-88.17900000000684
2020-10-12,0.0,0.0,0.0,0.0,0.0
2020-10-13,0.0,316.221476689087,0.0,0.0,316.221476689087
2020-10-14,-48.14899999999773,54.34259645584559,0.0,0.0,6.19359645584786
2020-10-15,0.0,0.0,0.0,0.0,0.0
2020-10-16,0.0,0.0,0.0,0.0,0.0
2020-10-19,-21.15350000000684,0.0,0.0,0.0,-21.15350000000684
2020-10-20,-111.3083124999977,-191.104095079948,0.0,0.0,-302.4124075799457
2020-10-21,0.0,-180.0518881135975,0.0,0.0,-180.0518881135975
2020-10-22,0.0,0.0,0.0,0.0,0.0
2020-10-23,0.0,0.0,0.0,0.0,0.0
2020-10-26,128.9949999999932,0.0,0.0,0.0,128.9949999999932
2020-10-27,0.0,469.4973713390082,0.0,0.0,469.4973713390082
2020-10-28,197.2824999999955,-27.86066772613815,27.64882742032561,578.6465240897024,775.7171837838854
2020-10-29,0.0,0.0,0.0,0.0,0.0
2020-10-30,-327.6690000000045,0.0,0.0,0.0,-327.6690000000045
2020-11-02,0.0,0.0,0.0,0.0,0.0
2020-11-03,0.0,-62.79142164890057,0.0,0.0,-62.79142164890057
2020-11-04,0.0,220.4385779832346,0.0,0.0,220.4385779832346
2020-11-05,0.0,0.0,114.5860657675461,0.0,114.5860657675461
2020-11-06,0.0,0.0,0.0,0.0,0.0
2020-11-09,0.0,0.0,0.0,0.0,0.0
2020-11-10,0.0,-257.9330408835991,0.0,0.0,-257.9330408835991
2020-11-11,0.0,301.4294283904542,-925.4870395882236,0.0,-624.0576111977695
2020-11-12,624.2669999999841,0.0,0.0,0.0,624.2669999999841
2020-11-13,0.0,0.0,0.0,0.0,0.0
2020-11-16,0.0,0.0,0.0,0.0,0.0
2020-11-17,0.0,333.8025882897075,0.0,0.0,333.8025882897075
2020-11-18,-352.7700000000023,-64.69888267535914,0.0,0.0,-417.46888267536144
2020-11-19,0.0,0.0,0.0,0.0,0.0
2020-11-20,0.0,0.0,0.0,0.0,0.0
2020-11-23,0.0,0.0,0.0,0.0,0.0
2020-11-24,0.0,166.0057358377663,0.0,0.0,166.0057358377663
2020-11-25,0.0,81.02470779006259,0.0,0.0,81.02470779006259
2020-11-26,0.0,0.0,-41.64541323918653,0.0,-41.64541323918653
2020-11-27,0.0,0.0,0.0,0.0,0.0
2020-11-30,0.0,0.0,0.0,0.0,0.0
2020-12-01,0.0,-236.6366909195075,0.0,0.0,-236.6366909195075
2020-12-02,0.0,-239.0811173157628,0.0,0.0,-239.0811173157628
2020-12-03,829.2423124999978,0.0,0.0,0.0,829.2423124999978
2020-12-04,0.0,0.0,0.0,0.0,0.0
2020-12-07,0.0,0.0,0.0,0.0,0.0
2020-12-08,0.0,425.0607838218965,0.0,0.0,425.0607838218965
2020-12-09,0.0,8.00065600265275,0.0,0.0,8.00065600265275
2020-12-10,0.0,0.0,0.0,0.0,0.0
2020-12-11,0.0,0.0,0.0,0.0,0.0
2020-12-14,-69.60250000000227,0.0,0.0,0.0,-69.60250000000227
2020-12-15,0.0,-441.0587934857749,0.0,0.0,-441.0587934857749
2020-12-16,0.0,-164.5507009081234,0.0,0.0,-164.5507009081234
2020-12-17,0.0,0.0,0.0,0.0,0.0
2020-12-18,0.0,0.0,0.0,0.0,0.0
2020-12-21,0.0,0.0,0.0,-413.9496132562224,-413.9496132562224
2020-12-22,0.0,0.0,0.0,0.0,0.0
2020-12-23,0.0,0.0,0.0,0.0,0.0
2020-12-24,0.0,0.0,0.0,0.0,0.0
2020-12-25,0.0,0.0,0.0,0.0,0.0
2020-12-28,0.0,0.0,0.0,0.0,0.0
2020-12-29,0.0,0.0,0.0,0.0,0.0
2020-12-30,0.0,0.0,0.0,0.0,0.0
2020-12-31,0.0,0.0,0.0,0.0,0.0
2021-01-01,0.0,0.0,0.0,0.0,0.0
2021-01-04,740.1808749999959,0.0,0.0,0.0,740.1808749999959
2021-01-05,0.0,-115.3875155713668,0.0,0.0,-115.3875155713668
2021-01-06,1294.653000000009,45.47495728010319,0.0,0.0,1340.127957280112
2021-01-07,0.0,0.0,0.0,0.0,0.0
2021-01-08,399.6809999999909,0.0,0.0,0.0,399.6809999999909
2021-01-11,0.0,0.0,0.0,0.0,0.0
2021-01-12,0.0,-128.6588907455892,0.0,0.0,-128.6588907455892
2021-01-13,0.0,284.942710760842,0.0,0.0,284.942710760842
2021-01-14,0.0,0.0,0.0,0.0,0.0
2021-01-15,0.0,0.0,0.0,0.0,0.0
2021-01-18,0.0,0.0,0.0,0.0,0.0
2021-01-19,0.0,-141.3303580983557,0.0,0.0,-141.3303580983557
2021-01-20,0.0,-16.79761200000004,-11.98719161209773,0.0,-28.784803612097768
2021-01-21,0.0,0.0,0.0,0.0,0.0
2021-01-22,0.0,0.0,0.0,0.0,0.0
2021-01-25,353.8060000000361,0.0,0.0,0.0,353.8060000000361
2021-01-26,0.0,283.804474347789,0.0,0.0,283.804474347789
2021-01-27,795.7615000000181,398.5423781284523,0.0,230.2257062184423,1424.5295843469128
2021-01-28,0.0,0.0,0.0,0.0,0.0
2021-01-29,3576.660375000091,0.0,0.0,0.0,3576.660375000091
2021-02-01,0.0,0.0,0.0,0.0,0.0
2021-02-02,0.0,20.95527483833641,-7.268918565065725,0.0,13.686356273270686
2021-02-03,0.0,8.379642270376799,0.0,0.0,8.379642270376799
2021-02-04,0.0,0.0,382.5550660792956,0.0,382.5550660792956
2021-02-05,0.0,0.0,0.0,0.0,0.0
2021-02-08,0.0,0.0,0.0,0.0,0.0
2021-02-09,0.0,72.62893214366687,0.0,0.0,72.62893214366687
2021-02-10,612.2910000000137,150.4129164689958,0.0,0.0,762.7039164690095
2021-02-11,0.0,0.0,0.0,0.0,0.0
2021-02-12,0.0,0.0,0.0,0.0,0.0
2021-02-15,0.0,0.0,0.0,0.0,0.0
2021-02-16,0.0,-408.9222393866722,0.0,0.0,-408.9222393866722
2021-02-17,0.0,323.401203564156,0.0,0.0,323.401203564156
2021-02-18,0.0,0.0,0.0,0.0,0.0
2021-02-19,0.0,0.0,0.0,0.0,0.0
2021-02-22,0.0,0.0,0.0,0.0,0.0
2021-02-23,0.0,-110.9266153744298,0.0,0.0,-110.9266153744298
2021-02-24,0.0,-559.8586915488553,-625.7373220558482,0.0,-1185.5960136047033
2021-02-25,3793.843000000018,0.0,0.0,0.0,3793.843000000018
2021-02-26,2389.072562500009,0.0,0.0,0.0,2389.072562500009
2021-03-01,-96.23600000001358,0.0,0.0,0.0,-96.23600000001358
2021-03-02,0.0,451.6875860304701,0.0,0.0,451.6875860304701
2021-03-03,0.0,0.0,0.0,0.0,0.0
2021-03-04,5082.568375000054,492.7815184816774,0.0,0.0,5575.349893481732
2021-03-05,446.6192499999999,0.0,0.0,0.0,446.6192499999999
2021-03-08,0.0,0.0,0.0,0.0,0.0
2021-03-09,0.0,194.8875108658023,0.0,0.0,194.8875108658023
2021-03-10,0.0,195.9447921526414,-24.17721518987516,0.0,171.76757696276624
2021-03-11,0.0,0.0,0.0,0.0,0.0
2021-03-12,0.0,0.0,0.0,0.0,0.0
2021-03-15,0.0,0.0,0.0,0.0,0.0
2021-03-16,0.0,76.56504338796903,0.0,0.0,76.56504338796903
2021-03-17,0.0,-124.4451358778841,332.4955408846272,0.0,208.0504050067431
2021-03-18,-926.9887500000455,0.0,77.83748751774588,0.0,-849.1512624822996
2021-03-19,0.0,0.0,0.0,0.0,0.0
2021-03-22,0.0,0.0,0.0,0.0,0.0
2021-03-23,0.0,102.989719508321,0.0,0.0,102.989719508321
2021-03-24,-250.8334999999863,-241.4600098666876,0.0,0.0,-492.2935098666739
2021-03-25,0.0,0.0,0.0,0.0,0.0
2021-03-26,0.0,0.0,0.0,0.0,0.0
2021-03-29,0.0,0.0,0.0,0.0,0.0
2021-03-30,0.0,236.0668175252165,0.0,0.0,236.0668175252165
2021-03-31,0.0,222.2602299310435,0.0,0.0,222.2602299310435
2021-04-01,0.0,0.0,0.0,0.0,0.0
2021-04-02,0.0,0.0,0.0,0.0,0.0
2021-04-05,0.0,0.0,0.0,0.0,0.0
2021-04-06,0.0,466.5866594847077,0.0,0.0,466.5866594847077
2021-04-07,0.0,-30.36741793683004,0.0,0.0,-30.36741793683004
2021-04-08,0.0,0.0,0.0,0.0,0.0
2021-04-09,0.0,0.0,0.0,0.0,0.0
2021-04-12,0.0,0.0,0.0,0.0,0.0
2021-04-13,0.0,221.4509039992049,0.0,0.0,221.4509039992049
2021-04-14,0.0,-83.18023293949413,0.0,0.0,-83.18023293949413
2021-04-15,0.0,0.0,0.0,0.0,0.0
2021-04-16,0.0,0.0,0.0,0.0,0.0
2021-04-19,0.0,0.0,0.0,0.0,0.0
2021-04-20,0.0,292.0597629273992,0.0,0.0,292.0597629273992
2021-04-21,0.0,451.0912609161094,581.2479358234133,0.0,1032.3391967395228
2021-04-22,-77.33499999999543,0.0,0.0,0.0,-77.33499999999543
2021-04-23,0.0,0.0,0.0,0.0,0.0
2021-04-26,0.0,0.0,0.0,0.0,0.0
2021-04-27,0.0,9.555837363451827,0.0,0.0,9.555837363451827
2021-04-28,0.0,426.2914025051938,0.0,0.0,426.2914025051938
2021-04-29,0.0,0.0,0.0,0.0,0.0
2021-04-30,0.0,0.0,0.0,0.0,0.0
2021-05-03,0.0,0.0,0.0,0.0,0.0
2021-05-04,0.0,628.2299768409447,0.0,0.0,628.2299768409447
2021-05-05,0.0,23.04167200897324,0.0,0.0,23.04167200897324
2021-05-06,0.0,0.0,-371.7800288586325,0.0,-371.7800288586325
2021-05-07,0.0,0.0,0.0,0.0,0.0
2021-05-10,-289.2588125000365,0.0,0.0,0.0,-289.2588125000365
2021-05-11,874.203499999991,-17.42161200000004,0.0,0.0,856.7818879999909
2021-05-12,-230.2038749999319,-685.8126744592796,0.0,113.101063725189,-802.9154857340226
2021-05-13,0.0,0.0,0.0,0.0,0.0
2021-05-14,0.0,0.0,0.0,0.0,0.0
2021-05-17,0.0,0.0,0.0,0.0,0.0
2021-05-18,0.0,174.2753994837215,0.0,0.0,174.2753994837215
2021-05-19,152.1549999999908,477.6467674377236,0.0,-460.7544707612903,169.04729667642408
2021-05-20,0.0,0.0,0.0,0.0,0.0
2021-05-21,0.0,0.0,0.0,0.0,0.0
2021-05-24,-281.1120000000045,0.0,0.0,0.0,-281.1120000000045
2021-05-25,0.0,214.1563783910329,0.0,0.0,214.1563783910329
2021-05-26,0.0,215.2786331427385,383.0301449885282,0.0,598.3087781312668
2021-05-27,0.0,0.0,0.0,0.0,0.0
2021-05-28,0.0,0.0,0.0,0.0,0.0
2021-05-31,0.0,0.0,0.0,0.0,0.0
2021-06-01,0.0,-251.9797573117322,-98.0285465258522,0.0,-350.0083038375844
2021-06-02,0.0,202.490252234993,0.0,0.0,202.490252234993
2021-06-03,0.0,0.0,0.0,0.0,0.0
2021-06-04,0.0,0.0,0.0,0.0,0.0
2021-06-07,0.0,0.0,0.0,0.0,0.0
2021-06-08,0.0,422.5903490436376,0.0,0.0,422.5903490436376
2021-06-09,0.0,639.130003489706,0.0,0.0,639.130003489706
2021-06-10,0.0,0.0,0.0,0.0,0.0
2021-06-11,0.0,0.0,0.0,0.0,0.0
2021-06-14,0.0,0.0,0.0,0.0,0.0
2021-06-15,0.0,-180.6445511679262,0.0,0.0,-180.6445511679262
2021-06-16,0.0,213.959057045932,400.3124699836392,0.0,614.2715270295712
2021-06-17,0.0,0.0,-484.4630317416064,0.0,-484.4630317416064
2021-06-18,0.0,0.0,0.0,0.0,0.0
2021-06-21,0.0,0.0,0.0,0.0,0.0
2021-06-22,0.0,-57.63399448738384,0.0,0.0,-57.63399448738384
2021-06-23,0.0,171.9042535455052,0.0,0.0,171.9042535455052
2021-06-24,0.0,0.0,-7.193298245647775,0.0,-7.193298245647775
2021-06-25,0.0,0.0,0.0,0.0,0.0
2021-06-28,0.0,0.0,0.0,0.0,0.0
2021-06-29,0.0,-30.50951661666438,0.0,0.0,-30.50951661666438
2021-06-30,0.0,-3.740760071967134,0.0,0.0,-3.740760071967134
2021-07-01,0.0,0.0,-156.3926554536047,0.0,-156.3926554536047
2021-07-02,0.0,0.0,0.0,0.0,0.0
2021-07-05,0.0,0.0,0.0,0.0,0.0
2021-07-06,0.0,648.5709354071114,0.0,0.0,648.5709354071114
2021-07-07,0.0,470.6459663940581,0.0,0.0,470.6459663940581
2021-07-08,-156.0084999999818,0.0,0.0,-297.0532518406857,-453.0617518406675
2021-07-09,0.0,0.0,0.0,0.0,0.0
2021-07-12,0.0,0.0,0.0,0.0,0.0
2021-07-13,0.0,301.6725439081198,0.0,0.0,301.6725439081198
2021-07-14,0.0,420.1439969279515,411.9450462356909,0.0,832.0890431636424
2021-07-15,0.0,0.0,0.0,0.0,0.0
2021-07-16,0.0,0.0,0.0,0.0,0.0
2021-07-19,1107.357437499968,0.0,0.0,-968.3242465160528,139.03319098391523
2021-07-20,0.0,242.7220748148853,0.0,0.0,242.7220748148853
2021-07-21,0.0,-302.1379613147692,0.0,0.0,-302.1379613147692
2021-07-22,0.0,0.0,0.0,0.0,0.0
2021-07-23,0.0,0.0,0.0,0.0,0.0
2021-07-26,0.0,0.0,0.0,0.0,0.0
2021-07-27,0.0,-95.72447765541308,0.0,0.0,-95.72447765541308
2021-07-28,0.0,-109.4468710244052,-624.551027510286,0.0,-733.9978985346911
2021-07-29,0.0,0.0,0.0,0.0,0.0
2021-07-30,0.0,0.0,0.0,0.0,0.0
2021-08-02,0.0,0.0,0.0,0.0,0.0
2021-08-03,0.0,390.7300827247552,29.1954095714496,0.0,419.9254922962048
2021-08-04,0.0,404.3930671449667,0.0,0.0,404.3930671449667
2021-08-05,0.0,0.0,0.0,0.0,0.0
2021-08-06,0.0,0.0,0.0,0.0,0.0
2021-08-09,0.0,0.0,0.0,0.0,0.0
2021-08-10,0.0,114.6535748865774,0.0,0.0,114.6535748865774
2021-08-11,0.0,220.4685285409733,0.0,0.0,220.4685285409733
2021-08-12,0.0,0.0,0.0,0.0,0.0
2021-08-13,0.0,0.0,0.0,0.0,0.0
2021-08-16,0.0,0.0,0.0,0.0,0.0
2021-08-17,0.0,-17.0785868,0.0,0.0,-17.0785868
2021-08-18,-11.0955,-16.9454012,0.0,0.0,-28.0409012
2021-08-19,-29.1256875,0.0,0.0,0.0,-29.1256875
2021-08-20,0.0,0.0,-52.23615117319944,-52.88935494268131,-105.12550611588074
2021-08-23,0.0,0.0,0.0,0.0,0.0
2021-08-24,0.0,-159.8310175362733,0.0,0.0,-159.8310175362733
2021-08-25,0.0,-342.4940748406121,0.0,0.0,-342.4940748406121
2021-08-26,238.8525,0.0,0.0,0.0,238.8525
2021-08-27,0.0,0.0,0.0,0.0,0.0
2021-08-30,0.0,0.0,0.0,0.0,0.0
2021-08-31,0.0,-411.7152339851261,0.0,0.0,-411.7152339851261
2021-09-01,0.0,406.6076125797802,0.0,0.0,406.6076125797802
2021-09-02,0.0,0.0,0.0,0.0,0.0
2021-09-03,0.0,0.0,0.0,0.0,0.0
2021-09-06,0.0,0.0,0.0,0.0,0.0
2021-09-07,0.0,-216.7492510306832,-634.9698324359908,0.0,-851.7190834666741
2021-09-08,0.0,-30.26212390513615,-266.1043038251653,0.0,-296.36642773030144
2021-09-09,8.699500000004548,0.0,0.0,0.0,8.699500000004548
2021-09-10,0.0,0.0,0.0,0.0,0.0
