Date,Manufacturing Overall,Manufacturing Output,Manufacturing New orders,Manufacturing Export orders,Manufacturing Input prices,Manufacturing Suppliers delivery times,Manufacturing Stocks of purchases,Manufacturing Finished goods inventories,Manufacturing Employment,Manufacturing Output prices,Manufacturing JPMorgan global manufacturing PMI - quantity of purchases,Manufacturing Backlogs of work,Manufacturing Future output,Services Business activity,Services New business,Services Input prices,Services Employment,Services Backlogs of work,Services Output prices,Services Future business activity,All-industry Output/business activity,All-industry New business,All-industry Input prices,All-industry Employment,All-industry Output prices,All-industry Backlogs of work,empty
1998-01-01,53.5121525953,55.4889829924,56.5052743173,47.90075274,46.8590975062,48.1108333852,48.7319013205,47.93359,50.1587971385,,,,,,,,,,,,,,,,,,
1998-02-01,53.5531942646,55.6627974484,55.6177251307,49.8856284414,45.915412207,48.0227500754,49.8307459213,48.513088,50.8625764122,,,,,,,,,,,,,,,,,,
1998-03-01,53.815059219,56.0430618599,56.1144797814,48.5345774814,43.9076534501,47.8875780226,50.0809806063,49.034271,50.7249423116,,,,,,,,,,,,,,,,,,
1998-04-01,53.6896938226,55.3005583296,56.289525226,49.8717257762,42.338468225,47.2537144502,49.7539496867,50.426868,50.4517943564,,,,,,,,,,,,,,,,,,
1998-05-01,52.741280419,54.2381312578,54.1057752867,48.9188512385,41.5489113205,47.5387047235,49.5629609614,49.922569,50.6226231546,,,,,,,,,,,,,,,,,,
1998-06-01,51.5330546031,52.8220929169,53.1432441444,48.5424552956,40.5200664439,48.2503053915,47.7634433731,49.789879,49.2287980101,,,,,,,,,,,,,,,,,,
1998-07-01,51.0161828078,51.9852644691,53.3588524469,47.3395220076,38.712672418,49.4587166818,48.0449859475,50.21299,48.1325993198,,,,,58.0322860164,58.0322860164,49.9701787425,55.7902360575,51.0700284013,,,55.6664038144,56.4160822881,45.5657072778,52.7942046518,,,
1998-08-01,50.6615805176,51.408606381,52.8520805155,46.1562717461,38.7327104666,50.0501269883,47.7985032268,49.753208,48.4073674664,,,,,53.4571848713,53.4571848713,49.9434324269,55.6723549573,52.8239344986,,,52.6556836113,54.8235482411,45.5572652288,52.8299465968,,,
1998-09-01,49.3209684258,51.0532417351,50.2026941259,44.9601461457,36.170891359,50.6731074978,46.4338593728,49.115921,47.2721497081,,,,,56.9027496479,56.9027496479,48.5356726529,56.4990117908,50.9520815188,,,54.6141441662,53.7621284327,43.6979825992,52.8890248558,,,
1998-10-01,48.0581410117,50.4390397228,47.4009501134,43.5243073779,34.3895897392,52.4979897848,48.2915821348,48.284649,46.3681815059,,,,,54.4514889455,54.4514889455,50.3973656181,55.7159717605,47.7485622527,,,52.8816281259,52.0409901304,44.1343629567,52.0586719778,,,
1998-11-01,47.081454934,48.6564749247,46.7241578476,42.4651984203,34.3471432172,53.0596858021,47.0884419198,49.169811,45.7509876345,,,,,54.1242313368,54.1242313368,48.5746075445,55.2121573595,45.9639270993,,,51.9849851842,50.6577039531,43.0081473679,51.5104981399,,,
1998-12-01,46.4445020384,47.2872090955,48.0544820094,43.7308950353,33.2202759705,54.2321357431,45.7418126146,48.821301,43.8349713087,,,,,52.9640964988,52.9640964988,49.3997421969,54.2513002621,45.9684772398,,,50.7430283639,51.2078477566,43.0695661123,50.1759373603,,,
1999-01-01,48.7230996148,51.7067665232,50.2217030855,46.6104655491,33.5032907529,52.8385239295,46.118269598,48.276852,45.2192434396,,,,,55.6953054749,55.6953054749,48.6488232181,54.428698462,47.1027811002,,,54.1347994897,53.5963284762,42.7231711565,50.8255219963,,,
1999-02-01,49.8536660964,52.4902692246,52.174428355,49.0079309094,34.7612130638,52.0644162926,46.7072346532,48.86179,46.0885463117,,,,,55.3250191456,55.3250191456,48.067376766,54.9044770436,48.7263438394,,,54.2159302607,54.1227673264,42.8613731768,51.4552659818,,,
1999-03-01,50.737181559,53.2849145441,53.0660688347,48.1255321243,39.8913829015,50.9394971798,46.9305477929,49.217571,47.2200103514,,,,,56.9761047134,56.9761047134,50.4424806423,54.1841567887,51.6401163258,,,55.5319357027,55.3862910839,46.3143897863,51.4594517453,,,
1999-04-01,51.2533713088,54.6095552927,53.3304551382,49.5513830103,44.1633177259,51.9673328915,48.4542702396,48.872742,47.7575942699,,,,,57.5913395479,57.5913395479,52.186730428,54.8734731706,49.5882530501,,,56.4247238439,55.9970772653,49.0475900823,52.0894031767,,,
1999-05-01,52.3330467043,55.9007062677,55.0736583806,49.9410686048,47.656277306,50.454703015,46.9361116255,48.035252,48.5518345643,,,,,56.5725535728,56.5725535728,53.2947516254,55.3552754168,49.1553813199,,,56.3096949788,55.9121202175,51.0887125144,52.6934460353,,,
1999-06-01,53.5481102103,57.93859313,56.528872132,51.1853753013,49.5741050696,49.628945974,47.4752634353,47.81226,49.0080792039,,,,,57.4603059279,57.4603059279,53.7345204858,56.6820000902,50.5635281415,,,57.647434611,57.8843297171,52.1067682595,53.6795975517,,,
1999-07-01,53.1270908356,56.802306827,55.5286372646,51.8349935357,52.1845792121,48.5610129738,47.2755790347,47.20916,49.1225849602,,,,,59.4463975252,59.4463975252,56.4129806628,56.1878070067,49.8466339918,,,58.4119035889,57.314439092,54.758629069,53.4235563815,,,
1999-08-01,54.0823349172,57.5198664807,57.186870783,53.580397592,56.3923341925,48.9035009016,48.1881516236,47.199661,50.3150851752,,,,,59.4645453775,59.4645453775,57.0357330986,55.6565204151,50.9877811382,,,58.7036945761,58.4472105708,56.7840048703,53.5666971082,,,
1999-09-01,55.6903182738,58.8402437311,60.6812316714,54.6405652903,61.3330197687,46.5734248824,47.2871437261,46.09425,50.1659359971,,,,,59.0416655443,59.0416655443,60.2007580732,55.6624100608,52.5083887357,,,58.9628597588,60.0943730522,60.6437526569,53.5119281982,,,
1999-10-01,56.5240189592,59.2888941742,60.6040340688,54.8987496624,64.9135001258,45.0501555177,49.9056699137,46.992538,51.4377076564,,,,,60.3565085629,60.3565085629,57.7616033817,55.826502153,51.9715141327,,,59.9388070778,60.8162883577,60.5597652676,54.1093971773,,,
1999-11-01,56.9857472985,59.526395796,61.2595858059,55.2205311466,63.4246562344,44.1102450446,50.0886530621,46.804829,51.6697202912,,,,,58.1495945731,58.1495945731,58.9463605435,55.0620026498,49.576558139,,,58.6882646412,58.6859537533,60.6984826398,53.7347805797,,,
1999-12-01,57.0913987061,59.8785621356,60.2017532864,55.1442891837,63.4848416647,43.6096519908,50.6180282287,47.99979,52.7043858103,,,,,59.6569215739,59.6569215739,59.5093363514,56.6427636769,50.0510805838,,,59.7436378946,60.1092782226,61.0647429579,55.1018830919,,,
2000-01-01,55.3771134795,57.1968986563,59.1721195687,53.0495309202,67.0550031589,46.972532277,51.8594725839,47.016418,50.9309276399,,,,,57.9938760854,57.9938760854,60.3633871634,56.1668488415,48.9225212165,,,57.6820606404,59.7271311781,62.9814653466,54.1183076407,,,
2000-02-01,55.3107436252,58.0390080082,58.4215173165,53.9262984371,66.9338051476,46.198613546,48.1086836953,47.863441,51.9673004529,,,,,58.2848359721,58.2848359721,63.9631451987,56.3747041242,50.9139838914,,,58.1886563901,58.9247568699,65.1254085454,54.6503183549,,,
2000-03-01,55.6528569748,59.1391816013,58.2622094323,54.8918626805,71.2623998275,45.2344430188,49.8016219086,49.06794,50.9720150337,,,,,60.3653562683,60.3653562683,65.3362736182,58.0029355272,52.0356792443,,,59.8856184671,60.2334928397,67.6548558186,55.2521052997,,,
2000-04-01,55.9824454178,59.0719183293,58.0224756547,53.1447462126,68.0719787301,43.7062313784,49.2282431238,48.062119,52.2041676672,,,,,61.1895693023,61.1895693023,62.8764243938,58.0703464737,53.7832472897,,,60.3610436046,60.3266917056,64.9091721585,55.7752185462,,,
2000-05-01,54.908730239,57.725222592,55.3552010247,55.0800041982,65.9974228757,43.6458228695,49.7261446365,47.478828,52.2256162516,,,,,60.0441802018,60.0441802018,62.9022751916,57.5828211069,52.4364508306,,,59.136893781,58.7581975531,64.1132440563,55.486827977,,,
2000-06-01,53.8351746351,56.0907223378,54.4680421406,53.3071544288,63.2038959907,44.5339878269,49.5848467683,47.19524,50.9684745286,,,,,60.0799291323,60.0799291323,63.8782884149,58.1483174523,54.1368697375,,,58.5191618552,57.7834120091,63.6144340494,55.3392216928,,,
2000-07-01,54.2542975617,55.8166062882,55.3176678167,52.6705478045,63.4153478798,44.6839849229,50.7203549461,47.145939,51.677039442,,,,,57.7017688979,57.7017688979,62.1598298935,55.5475468567,50.3072417166,,,56.9642036964,58.1269984391,62.6510481957,54.033220418,,,
2000-08-01,52.7510279278,53.4107196359,54.2458642607,52.0232756778,58.5961191702,45.6514219612,49.8432888783,47.723591,49.939865735,,,,,60.6217608034,60.6217608034,60.2970384563,57.618799712,51.3424750478,,,57.8004588083,57.7232566929,59.6315579988,54.6144358142,,,
2000-09-01,52.122910782,53.7405979856,52.5701375066,51.6056171718,61.5733217116,47.245611464,48.9995355107,48.295269,50.5180410109,,,,,59.1884237603,59.1884237603,62.9884882434,56.9977728868,54.2904865869,,,57.0569754202,57.0541881605,62.4348078432,54.4625938406,,,
2000-10-01,51.1460347193,52.1354154951,51.8890353465,50.1829171433,59.9405112354,47.9263829643,48.8342964308,48.546612,49.2549902159,,,,,58.3063836843,58.3063836843,63.400306373,57.7053576331,51.9113908046,,,55.8920076658,56.1070219163,62.0466700953,54.3991723127,,,
2000-11-01,50.7429051138,52.4840217656,52.0209773965,49.8458970806,58.2981855924,49.3639123923,47.2371850324,47.572899,48.4823740454,,,,,58.2362472004,58.2362472004,60.6105008296,57.7539134915,48.7745219819,,,55.9857032473,54.863212461,59.7058132206,54.1264466488,,,
2000-12-01,47.8318437204,48.1235946424,48.0513946501,49.6783809747,57.34756424,48.9897463687,45.892511832,48.006378,45.7236871843,,,,,56.9884848748,56.9884848748,61.5183747506,56.0665251472,49.873602363,,,53.5201185296,52.8920283395,59.8865554694,52.0199154134,,,
2001-01-01,46.6790300812,46.8454662543,46.0952318872,48.0132018398,59.5456544879,50.9099948614,46.4112186862,49.03487,45.6723565605,,,,,53.5145440365,53.5145440365,60.05520721,55.4328534158,44.4188229054,,,50.9052838735,50.4048520514,59.8558459696,51.6140831979,,,
2001-02-01,46.131057548,45.8039078249,46.5698987592,47.632289108,53.2146006666,50.9067853863,47.4446635984,49.64193,43.0033120607,,,,,52.5185177466,52.5185177466,57.8867867111,54.6095716751,46.386212875,,,49.8914432468,50.7012092456,56.0588054942,50.0686513496,,,
2001-03-01,46.3209969404,46.9708449953,46.4223976822,48.5017862617,49.0294845104,52.5837813939,47.4872130798,49.69239,43.9520614401,,,,,51.2980677972,51.2980677972,56.1705969746,53.9329522648,47.1626423156,,,49.6050525945,50.7829366545,53.3766544115,50.0279534523,,,
2001-04-01,45.6562932329,46.1881790686,47.0603220408,45.9075225365,46.847606722,53.4223078726,44.5569149666,49.219158,42.7440326886,,,,,49.7307842276,49.7307842276,54.5362027782,51.3733504234,44.6583113272,,,48.3447487342,48.3837143534,51.5280586158,47.9971512345,,,
2001-05-01,44.7642038811,45.906957647,46.5457500809,45.1431400407,45.0940877295,54.870137922,43.6898384571,48.575722,40.9263814384,,,,,49.423073563,49.423073563,57.8928402065,51.7526432465,46.6324024287,,,48.0474019203,49.1398588175,52.8853600023,47.5168951307,,,
2001-06-01,45.63400348,47.0087876588,47.8955519092,44.9611790259,43.5329772968,54.1651784791,44.5381117757,49.579788,40.920532934,,,,,51.9595686018,51.9595686018,55.3816309753,50.8215599785,48.0404850903,,,50.0225878209,50.8051948977,50.7458745727,46.9478076722,,,
2001-07-01,45.7449797787,47.3755958276,48.385172552,46.4424210876,40.2156916583,54.6291099895,42.8873621997,48.824821,41.4557966733,,,,,49.5352780194,49.5352780194,52.1569207798,51.4689330295,43.4246693454,,,48.6903077114,49.0454754799,47.4849444644,47.5513182327,,,
2001-08-01,47.6094227256,49.8302460669,51.1021692204,47.9116461656,37.7098185343,54.8599059134,43.1144758619,48.643791,43.6937437177,,,,,48.7541451667,48.7541451667,50.8218517724,50.4686866551,42.7662611638,,,49.1751669784,49.403471881,45.6918012465,47.8180070123,,,
2001-09-01,46.7291360142,49.5526817664,48.4376126714,44.3610199373,37.7141025088,54.7562488938,43.7935459087,49.513512,43.2188225719,,,,,49.2235970446,49.2235970446,51.5093481744,50.7016679347,46.7322485801,,,49.3523506268,49.4716361083,46.1119924785,47.7740232215,,,
2001-10-01,41.024287156,41.2472284671,39.0241446532,41.2395529005,33.3673618616,54.0984392221,42.4390122395,50.328838,39.380506513,,,,,42.890415904,42.890415904,46.834595981,48.3827677704,40.7568518512,,,42.2475228895,41.7742568597,41.5655739901,44.8606553521,,,
2001-11-01,43.4822183064,44.7566610999,44.5446457451,45.1457910304,33.4365531263,54.0660094581,41.7945143244,49.060902,39.3005464709,,,,,48.4775510174,48.4775510174,44.8693032887,48.5332781528,41.8213985304,,,47.0217620538,46.021200844,40.3962681065,44.9209947517,,,
2001-12-01,44.0581379053,44.8126925937,45.7349941225,45.3183986604,34.7341046309,53.7246552677,41.4433693994,47.911121,40.2441393518,,,,,50.2193112984,50.2193112984,45.6860773077,48.6616697537,44.8516353633,,,48.1039851223,48.4397870587,41.4011451259,45.3683318342,,,
2002-01-01,46.4969070171,48.2801453001,49.5878522159,47.9522189853,39.9387440695,52.4947751457,42.572146352,47.198631,40.8375833199,,,,,50.2709027431,50.2709027431,51.3339206033,48.8001005285,44.5568968832,,,49.4920238246,49.7095686855,46.8755860103,45.6847853938,,,
2002-02-01,49.0948730904,52.2545233473,53.2849299611,49.7488136102,39.8233447166,52.1261621755,43.3364002647,47.256519,42.6552378256,,,,,55.1924330146,55.1924330146,50.7493379817,48.8400429919,46.3492619266,,,54.0429831345,54.3964704627,46.4745701804,46.4202532903,,,
2002-03-01,51.0074584492,53.8711835781,55.9806179716,50.7353181922,45.1789519652,51.0433812137,44.8682446849,46.6283,44.5757993838,,,,,55.4237334719,55.4237334719,51.9103572729,50.1619601381,48.0282201482,,,54.8163021716,55.9137136963,49.2767116199,47.9763885799,,,
2002-04-01,51.9576056615,55.1328577505,55.8852596814,52.3099473083,50.7956760987,49.3814372546,45.4350697266,46.367599,46.3626096748,,,,,55.1924405117,55.1924405117,54.5934421445,51.4145785227,47.5603507605,,,55.169128904,56.8195701958,53.1075755861,49.4380082247,,,
2002-05-01,53.1456989553,56.1323934669,57.4461501493,53.2393823595,52.2467551797,48.9535650462,47.1015008236,47.428761,47.5582010918,,,,,57.6536107964,57.6536107964,55.1871311423,52.2640192576,50.323578792,,,57.0584382843,56.7141233628,54.0367163303,50.4228795565,,,
2002-06-01,53.4930659975,56.9890884394,57.7125985464,53.1767239273,55.2577465007,48.2934633569,46.6263873742,46.35994,47.5669754492,,,,,54.918680983,54.918680983,53.6804692671,48.8854724395,47.3729653623,,,55.7287227719,56.3602625649,54.2975750778,48.3696137579,,,
2002-07-01,51.2461112174,54.8385107201,53.1633283002,51.8539337759,56.6599508572,48.5525990474,46.6555904092,47.325588,46.0240793175,,,,,52.2298806993,52.2298806993,58.0564070192,50.0641753535,44.0268474747,,,53.2505007334,52.5263767089,57.5100470048,48.4834977867,,,
2002-08-01,50.5421603212,53.6639714094,52.0402844715,51.4138376653,53.120974641,49.1095938568,47.4227991994,48.157799,45.6912064297,,,,,51.7863570381,51.7863570381,54.4889612354,50.2637554314,46.3242592393,,,52.5209690101,52.275143951,53.9537398688,48.4747569607,,,
2002-09-01,49.6390777219,51.8993410666,51.0208017098,49.7277456712,53.3908473464,48.163001882,45.9157242807,47.53994,44.9543989825,,,,,53.2569227552,53.2569227552,53.565104002,49.6524088944,48.0398964816,,,52.7257722823,52.7699458709,53.4969265172,47.8143241533,,,
2002-10-01,49.1954267502,51.5623698105,50.8562630849,49.7565205241,50.5930217127,49.727542126,45.2038064963,47.46574,44.9335302069,,,,,52.3923340893,52.3923340893,54.9314843532,49.8517456568,48.5892280695,,,52.067612621,51.9640464999,53.2340715915,47.9275060445,,,
2002-11-01,48.9881939813,51.9117398885,50.2535564021,49.1177979779,49.2295532554,50.5486302261,46.0243333533,47.43576,44.5702664358,,,42.8498265973,,54.8537373932,54.8537373932,55.6585462437,49.4713514315,48.1666117037,,,53.7026881568,53.2961523929,53.1432186616,47.5538140669,,46.0864327005,
2002-12-01,50.1418907694,51.8741209789,53.0243501637,49.7023926445,50.5151349723,50.2117010299,46.7294470465,46.863239,45.6243296271,,,44.5480585663,,53.8281728417,53.8281728417,54.9481353621,49.8141767612,48.5053338704,,,53.0636548906,53.5839025499,53.2137349401,48.1749094482,,46.9570597098,
2003-01-01,50.0753700093,51.8236614354,52.8089295142,50.8594654668,52.1739449454,50.2594824051,46.6511819618,47.205029,45.7528998037,,,43.6232714614,,54.0219005046,54.0219005046,56.2803211529,51.6461366675,46.1322251148,,,53.1618449138,53.3019892853,54.6737116332,49.3404223421,,45.1506032126,
2003-02-01,49.0546676556,51.5843316154,50.6331729936,50.9694525712,56.7181968131,49.6934783911,46.3004930758,47.272949,43.9630265236,,,45.4382440299,,53.173554551,53.173554551,58.5885038884,50.3864360944,46.9514125144,,,52.5517750139,52.0237352084,57.8567508779,47.8732930106,,46.3593890929,
2003-03-01,47.4951758686,48.5505749918,47.7629648412,48.2978115932,59.7506512031,49.3656169968,46.4240173068,47.82077,43.9554174358,,,41.9189227074,,47.0537354701,47.0537354701,57.9629965511,50.1322254191,45.1355635476,,,47.6393702253,49.0495362327,58.6624120057,47.7155645955,,43.8770607865,
2003-04-01,47.7363636549,49.383600432,48.4757861618,48.5917362991,55.6564016815,50.7110845626,46.2917113835,48.275341,44.1260962221,,,43.9018837467,,49.6301766811,49.6301766811,54.7943933626,50.3461731991,43.9497972288,,,49.5337043344,49.2187724001,55.1316519822,47.912583489,,43.9310511976,
2003-05-01,48.5343787705,50.5182923888,50.0454865593,48.2856877706,48.5923119208,50.9604093731,47.013275047,47.513069,44.169468034,,,45.218119741,,52.3356724031,52.3356724031,50.7878164738,50.3037888381,47.2592731544,,,51.6246269742,52.0876059403,49.9288307557,47.9037510182,,46.4606769373,
2003-06-01,49.0507999094,51.4486536234,50.8169835576,49.9299938575,49.1293183391,51.6212480049,45.598070368,47.796329,45.6346080009,,,45.9143383408,,55.6036564601,55.6036564601,51.5291252749,50.9157378232,47.4952373474,,,53.9780218922,53.1980250519,50.5902067556,48.8495088616,,46.876714527,
2003-07-01,50.4454122942,52.2036834033,53.43553766,50.634756993,46.6252986535,50.3708270223,47.4189798562,48.399078,45.8877810656,,,47.0917051362,,58.5181928833,58.5181928833,51.6056327161,51.6323486386,49.8180042138,,,56.0476566903,56.7752935047,49.6570893504,49.3848008049,,48.7513464527,
2003-08-01,52.3706509147,55.7400265158,56.0791126469,52.1077353383,47.8422064922,49.6819758023,46.4745372427,47.973999,47.0837656886,,,48.0355358606,,60.5147223987,60.5147223987,54.9749176742,52.7209538421,48.6832813783,,,58.6466344614,59.9206202477,52.184262092,50.5154179403,,48.429852549,
2003-09-01,52.4907172636,54.9805717291,57.0501371891,51.5065371988,49.8433098051,49.3380538665,46.7102826091,46.856339,46.8010649685,,,49.1418728986,,60.2523366022,60.2523366022,56.8928390883,52.2080544038,52.4331855814,,,58.1897716537,58.566829104,54.1347282179,50.0925831803,,51.1454676468,
2003-10-01,54.6969474341,58.5574726046,59.9482161189,54.4497213608,52.5310938059,48.4819291876,48.0739713808,47.88504,47.6900334366,,,50.3512600519,,61.4265086895,61.4265086895,55.825679884,54.2423096734,51.2802800649,,,60.3040054279,61.1120575941,54.5366812416,51.6787478257,,50.916803286,
2003-11-01,56.3665713598,60.3180189638,62.2536250934,54.7082611973,55.0132607162,47.55665052,49.7647329147,47.6063,48.8400168867,,,53.1893649563,,59.8619099216,59.8619099216,56.9152712865,55.5961653966,50.9084735759,,,60.0403614546,61.4439808309,56.1711143621,52.952839027,,51.8008666788,
2003-12-01,57.3449352821,61.5437789925,62.8138393506,55.4813120957,55.9959515391,45.8218841419,49.0285320907,48.240768,50.4263407051,,,53.6008727475,,58.8221983326,58.8221983326,58.4063559479,55.1996915183,52.9177404361,,,59.8870100244,61.3807353232,57.4632911935,53.3321298362,,53.1850142608,
2004-01-01,57.4014698638,61.1346941328,62.7285801947,54.7000535071,61.1077978687,44.6798250578,49.3947147456,46.789501,50.3086227817,,,53.2682155526,,63.8219929864,63.8219929864,59.1112591203,55.655603827,51.8081124819,,,62.7705939663,62.9972346827,59.8923999602,53.5636107375,,52.3793741916,
2004-02-01,56.4028890484,59.300020364,60.0675099995,53.2395169661,65.7452236457,43.4392946331,49.5263239565,46.884918,50.6044637842,,,53.5670651698,,60.2596986826,60.2596986826,57.278859118,54.1733586193,51.4177567835,,,59.8842269176,60.1035589026,60.5913032683,52.7770373552,,52.2586683658,
2004-03-01,56.9531861658,60.078176969,59.5425939273,55.6808003788,70.5767212848,40.495566218,49.0908980804,47.03236,51.1805443499,,,54.7083148719,,59.4727190899,59.4727190899,60.6852298099,54.9159650886,50.5739596818,,,59.7096029854,59.8510834496,64.5552513483,53.4544909772,,52.1915159091,
2004-04-01,57.5113270802,60.1061733046,60.8435484232,56.1135900381,72.1096683359,40.3795844037,47.9101973935,47.03157,52.4881857417,,,56.9910981415,,60.5736874051,60.5736874051,63.187162753,55.6036840235,51.1062170523,,,60.3907736713,60.2134485189,66.6780709613,54.3847530378,,53.4086622016,
2004-05-01,57.6465146128,60.0241306582,59.8688911941,57.2306246925,71.1452560498,39.388798561,49.1561870281,47.590359,53.3625783567,,,55.2151051807,,59.9209707707,59.9209707707,65.9295973072,55.6268691904,53.0182316729,,,59.9613318212,59.5440001654,67.970210871,54.7409710104,,53.8777529912,
2004-06-01,56.1206291361,58.0618182052,57.3921815865,55.3684781531,68.0382516657,40.7840726754,50.1569233412,48.378361,52.44719338,,,52.4798609407,,57.6870809775,57.6870809775,67.8182096665,56.2063309716,52.5606606743,,,57.8336959896,59.1378087623,67.9043005536,54.7355777002,,52.5290479787,
2004-07-01,56.3134854232,58.7034145665,58.3990967057,55.8342336566,67.5717996885,42.419974791,50.4119667176,48.83173,52.1985115836,,,51.9627636747,,60.1086458755,60.1086458755,65.9681237555,52.5225568882,52.0292766353,,,59.5588526066,59.8217166419,66.595557992,52.3957749654,,52.0032536042,
2004-08-01,55.2437390597,56.3480025467,57.3019999191,54.4558029428,69.6867390147,42.9507885852,50.8086631313,49.135342,51.6394521099,,,51.0608961276,,57.7518355581,57.7518355581,66.0842631175,55.0536771816,50.6086808179,,,57.2025893696,57.6322951996,67.493722889,53.7178700794,,50.7856089377,
2004-09-01,54.3540307025,55.9450881991,55.3799635936,52.0937182577,69.4131399869,44.3442568697,50.5375567952,48.145271,51.7582621278,,,50.5878547676,,57.4743611146,57.4743611146,63.1544001718,56.3281859274,49.9173331591,,,56.8760368744,57.1996635421,65.6031166216,54.5402145605,,50.1796730776,
2004-10-01,53.6222092618,55.2137257,54.7213437318,52.6824462193,72.0957482759,44.7238544387,49.6094268855,48.174061,50.7500509726,,,48.0716565753,,58.2360285784,58.2360285784,67.5924974315,57.0310816745,49.9888246507,,,57.0535600634,57.3954399716,69.3543831698,54.5736439705,,49.23873739,
2004-11-01,52.976058884,53.574316316,53.9072557904,51.6559127274,68.8609490342,45.8970920703,50.113416386,48.85743,51.4176261993,,,47.0361700075,,59.1069280126,59.1069280126,65.8726811836,55.9728246336,50.864238146,,,56.9423073906,56.635641066,67.0418335782,54.1906145294,,49.366515969,
2004-12-01,53.3594698423,53.440694061,56.2830095671,53.0949753883,65.3514456823,46.6107118093,50.8055041052,47.83638,50.127249089,,,49.3746969634,,60.3054534506,60.3054534506,65.7803894653,55.7983111733,52.6236418972,,,57.6196333434,58.3648397874,65.6125662727,53.57952218,,51.3525002395,
2005-01-01,53.3407973212,54.6843780278,54.5687790837,53.2627473585,63.4167682118,47.4289268671,50.7959673055,48.948959,51.6690569431,,,48.507891694,,59.0926487594,59.0926487594,64.4858710549,55.7866407037,47.5513657535,,,58.1144027221,58.5734453456,64.2486248231,54.8729014525,,47.7636298743,
2005-02-01,53.1676247522,54.7355884554,54.4441307885,52.9628569587,60.704250226,47.3068285896,50.0124928596,48.840698,51.2263170213,,,48.9892048745,,58.6751162055,58.6751162055,64.7736080976,58.8289191143,49.6675248763,,,57.8008896334,58.838478362,63.8705707265,57.1418141646,,49.5169978569,
2005-03-01,53.371184898,54.9780350252,55.3597110565,52.9579819485,63.8864895599,48.6641588323,51.7216829963,49.048359,50.7310917498,,,50.9297787975,,58.3653904693,58.3653904693,62.0998577991,57.4931608048,52.4419535921,,,57.6136972903,57.6566678113,62.4963319602,55.9925798151,,52.1063845922,
2005-04-01,51.9077653845,53.1495640241,53.3792965309,53.1855209472,62.7404332028,49.6418128741,49.7233730045,48.805641,50.4026002493,,,49.2611420242,,56.5682639075,56.5682639075,60.1139037996,55.2165506064,51.2655653238,,,55.8096150364,55.8938443447,60.6967609191,54.1482795886,,50.8207607123,
2005-05-01,51.3943690622,53.3365147003,52.5954738026,52.5183009602,54.0876395198,50.4814177258,49.659698958,49.163818,49.439205047,,,48.7862477084,,55.9679926934,55.9679926934,56.624935674,54.0796285549,52.6334287863,,,55.3840374248,56.0124712084,56.06188044,53.0498651432,,51.7796950041,
2005-06-01,52.1894234293,53.6789753831,54.1342017116,51.1142252179,50.0867372673,49.4337600236,49.5550830373,48.29192,49.9448738495,,,48.8373224586,,57.8880999496,57.8880999496,57.0120795978,56.4104910802,50.2097251745,,,56.9540467395,56.7952509694,55.4752663881,54.975696164,,49.9051732084,
2005-07-01,52.6110383192,54.8439767195,54.9459754221,53.0482950896,50.2905576022,50.0649919619,48.5545348231,48.494511,50.3527341235,,,48.2533911587,,58.3313463413,58.3313463413,62.1632750128,56.111326153,50.8614588182,,,57.5574588645,59.622422051,59.5285823029,54.8334282705,,50.2826985722,
2005-08-01,52.3096502928,53.9757714832,55.0951806999,52.5698347418,56.9468923199,50.4410708491,48.8728455426,48.346039,49.8301464255,,,48.6329196695,,60.3544490696,60.3544490696,62.8092239777,59.252417311,49.6767991372,,,58.9389470616,59.9334380475,61.5083050771,57.1615069024,,49.4451502628,
2005-09-01,54.4269492519,57.2221244269,57.2153566396,53.9757560805,63.2425552057,47.170676079,49.5624474718,48.00919,50.3808390896,,,51.5847913974,,54.8134267366,54.8134267366,73.8694993833,56.5044877654,50.1349356473,,,55.3479444907,56.3222800754,71.5112580991,55.1455796093,,50.4566753336,
2005-10-01,54.6548203236,56.8888184534,57.2079201503,53.3985280952,65.5833115015,45.4789233056,48.9101302575,47.784512,51.0053256761,,,51.199268607,,57.5121005803,57.5121005803,71.200521228,55.8579736833,52.3178706758,,,57.3737870992,57.1037921578,69.9539977065,54.7811152114,,52.0696399958,
2005-11-01,54.6302425107,57.3906611682,57.2994758946,54.2424521609,61.5871387995,47.2984710905,49.167745891,48.058079,51.353652624,,,50.5349666193,,57.7784955222,57.7784955222,65.9936488807,57.2716384923,51.6469350355,,,57.6924306131,58.0445667242,65.0157935519,55.9583692814,,51.4001764395,
2005-12-01,54.6194805046,57.5106594381,57.8517833544,53.8805026272,58.0466486141,47.6159295015,48.8786337504,48.935989,50.7040334445,,,49.4280192587,,58.8736688219,58.8736688219,64.2496201241,57.2588698979,51.6911745988,,,58.5712013443,60.0002884956,62.8731093177,55.8042762088,,51.1889543682,
2006-01-01,54.4525359526,56.5886535771,57.4333945152,54.0265921858,58.414999665,46.9899353179,49.8305380538,48.451149,50.7039534803,,,50.948059761,,57.9409675093,57.9409675093,64.4782033037,56.1144243338,50.8559883415,,,57.5605281527,57.4063365992,62.7724741557,54.5923250627,,50.8818903091,
2006-02-01,55.058128188,57.1579752984,58.2116333098,54.6689543614,59.5478548565,47.0634815592,51.0427312911,48.774399,51.3019673759,,,51.5300335677,,60.140186233,60.140186233,63.2687413397,58.2789740996,51.8293550477,,,59.2893232131,58.0161003735,62.2071247139,56.2883446165,,51.7439547913,
2006-03-01,54.308546091,56.3233582727,56.4761701097,54.286145698,60.2505327828,47.2413820441,50.7173271811,48.75251,51.4966503922,,,53.3365035298,,59.1244294855,59.1244294855,58.6835093743,56.791010152,49.799469144,,,58.3252479509,58.0145619824,59.1306012464,55.280461424,,50.808630409,
2006-04-01,55.1182537482,57.1860540035,57.1023250406,53.7584427832,63.4265142313,45.7500628655,51.065123512,49.086182,52.2351990689,,,52.9450700074,,60.1316860703,60.1316860703,64.1325043336,57.8069034421,52.0630404628,,,59.2912594704,59.4839830078,63.9310763047,56.2172247396,,52.314694802,
2006-05-01,54.5683868753,56.5343833919,56.4395626765,54.0137529771,68.8969705946,45.6271657866,50.1971282631,48.349041,51.6364213301,,,51.2833997572,,58.5560021553,58.5560021553,65.4583285284,56.9182117663,51.0690450421,,,57.9792083993,58.2747556052,66.4394172029,55.4112492275,,51.1302031909,
2006-06-01,54.0842684783,55.620730489,56.0299162584,53.5288196126,68.9298928167,45.5676049537,50.0705735526,49.56633,50.9909718316,,,51.3437341699,,57.7704643289,57.7704643289,64.3837460282,55.3015468204,52.8023480738,,,57.1571176987,57.6148632796,65.6808200013,54.0716845024,,52.3861868235,
2006-07-01,54.368926551,56.4997995157,56.1735815322,53.0642895315,69.705773716,45.7096796753,50.5835205315,49.073711,50.950010553,,,50.7042371479,,56.7847963997,56.7847963997,65.0151875759,56.0350406318,53.2791265127,,,56.7034831343,57.6504684379,66.3534719481,54.584216346,,52.5444775596,
2006-08-01,54.1428697645,55.5337880151,55.3217418137,53.9047241493,66.478427136,45.7504749795,51.7063824637,49.162041,51.7741660861,,,50.4411715562,,56.7755419225,56.7755419225,65.9264877625,54.8576237299,49.3588622815,,,56.42125361,55.2731320296,66.0839631432,53.9778737255,,49.6676589958,
2006-09-01,54.1768174666,56.4153867026,55.8561167551,53.4226174393,63.1179272758,46.5792179334,50.4910002951,48.609741,51.2695921244,,,48.7217383599,,55.5581282891,55.5581282891,58.8015243569,55.4598654302,51.3802224745,,,55.8027151069,56.9213220922,60.033049458,54.264326725,,50.6217228674,
2006-10-01,53.7197711326,55.2001985842,55.4264151699,54.1166379245,56.4118545347,47.2123550848,50.9185875064,48.97015,51.4089572385,,,48.080225059,,57.1818694807,57.1818694807,55.9440435663,55.4065637523,50.2762962201,,,56.6164733633,56.42279157,56.0775160343,54.2659953534,,49.6497289581,
2006-11-01,53.1089375998,53.9597397069,54.4265942518,53.8310387855,58.1491744867,46.8583623398,50.7377664391,48.66238,51.2300105229,,,48.655474618,,58.7092198222,58.7092198222,56.0401449595,55.3624640824,52.3221058512,,,57.3541322436,56.9366900754,56.6418781273,54.1834220922,,51.2759689439,
2006-12-01,53.3222024486,54.435807468,54.2448767676,53.2126944289,55.9853145104,46.0487284004,50.7797086199,48.233131,51.3456297471,,,48.0690126257,,56.8772782421,56.8772782421,58.3375076369,55.5963040913,48.1127875868,,,56.1806953238,55.9185761418,57.6663967762,54.3835321953,,48.1002980291,
2007-01-01,52.6594034307,53.5160715303,54.0566054191,52.4015221701,57.0907074208,47.6968201666,48.9590514879,49.214611,51.6101089928,,,47.0025845098,,58.1187899592,58.1187899592,57.2161748965,56.829194304,48.5332965595,,,56.783873172,56.1664407213,57.1797858273,55.3155139207,,48.0893473492,
2007-02-01,53.2933090014,54.7363946259,54.9195212372,53.6882747434,57.9692654264,48.0285264144,50.2401959241,49.867298,51.5680667175,,,49.288054713,,56.6457905134,56.6457905134,55.8073184033,55.5432405278,47.49000593,,,56.0920124227,56.2223342058,56.434343371,54.3903291922,,48.0114902532,
2007-03-01,52.4279738914,53.8776733538,52.9363199382,53.3709490761,59.9802565392,48.1117763932,51.0239725377,49.631748,50.9601438837,,,47.6732898648,,54.8033897307,54.8033897307,59.5508261712,55.0552187511,50.676067638,,,54.5408378784,54.8321415264,59.6726212926,53.8937728499,,49.8244192434,
2007-04-01,53.516283614,55.4197418766,55.1545297561,53.8317277899,62.7049524468,48.4096980644,50.3728028746,49.404099,51.695818201,,,49.6600780269,,56.6069118659,56.6069118659,59.572656637,54.3671193981,49.3925251225,,,56.2708496279,56.2107769452,60.4593420733,53.6109316013,,49.4682635834,
2007-05-01,53.3268761224,54.8004835056,55.2236901537,54.4154816482,63.0655074324,48.357798388,49.5736063804,49.1589539898,51.7797866,,,49.2625858091,,57.7969130558,57.7969130558,60.1711066461,55.5764822207,48.5646650152,,,56.9486884294,57.2512068334,60.9904491284,54.5017195171,,48.7622313504,
2007-06-01,53.7074096959,56.1783600485,55.6753516242,54.3297733972,64.7194730465,49.1187804272,49.0809973725,49.2891346824,52.0996576169,,,50.0212853943,,59.1226584712,59.1226584712,59.5627739982,56.3323436644,47.893637503,,,58.2891910434,57.8039460109,61.0225243612,55.1341614675,,48.4959287658,
2007-07-01,52.9264548606,54.4437196582,54.7783963293,53.2721913268,62.5202769946,48.402137767,49.4126373016,49.281094101,51.0053149108,,,48.99944242,,57.3510852084,57.3510852084,58.7911172933,55.1832826702,51.2004271183,,,56.5280726809,56.4542555718,59.8467620337,54.0005900414,,50.5773757859,
2007-08-01,52.6097772014,54.4468284,53.945437756,53.9910050484,62.1362203762,48.5502298952,49.3777994651,47.9334782097,50.7959665619,,,48.4592638904,,56.5270042254,56.5270042254,58.632468458,53.6625319397,54.2670217229,,,55.9381512813,56.9278198601,59.6243051129,52.8510690617,,52.6229706497,
2007-09-01,52.6781966527,54.9432226796,54.1038043031,52.8657694352,59.809477544,48.7553313329,47.6542546506,48.4003944435,51.2956196339,,,48.7253074749,,53.9497644633,53.9497644633,62.2832602701,55.2180053954,47.9284513591,,,54.1918408666,53.9380348691,61.6804725383,54.2622359208,,48.1226216415,
2007-10-01,52.3437780742,53.1690842491,54.525287614,53.3264491777,61.7073251793,48.4779033292,48.4655670361,48.1615161769,50.5952476174,,,46.4921831529,,54.3420608382,54.3420608382,62.831643964,55.5506188903,46.6000084094,,,54.0562411136,55.133777012,62.5576807081,54.343141379,,46.5737345814,
2007-11-01,52.3542409538,54.0851638255,53.8485388685,53.8270403247,65.029974448,47.8752507778,48.5076940855,48.489026077,50.0445327252,,,45.7639065972,,54.4287577752,54.4287577752,66.7465987466,54.6740812723,48.2555815829,,,54.3450340854,53.54326443,66.328308144,53.5459971288,,47.6484340363,
2007-12-01,51.9590866009,53.2019607342,52.4000760062,52.0659361897,65.490260627,46.6944946647,48.4579407218,48.0861249489,50.484768715,,,46.6534722079,,53.1904026288,53.1904026288,66.2045269357,54.4457610462,48.087380629,,,53.1932189974,52.8483072547,66.0304813481,53.4805842917,,47.7379795294,
2008-01-01,52.111950578,53.8604089784,52.555991836,53.4657720163,69.5457824215,47.0192972067,50.0181017801,47.8849808624,49.6556759279,,,46.8513264112,,47.0699754952,47.0699754952,64.7411615708,51.3064216867,46.3113033711,,,48.7052141138,49.2522061175,65.8981866093,50.9088972546,,46.4413490497,
2008-02-01,50.739918212,51.4048342682,51.0989098146,51.6688434903,68.3017354338,47.0514597284,48.4372222712,49.3341414453,48.8651671636,,,46.5823861894,,51.9129329176,51.9129329176,63.4474227058,51.7039539601,48.3755301815,,,51.790575113,51.5093087235,64.6164142965,51.0203313592,,47.9437141109,
2008-03-01,50.6121102996,50.9536891151,50.3417558138,51.4167719991,73.3543288728,47.1976727754,48.4863033923,49.2763554309,50.010909269,,,46.8456180829,,51.4811612782,51.4811612782,64.6589514048,51.6813545651,47.2182081095,,,51.3541380398,50.9246410044,66.7529292155,51.2790861878,,47.1284828214,
2008-04-01,50.1271586621,50.7741982965,49.188384577,50.6135006302,73.4827512173,47.8278381496,49.7629234318,48.1280190594,49.3748854706,,,47.6559127464,,51.2111999103,51.2111999103,65.1574012125,53.1380066742,47.5407249102,,,51.1059633423,50.9580037295,67.1622708389,52.2317904313,,47.5684638754,
2008-05-01,49.9737335165,50.6928474451,49.6992184763,51.2013890117,73.5695738604,48.7437363358,49.391799644,48.3844300294,48.8156829915,,,46.1102060467,,51.7624714712,51.7624714712,67.2477738342,51.2893317135,46.5677637079,,,51.5048899016,51.7683484327,68.7701584606,50.6936398583,,46.4575769342,
2008-06-01,49.2208328211,49.3544626324,48.5533439926,51.0772257678,77.4166141961,47.9982308173,49.5594137394,47.9955068111,47.8000360695,,,45.4468882649,,49.637952977,49.637952977,70.2637237905,49.661443515,46.110959648,,,49.5696842338,49.176392472,71.9862474931,49.213188577,,45.9510412608,
2008-07-01,49.0762290307,49.7678681605,47.0398540912,49.4021808937,78.3271178039,47.7661812556,48.5223969978,48.3578851982,49.1749662589,,,43.6617280856,,49.0758540526,49.0758540526,69.2861988398,50.3493786393,47.9045903519,,,49.2425014687,48.3635442786,71.4633882451,50.0665624563,,46.8828452383,
2008-08-01,48.0333669646,47.6606430158,46.608531251,49.9882620972,70.0000109875,50.0870553966,50.0679260933,48.4853446628,48.2095626777,,,43.1928988563,,49.0996164512,49.0996164512,66.7930694548,49.4930803305,46.4103296109,,,48.753089983,49.0031341654,67.5653492591,49.1839899552,,45.635523844,
2008-09-01,45.0912495449,44.4771014778,42.5923292877,46.3832294529,57.5430388393,50.3917353617,47.0826410879,48.4164716268,45.2238579229,,,39.0909556995,,48.2655180547,48.2655180547,64.1837655791,48.9940544618,45.150185536,,,47.3532103051,47.1832735726,62.5845785984,48.0861343717,,43.6910317645,
2008-10-01,41.0686702365,38.908303957,37.0888223713,39.9379312439,46.4309941,51.7822561578,46.1461294992,49.2338255023,41.8383650483,,,36.0456366897,,43.6908304847,43.6908304847,55.592968782,47.8421386693,42.9632298397,,,42.5391260918,42.2600337521,53.3866273372,46.3963395894,,41.2973692589,
2008-11-01,36.8362289994,33.638412392,30.4419614092,34.1948970605,34.7505213768,53.6269273022,44.0237585149,47.8835318796,39.6785036123,,,31.8916752334,,37.7876694783,37.7876694783,45.3344338874,42.0143107669,40.0077795306,,,36.7884659013,36.396943694,42.785668405,41.4518132365,,38.053299421,
2008-12-01,33.8269537692,29.4778154593,26.3478155121,30.6380794078,30.4078628114,54.2851421261,43.430954618,48.2490461516,36.7641555392,,,28.1026435832,,39.7182893734,39.7182893734,43.531757887,43.2493010332,41.4252528545,,,37.2522290758,36.5930307184,40.3713263613,41.6875803588,,38.2169679587,
2009-01-01,35.1784003089,30.8187030503,30.8122311018,32.7219351914,32.7173618352,54.912012459,42.0831151921,44.9778811637,36.2927278272,,,31.6797228039,,41.9375951755,41.9375951755,45.4552392176,43.3792553299,38.3390042434,,,39.4065722981,38.3144236161,42.5556824361,41.7661302966,,36.8231343635,
2009-02-01,36.6750075386,34.5497655731,33.0790192016,33.7316722629,35.132856716,55.0944881089,42.9258330406,44.1978163208,35.4272514856,,,32.5938616932,,39.9959236798,39.9959236798,47.5601707254,42.963157269,37.9464191139,,,38.7562002787,38.3799529007,44.7313083075,41.2477390668,,36.728002285,
2009-03-01,38.3130323994,36.9052720455,37.3134215682,36.6449085532,33.7797906097,56.748124593,40.3840762121,44.2335776951,36.8324949264,,,35.8374778867,,41.8499762167,41.8499762167,43.5419589693,40.8855754264,40.5538541851,,,40.7244001038,38.8975290132,41.3197707178,39.9629619723,,39.4802529508,
2009-04-01,42.6284874682,42.2752202755,44.8504959471,42.4728261614,35.1275520598,55.4398486404,41.6828218899,44.8005557861,38.7611436114,,,40.3655919174,,44.6022180911,44.6022180911,44.8710240224,43.628575224,42.5685585252,,,44.0725174122,45.2907350578,42.6530916813,42.5205888683,,42.0670913989,
2009-05-01,45.5094101401,46.677790816,48.7514125579,46.7246587578,40.0130391074,53.2687628918,41.4248561546,43.5781487415,40.311837435,,,44.046289322,,44.6252223337,44.6252223337,47.9385719675,44.2137457429,41.0847472698,,,45.0924539362,46.7219115448,46.1344619215,43.3255440154,,41.7588909347,
2009-06-01,47.9859764818,51.721462261,50.759442845,48.3743368679,43.6503230984,52.1554369639,41.1875573221,43.7487633328,42.6616893769,,,45.0311823099,,48.1175853169,48.1175853169,51.0419488383,46.0980370767,43.9130982288,,,48.9379453753,48.7432241047,49.3593734848,45.3158121442,,44.1676106709,
2009-07-01,50.7161138885,54.9773301719,54.5194149429,50.0238830691,47.5025218339,50.7156795967,40.9042576319,44.6046654646,45.6644151948,,,47.2865615613,,47.9170819431,47.9170819431,45.5202787664,46.2405469757,42.0872346894,,,49.5242249557,50.343833398,45.9715020084,46.1094005718,,43.2707712424,
2009-08-01,53.4005999511,57.7018304849,58.9297078711,52.7131432873,53.8690713842,49.1127628819,43.3065877822,44.2425795502,46.6624281128,,,48.8343273146,,51.7314401886,51.7314401886,54.8515176023,48.6952959608,42.6031047842,,,53.0893248274,53.2734670786,54.6280734786,48.232947624,,44.0203121919,
2009-09-01,53.7835063437,57.2414762577,58.1973389288,52.8757194181,53.5029014862,46.8802515622,45.180509872,46.0672463903,47.6396117387,,,49.6829839189,,52.1115888633,52.1115888633,49.1977723468,48.5174602764,47.0251960323,,,53.2783124686,53.4720010787,50.1769158259,48.3178054824,,47.6296739919,
2009-10-01,54.5327810795,58.3255417428,57.6404661209,53.0996495936,54.2044143252,46.6347865563,47.5538255051,46.6717154653,49.4954562022,47.9241615438,54.6031276428,50.1208521676,,52.8911473004,52.8911473004,50.6851881885,47.762958072,48.3882346024,47.3139652037,70.7857340719,54.1271269212,54.2299693444,51.4855886438,48.1569913732,47.4527461202,48.7822950674,
2009-11-01,54.0827222223,57.7037933748,57.2987660657,53.7708234677,52.7450218114,46.7106388042,45.8276901762,46.898528151,49.4548543092,48.1666504001,55.0625489854,49.7405032514,,52.8946024785,52.8946024785,50.9262322785,48.2708748029,48.2854181875,46.9230360656,71.5118113133,53.9883879965,54.3571757373,51.3398913938,48.5401549512,47.2058793502,48.6163576334,
2009-12-01,54.767167052,58.3257065611,58.1543642116,53.8802565918,57.6769940335,46.0804968553,46.6732503525,45.7899814003,49.9209032064,48.8448490334,54.1614101482,49.0900052482,,53.9632656014,53.9632656014,50.5763236497,48.2133891139,48.3323199875,47.951486649,70.1452442642,54.95544388,55.1010376386,52.1912752292,48.6017401331,48.1546698579,48.504645267,
2010-01-01,55.4421068646,59.4760729962,58.8255335085,55.2220065509,62.3215130205,46.1042349178,48.7188205766,47.3100390838,49.8459087151,51.7469193053,54.9001976991,51.5367237866,,54.0538228266,54.0538228266,52.6021456903,49.0741346235,48.3646261776,48.1359389064,70.4146411897,55.2720344615,55.5669765931,54.7857864289,49.2475283528,48.9472143359,49.0772982405,
2010-02-01,54.9748865836,57.6692510457,57.0136040334,55.9836350358,60.7051750085,44.4224207452,49.9816988141,48.080719107,50.5934292127,50.4858352162,55.7268980126,52.8078008957,,54.9615292242,54.9615292242,52.7791544822,49.2858098923,48.357978447,48.5822446499,70.7024564266,55.5698704338,55.2871629968,54.5598857508,49.5795914443,49.009922478,49.3577156982,
2010-03-01,55.9732755186,58.4960599868,58.8977552185,56.5509773665,63.5713646639,43.7243981825,49.5110892488,47.66331937,51.4374237942,51.7655266716,56.8317414454,53.7566915923,,55.8718379134,55.8718379134,53.3618398242,50.469903094,50.6847254779,49.0781561158,73.0975582165,56.4614193163,56.7820562416,55.6556037704,50.6872750221,49.6819250265,51.374901096,
2010-04-01,56.71292704,59.3404801029,59.4339607509,55.6847054805,67.6770729274,42.8620961997,50.0076559435,48.0096457476,52.3808381233,53.8632061828,58.1966989285,54.5956400196,,56.1701985665,56.1701985665,53.8347081585,50.7326623017,50.7103935354,49.58687157,70.310954031,56.8824626142,56.8078019888,56.9446586934,51.1029563493,50.5476314791,51.5832880577,
2010-05-01,55.5300931919,57.2723208172,57.0275807788,55.631829741,65.4071713321,42.8340176306,51.1526820972,48.8756883453,52.0678659441,52.4435494928,55.8248325323,54.4094470331,,55.6105009016,55.6105009016,53.4347761686,51.467165024,50.2129545562,49.5894016138,67.9489504047,55.9838603544,55.3186933619,56.1246024638,51.6021239113,50.2306402223,51.1557764108,
2010-06-01,53.9921562872,55.2621894216,54.0715277158,53.2466096232,59.2026914002,42.988661259,50.0284837032,49.5079861764,52.0030071779,51.4719324163,54.0976284409,52.7476832935,,55.0342753203,55.0342753203,52.6887649255,51.550182629,50.0303933827,49.4401362391,67.8052770958,55.0854805582,54.207273517,54.1522424066,51.6519182769,49.8966178962,50.6408842456,
2010-07-01,54.0452839379,55.5867620606,54.0673885376,52.7557066374,57.7958144902,43.5738464287,49.4211580559,49.0261795227,52.611690101,50.6904622594,54.3579051234,51.9300149193,,55.0130812027,55.0130812027,52.7551883133,50.9206433365,49.9953029864,50.2130097726,67.0259247942,55.1419695191,54.4240963519,53.8876608595,51.3005691568,50.3202785552,50.4299728214,
2010-08-01,53.096156267,54.4291732913,52.5831686508,51.7045609096,58.3345297682,44.3484619336,49.5202931091,48.6181545847,52.0707616402,51.4283850409,53.3769274454,50.8383109129,,55.0401751734,55.0401751734,53.9513785904,51.5251075934,50.3760563774,50.1215444203,63.42199933,54.902901979,54.1994157933,54.9361368725,51.6476991537,50.4151510226,50.4799106511,
2010-09-01,52.7648913759,53.5373568748,52.6826806976,51.4982117516,60.452149454,45.1405684971,49.7671852975,49.1082210972,51.8505734636,53.3638928624,53.0923537065,50.4863376894,,54.2039950441,54.2039950441,52.9866063331,51.0544979638,49.7724831038,49.1512885012,64.4839548297,54.0542220995,53.3753161638,54.6638825941,51.2333514666,50.0977301971,49.9328641144,
2010-10-01,53.0688370135,54.4740490788,53.4830540249,51.9845491199,62.1757661641,45.7720834971,49.047547743,48.5209490485,51.832331433,53.6823065151,52.8167734965,50.3891307484,,53.0997440513,53.0997440513,53.5427465997,51.7438845513,48.2217134247,49.5834429223,62.8767829171,53.4129817179,53.5587912889,55.5104225155,51.7640437549,50.5176740003,48.7157207457,
2010-11-01,53.5035460825,54.7113616914,54.4627119338,52.3276342829,64.9603738467,45.4273929443,49.4238926706,48.0274123341,51.7930587704,54.8898251723,53.5979271058,51.0578562103,,53.6330496844,53.6330496844,52.99601179,51.6725233275,49.1466937073,48.9807229523,64.738763247,53.8788233156,54.0732007358,55.7229819876,51.6999962975,50.3275516066,49.5822942987,
2010-12-01,53.7741927757,55.0323622511,54.2680178087,52.5504427241,66.2723581249,44.7511190164,49.9534622271,48.3209872999,52.2650925004,53.9071091072,54.4061054251,51.6129673649,,54.0157450528,54.0157450528,54.1816833992,51.5307554042,50.916884442,50.6839159462,67.1307805536,54.2474569308,54.51800843,56.9374433377,51.6981287557,51.4185603551,51.0755387335,
2011-01-01,54.873783036,56.6290429793,56.2854061228,54.1187557984,70.5152270919,44.9294320213,49.51090994,47.6956507137,53.0961213175,56.4239588592,55.438568601,52.1090229766,,54.4616200478,54.4616200478,57.0339525772,51.8924624655,51.2874476021,50.3586587242,70.5401169349,54.9466050717,55.7501804358,60.050537918,52.1617945412,51.7158371909,51.4712842436,
2011-02-01,55.468271326,57.3709808563,56.5803846993,54.2931812588,73.720270376,43.7156233861,49.7384066355,48.1490008225,53.6745677326,58.0054193929,56.1771423569,53.0860427548,,55.1628718396,55.1628718396,56.8837490883,52.1333336304,51.2112999783,52.4406614772,69.8447686946,55.6569608283,56.102424267,60.6511082688,52.4782019286,53.6858380468,51.6307945573,
2011-03-01,54.2116130379,54.7844307683,54.1790795086,53.5436605678,72.3780235019,43.0355658567,49.5966666765,49.0590629678,53.7872485204,57.5015017568,54.982014589,52.9789310122,,53.0147417122,53.0147417122,57.9353190314,52.3556275056,49.9961280417,51.5759769909,68.6114565726,53.4113295134,54.5766146271,61.1719330509,52.6764541663,52.9038887106,50.6645750027,
2011-04-01,53.7584706936,53.7286582696,53.1085728543,52.2521519813,68.9608961952,40.9608852909,49.6299888328,49.5320845882,52.8743409012,57.0604137369,53.3882667188,52.1093425576,,52.9243590991,52.9243590991,57.601868236,52.1588992889,48.6513505784,51.8543340484,68.809405288,53.1109186394,53.3083633262,60.2366279275,52.3248480592,53.0618994284,49.4534419116,
2011-05-01,53.2760634524,53.8157147459,53.0294460412,51.9986358482,64.7310146711,44.2453325961,49.8793717054,49.5132010058,52.8108183623,55.6979790947,53.8326366443,51.2254429143,,54.319615293,54.319615293,57.3130359654,51.959594746,49.6340239286,52.041578919,68.4965237546,54.2027340902,54.02253687,59.0336577788,52.1570385485,52.8896916126,50.0031582076,
2011-06-01,51.8783342476,52.3457936016,51.2112522794,50.0786994016,60.4909972524,46.3074079696,49.6966215693,48.9028297059,52.0247960092,53.9428643899,51.6505817189,49.8805072864,,53.4225877201,53.4225877201,57.9192815011,51.7694998736,49.732742735,51.7866700642,68.2619339078,53.1728221812,53.7744299877,58.5157984763,51.8287165575,52.2868056319,49.767017154,
2011-07-01,51.1099437445,50.8303835462,50.8038449795,50.1320260034,58.1717850075,47.455309,49.3164453239,48.8072954782,51.7392309084,52.7416097835,51.0074589502,49.6855848173,,52.4083095843,52.4083095843,56.3975421135,51.6721856978,49.6828896646,51.2583335637,68.4735671513,52.0429562229,53.0638764588,56.8083507252,51.6877093614,51.6017716841,49.6835137008,
2011-08-01,50.9662274875,51.2722491132,50.501293924,49.7095723912,58.1409435553,48.0721644869,48.2532809908,49.0212396971,51.91636803,52.8826044145,50.5764198981,49.1977337379,,51.6812224551,51.6812224551,55.7687748431,51.5209031795,50.1037109022,51.1682790822,67.190946559,51.5865286725,52.4934978345,56.3180273377,51.6124692028,51.5652143678,49.8939407392,
2011-09-01,50.4115613762,50.815063856,49.5123814896,48.5992478552,58.3885405291,48.3912260027,48.6845604797,48.382021324,51.221544089,52.6621535233,49.6435593225,48.0049351073,,51.8199038838,51.8199038838,56.0637682694,50.8725043521,48.9503629556,50.5847542709,61.4924057219,51.5872429904,51.181409045,56.6020465783,50.9533210939,51.0657557763,48.731458372,
2011-10-01,50.576859893,50.80117544,50.5548291277,48.1075554424,54.7466591995,48.4631800143,48.1187263492,48.7335466411,50.8386083094,52.199053199,50.1257419065,48.0343332945,,52.7139683486,52.7139683486,55.1970574415,51.0460849621,49.4311519169,50.3359804129,63.9438435986,52.2710798343,51.6758952136,55.0927721279,50.9980457697,50.7673567185,49.1077322087,
2011-11-01,49.3950153816,48.8284301854,47.875015409,48.7160536286,51.6994032899,48.0347392627,48.1974011682,48.8724056096,51.0543699258,49.1527711253,47.8959722092,48.1060474498,,52.1675540453,52.1675540453,55.1744529128,51.7183871399,49.5865306392,50.9710246195,62.9999171868,51.3944125312,51.3981644004,54.369839116,51.56464044,50.5500257832,49.2437392177,
2011-12-01,50.1239110494,50.4873930624,49.2963027763,49.6333585082,51.4471454455,48.1781891249,47.662524541,48.8691713841,50.8682393277,49.5255152324,49.0885380795,47.9714277699,,53.289353699,53.289353699,55.8647643008,51.8024979607,49.1819484932,50.4624151717,64.2322861192,52.6405870825,51.8867454765,54.841907805,51.5861794998,50.2454851422,48.9016642438,
2012-01-01,50.8031259295,51.4321176342,51.0819934474,50.3371963456,53.3772150354,48.3740554572,47.623961983,48.4663479805,50.5710530349,49.2024018571,49.8256254882,48.7399686625,,54.6208403418,54.6208403418,54.3001849488,51.6855807095,49.8394382046,50.4002549398,67.2629195078,53.9853648458,52.9111990365,54.1162477372,51.4634682551,50.1615366969,49.6203266616,
2012-02-01,51.0535404614,52.0847945069,50.9020456416,49.6093559774,56.4564551306,48.328994497,48.1148424621,49.131827882,50.9979653526,51.1415393729,50.2004102337,48.6242148043,,54.0795563182,54.0795563182,54.7711065831,51.6051726221,49.4324110735,50.1211099854,65.0169339605,53.6820233975,53.0470126327,55.1069770247,51.4841632475,50.3244697412,49.2713469196,
2012-03-01,51.1682531326,52.0100217753,51.294392603,50.3432209516,57.396082447,48.7866982546,49.2455580859,49.2794973995,50.8543941873,50.9764559899,51.1242764431,49.8417692194,,54.6615386984,54.6615386984,55.0423570917,51.5651536982,49.8812028921,51.4356593006,68.6534540296,54.133122092,53.8764528265,55.5114272884,51.4235075614,51.3441454004,49.873344218,
2012-04-01,50.9824981344,51.5746959407,51.2268499065,49.7396796425,56.6070731941,48.9841300589,49.4144281095,49.3223251778,50.6347293756,51.3509135535,51.2168262543,49.3151211494,,53.0654267493,53.0654267493,55.0200569577,51.5223251829,49.1512180487,50.5115626449,68.8553044704,52.7683413684,53.3004276083,55.3363309089,51.3454376209,50.6788355576,49.183882038,
2012-05-01,50.0009557269,50.5128961543,49.8135713184,49.0431676702,52.5556086257,49.7424521616,48.2118126237,49.7556392645,50.3442342734,50.0924184732,49.7434414712,48.9934831129,,52.9259831466,52.9259831466,54.3797766983,51.5512847327,48.9669700079,49.9254743756,67.5052240882,52.4450828634,52.4674609285,54.0162411335,51.3107335592,49.9587444003,48.9722537626,
2012-06-01,49.5405386427,50.0924346239,49.4799907271,47.4219162146,47.9013594203,50.4307605036,47.7348720504,49.3796901359,49.8227981955,47.4091253788,48.695702884,47.7225666544,,51.2257216023,51.2257216023,53.5225081327,50.5717500917,48.2812406587,49.1528569389,61.1024278701,50.999870636,51.7885032147,52.4022783123,50.422492655,48.8053514392,48.1699034016,
2012-07-01,48.8752138002,49.15091805,48.2146398728,46.881846874,47.0029238065,50.5187513065,48.5503191516,49.4966101325,49.2293655333,47.380411722,48.1282551334,46.7704336431,61.2761037666,50.3403055189,50.3403055189,53.6620358944,51.0504366208,48.8911476067,49.5041151133,63.2944799731,50.1032743748,50.4210526751,52.3349519975,50.6875182492,49.0808856294,48.4685138811,
2012-08-01,48.7270780195,48.7274927908,48.0281744124,46.9412111725,48.4273076411,50.4090688853,47.9836965675,50.074258625,49.4987158708,47.6901847267,48.1314969791,47.3255644552,61.3618138936,50.6002126343,50.6002126343,53.8685171192,51.2531287409,49.1590293557,49.9599420943,64.0279010185,50.2270012639,50.0947242029,52.7841471037,50.9034945799,49.5076057448,48.7936410407,
2012-09-01,48.872113489,48.6236371134,48.2719750682,47.2445388821,51.4343217844,50.0273477942,47.767740957,49.200456038,49.8096988179,49.1191702144,47.6848834147,46.8039684324,60.4954768361,50.4000347909,50.4000347909,54.7398089102,50.4282520986,48.1001165328,50.1935160742,62.7337915706,50.0460193124,50.3610533354,54.0810636183,50.3049815954,49.97941139,47.8418092316,
2012-10-01,49.1422050131,48.8076430611,49.1435840799,47.2445211263,54.2867897613,49.0574806164,46.939627231,48.180612341,49.3093919664,50.1676802543,48.5598735695,47.2086436247,60.4634786777,51.0549498094,51.0549498094,54.5370097692,51.3392988768,48.7747223201,50.2842429285,62.5446830632,50.6070876083,51.0946981193,54.4871438203,50.934761945,50.2610133378,48.4626209783,
2012-11-01,49.8704137545,50.4037055613,49.8995130025,49.3558920275,55.055087658,49.1203128859,47.3757808589,48.0809986204,49.6505115522,50.3559284887,49.2747156583,47.2332153427,60.8682647615,51.6818117472,51.6818117472,54.7001187213,51.6775934769,48.1263182341,50.6471705853,62.0535316645,51.4270999905,50.9124557237,54.7708599182,51.273619532,50.5891294093,47.948333174,
2012-12-01,50.2673993361,50.6338096334,50.2809115867,49.0505435422,54.6362047647,49.0021532437,48.4294319878,48.5087747657,50.1602661974,51.3327573202,49.6850536106,47.6082062198,60.661512014,51.4574154432,51.4574154432,55.2895157358,51.8668055129,49.0164355764,50.6315410728,64.324498176,51.2932803463,51.3643234477,55.1593184275,51.5267119967,50.7712853477,48.7357917792,
2013-01-01,51.5330610445,52.3621542495,52.1970424216,49.9363194869,55.0139167907,48.1641350218,48.9761672957,49.0170309479,50.552066397,50.9157181515,51.2885976302,49.1595322901,66.0552019854,52.1754706011,52.1754706011,54.3890615171,50.8546757261,49.3773561709,50.8034386057,66.2727332373,52.2315961571,52.94474186,54.5769213,50.7636976625,50.8371949202,49.3118684513,
2013-02-01,50.878221333,51.66962417,51.7229006599,50.1410609949,54.1959417532,49.4896448584,48.0598800622,48.940590357,50.3070190754,51.2772953526,50.5574632875,48.7318125619,66.6558257948,51.9112396509,51.9112396509,54.407252441,50.5118716505,48.6756668175,51.311886052,66.5291192849,51.8385990992,52.138031963,54.3437228821,50.4502836926,51.3014865218,48.69254677,
2013-03-01,51.1100290442,51.9290089544,52.0354991314,50.9693155792,52.5319372982,49.244379344,48.2649805835,49.3829936577,50.386429547,50.2182645581,50.8082392466,48.7104034327,65.8080300386,51.8826012184,51.8826012184,53.2381524366,50.7439544644,49.0020536062,51.1132957401,66.0439235537,51.8965534848,52.1832035073,53.0258321951,50.6364662888,50.8442088481,48.9143703609,
2013-04-01,50.3941786802,51.1230446532,50.9005519588,50.2165632972,49.4875400836,49.787388827,48.0986851704,49.9450892498,50.0074586814,48.4124701175,50.4629671162,48.7729324754,64.8233520695,51.5969987619,51.5969987619,53.2410655863,50.8173481842,48.7019433454,50.2859211143,65.1569425349,51.4545067006,51.7439231352,52.1125858955,50.5738587354,49.7226769322,48.7232858916,
2013-05-01,50.475833233,51.2505615445,51.1687129997,50.2546391715,49.1468356461,50.3133155213,48.4483199242,49.6265538082,50.0737214139,48.3641872374,49.7687357859,49.165587814,64.9003899924,52.6164571872,52.6164571872,53.3516478458,51.5798901321,49.3338825436,50.8344613154,65.0680705319,52.205807122,52.0469729504,52.0874909438,51.1270676301,50.0917850965,49.2832855291,
2013-06-01,50.2698557451,51.0152864948,51.0179478446,48.3559654745,49.9292035044,50.1345826846,48.4898975299,49.7695311041,49.4092370888,48.503931105,50.4112780665,49.4089453271,64.3120564673,52.9419860551,52.9419860551,53.6291959652,51.4707225796,48.9363232417,49.8486844592,65.3422816338,52.3856174352,52.0806270817,52.5607576153,50.8754321352,49.4603631126,49.072801239,
2013-07-01,50.4092728041,51.0909195805,50.9224250776,50.2881176756,51.6680776068,49.4240116737,48.1573684239,48.4267142803,49.7884014719,49.6451460211,50.5563012759,49.0827482577,64.9775286047,53.4130640653,53.4130640653,55.6927744647,52.0234449349,48.0304719153,50.6917599319,67.8180725847,52.7425037202,52.9683456601,54.5305719696,51.3780365524,50.3895316296,48.334335345,
2013-08-01,51.3389952354,52.0467900434,52.8233974785,50.1758901448,54.4386418115,48.787587328,47.7274568382,47.8396126822,50.1283544818,50.7045769417,51.8074163749,50.0334428109,66.202149055,53.7276985434,53.7276985434,55.2904342461,51.0209734593,48.5329466033,51.6437694325,66.7675885181,53.2461205045,53.5778779885,55.0463968519,50.7652393151,51.374692039,48.9628367616,
2013-09-01,51.5148937293,52.5911714783,52.5371377473,51.0390538988,55.4170631566,48.3962982321,48.595716041,49.1897991667,50.0291633311,51.474713454,51.6761579884,50.5034487891,64.5566040522,54.4756861048,54.4756861048,55.4538658146,52.3113790962,50.3126977423,50.9563471607,67.8101345652,53.9357751827,53.7035159179,55.4433219023,51.6575273293,51.104858411,50.3673476623,
2013-10-01,51.8325038816,52.5934872873,52.9503584687,51.8109512168,55.3927344133,47.8833372938,48.5830343594,49.7914415943,50.6161083863,51.7673261581,51.7222536837,51.3776774941,65.9694633864,52.0060163531,52.0060163531,55.4564055419,52.4567514309,49.26448087,52.0979545578,68.2658194058,52.1743259907,53.4728816834,55.4381638486,51.9294096584,52.0032299631,49.8699088789,
2013-11-01,52.6167629605,54.4393486963,54.1486879232,52.2480124903,55.1332703099,47.9662168298,48.7734385241,48.968345557,50.3995404078,51.6388829969,53.1732306011,51.7495176122,65.7446790824,53.6815075658,53.6815075658,55.3991143789,51.2645446592,51.6235445237,51.8743518117,65.0222285014,53.8986280369,54.427071513,55.3229504084,51.0167220971,51.8068903109,51.6596356452,
2013-12-01,52.7077856023,54.4684749835,54.0866594026,51.7382689653,55.7205318236,48.266900848,49.0451633539,49.3730120975,51.0009391372,51.8811431027,53.5500977283,52.0769073505,66.9436516916,53.4355605403,53.4355605403,54.6388366999,52.4309148083,50.3298889236,51.9387444385,67.9693367906,53.7314891479,54.5943716644,54.9487409073,52.0212286895,51.9222417328,50.8304073683,
2014-01-01,52.7382461216,54.3143242558,54.1883666841,51.1594715029,54.2073700995,47.5784137148,49.0382403213,48.8950077038,50.6804653876,50.6960081292,53.1732816732,51.1506079877,67.8679880136,53.6694524412,53.6694524412,55.2574839366,52.010696056,49.5992807686,51.826967343,69.2348436562,53.8539916163,53.855726126,54.9569790348,51.6300317677,51.5033273951,50.0432149567,
2014-02-01,52.6967519439,53.9395393186,53.9639581148,51.4502727323,53.0505165905,47.3144889904,49.5577742544,49.0874242023,50.8203780147,50.1996058346,52.8130081446,52.4557831918,68.685772471,52.5101622186,52.5101622186,54.5715616894,51.5002270717,49.8412900743,51.3939401243,66.9727919647,52.9191986582,53.948129459,54.1362931576,51.3056786648,51.0521645036,50.5894641958,
2014-03-01,51.9883388302,52.8797941145,52.6540253581,51.891393431,50.9300652783,48.5980616635,49.9878218813,49.699924669,51.3155487776,48.6641891058,51.9573378871,51.2234946724,67.4317836563,53.3839892924,53.3839892924,53.395044302,51.2015704479,49.4131649085,51.2932840528,67.9729322542,53.2397067232,52.6754092364,52.6896557495,51.2341869563,50.5409314116,49.9312163318,
2014-04-01,51.5697811014,52.4739677102,52.1985627346,51.0266298148,51.0018731314,49.0811621001,49.1769167581,49.8008860045,51.1810149631,49.6281921768,51.4982459464,50.5641575144,67.4849006326,52.8856627831,52.8856627831,54.2663563801,51.2026435187,49.0349252582,52.9795534233,67.1823057558,52.767850425,52.8509404108,53.3321784049,51.1964542021,52.0205140823,49.4725366607,
2014-05-01,51.8939181927,53.1007917451,52.7683062143,52.0291819215,52.4666464689,48.8786226646,50.0002492044,49.4476291137,50.599984357,50.4768249481,52.5844295982,50.3426788658,67.3057808857,54.2725890526,54.2725890526,54.7794592405,51.8058860562,51.2060188936,52.1311389006,67.6508836104,53.9372627076,53.9642048365,54.1176152096,51.4608002579,51.6577336046,50.9589619545,
2014-06-01,52.4596441864,53.8474452707,53.9152182292,51.1291292792,53.8627648414,48.7545753411,49.7566348442,48.0814598866,50.8037010838,50.7661426141,52.7413794609,51.0480983892,65.1835885965,55.7162943716,55.7162943716,54.8038368792,53.074427431,50.4753411156,51.1410955785,67.7169472943,55.1814968137,55.6597257604,54.5345358279,52.4246270247,51.0337974935,50.6392436966,
2014-07-01,52.3428074539,53.6729109834,53.7990572347,51.5914321033,54.5537813282,48.5802966425,49.9928036952,49.4994725283,50.3631333226,51.3372161,53.0116353608,50.6076954364,66.021954716,55.6037505115,55.6037505115,53.6169733438,51.9188746359,49.8244629391,50.1961504677,64.1090425862,55.0512135176,54.3086675205,53.885054176,51.4736772924,50.52268251,50.0485959772,
2014-08-01,52.3948307771,53.6691182888,53.6951896426,52.2775435032,53.2121419664,47.8878706945,49.7492467338,49.8943058158,50.3862512144,50.6909036539,53.1096802261,51.1218928529,65.0612339654,55.4790069434,55.4790069434,54.0716311127,51.6921770245,50.4327800129,51.2140816183,63.5878345563,54.9610817498,54.6707343483,53.8256761577,51.3184679146,51.0643668566,50.6299793821,
2014-09-01,52.0332554596,53.1923811459,52.8911955141,52.4224537215,52.2770712918,48.5114306885,49.850058981,49.7710947667,50.7975511205,50.0621981266,52.6387419687,50.6635915248,64.5924744505,55.3724730574,55.3724730574,53.8365869391,51.9679819768,51.3447366923,52.3958899417,65.3761840534,54.7486089746,54.8740089179,53.3903095167,51.6330466611,51.7280710777,51.149817385,
2014-10-01,52.0794100753,52.9548201387,52.8395555823,51.1748804424,51.2403250805,48.3187270437,50.4073985805,50.2412463608,50.979537822,49.5358422522,52.2939147892,50.9137256656,63.5601591015,53.8132745486,53.8132745486,53.8449712459,51.5857710173,50.3811340905,50.7569857456,63.2842455553,53.567615698,53.8836718317,53.0996149688,51.4122888286,50.4075382927,50.5335426898,
2014-11-01,51.658667426,52.2225309866,52.2150874554,50.5242869824,51.5261773095,48.2994836734,50.0621800469,49.8008519624,50.8860649451,49.8898185587,51.4814978779,49.5058478037,62.481315039,53.5873446008,53.5873446008,53.0380034714,51.9485327696,50.3838823121,51.1754387308,65.709978963,53.1970135899,53.2864225445,52.605627484,51.6446713957,50.8077567146,50.1327680986,
2014-12-01,51.4428064996,52.0279252309,52.0119970988,51.3320245944,50.8122822646,48.41074528,49.1087813865,49.6916861543,50.914798578,49.2624545588,51.4368171692,50.4262445506,63.2631123244,52.6824398159,52.6824398159,53.2559699767,51.2500949268,49.6808574446,50.4886705894,64.732015003,52.4952513698,52.1949254473,52.557085466,51.1542015671,50.1379779103,49.8940350533,
2015-01-01,51.4836748308,52.5646087919,52.0832736718,50.9451091719,47.1850063628,48.9749207234,48.9202272092,49.4099266574,50.8587795941,48.7903685285,51.126219033,50.1297343066,63.6423199602,52.8631881562,52.8631881562,51.526179935,51.7271838779,50.6122459965,50.2743292042,66.2592417812,52.7760561654,52.1107399284,50.2593305108,51.473764509,49.8412770131,50.4714385291,
2015-02-01,51.8045634682,53.058830075,52.225253009,50.720310357,48.4333454182,48.6441968984,49.9980301145,49.8627127854,50.8455328501,49.3517851657,51.4189040415,50.7409780355,66.1111770664,54.096189578,54.096189578,52.1544096831,51.8620356671,50.9689825081,51.0125032335,66.0037678086,53.7950147257,53.7927392648,51.0740793085,51.5669161016,50.53034973,50.9027863503,
2015-03-01,51.40235231,52.9325977865,51.8055551488,50.6291021393,50.0080473553,48.8431879784,49.0236891038,49.3260225969,50.2582280255,49.62015857,51.3164206683,51.0095346529,64.2622074575,55.0061541338,55.0061541338,53.2159773368,52.0816877981,50.9479912476,50.8619497113,64.3680097874,54.4041419819,54.1887028914,52.2846243819,51.5522857671,50.5014225628,50.9658590417,
2015-04-01,50.7397690041,51.5743002284,50.7487653401,50.2536287467,49.7846519054,48.9313803966,48.928469605,49.4760085554,50.3421222195,49.2723357358,50.0849277291,49.3126275806,63.2707442896,54.7238269123,54.7238269123,53.5238228762,52.7611623901,50.825946208,51.3980695375,65.8903600359,53.8094300892,53.7657412404,52.4382356119,52.0588464967,50.7809087924,50.3865869379,
2015-05-01,50.9484889735,51.5687042699,51.1804167994,49.6187580271,51.9692364214,48.9831196782,49.2213083408,49.0938849228,50.6376249192,50.2909574977,50.4352746576,49.655166197,63.2023578378,53.9907275894,53.9907275894,54.0807669593,52.9539408816,50.0068306605,51.0399906033,66.1713750537,53.2875456034,53.2681574889,53.4677298241,52.2814487361,50.8225250725,49.904732504,
2015-06-01,50.8707235525,51.3499433869,51.2296686273,50.8949013537,52.0725329415,49.1908498189,49.7165765785,49.0793344999,50.3565346629,50.1180468235,51.1983513434,49.8604387797,63.4855385332,53.3154881638,53.3154881638,54.8970732615,52.031843354,49.8755739604,51.4874900705,63.9644241386,52.7448348308,53.1785741604,54.0770291868,51.5454537792,51.0899018993,49.8711797887,
2015-07-01,50.6671447466,51.1794669009,50.836552793,49.6860894143,50.7334945771,49.0948048533,49.4053273723,49.3821177583,50.2250008715,49.0826683646,50.1975000134,50.0103937941,61.5165976076,53.8231546621,53.8231546621,54.448545597,52.2289712123,50.4516473457,51.3422736895,62.6238990567,53.0556172088,53.7950166207,53.3699610378,51.6471618495,50.6862462486,50.3235389389,
2015-08-01,50.3460765437,50.6116058501,50.8276527458,49.5491522831,50.2363929395,49.4782662904,48.9567276017,48.7848333045,49.8547322039,49.3217127565,49.55810552,50.143121959,61.2707338738,54.0935389059,54.0935389059,52.9484834972,52.3366163681,49.8650603947,50.3520455232,63.7250427566,53.0826350959,52.9627065103,52.1610867742,51.616055083,50.0529107315,49.9457895443,
2015-09-01,50.2118184651,50.3775222801,50.7260616649,48.7020008236,48.6244616501,49.01677169,48.8859094679,50.1236715241,49.3177210116,48.4648432697,49.882869987,50.4159104085,61.5703627953,53.0162799459,53.0162799459,53.2858544272,52.2366400759,49.3219624698,50.1395006895,63.2626542827,52.250173839,52.5057979285,51.9325200459,51.3891951779,49.6533001971,49.6395665482,
2015-10-01,50.8791170821,51.3720695595,51.4110439696,51.0438433566,48.4107033988,49.1657297198,49.2834399861,49.1777149555,50.2965098038,48.4251662807,50.1363025135,50.3384511583,61.5062246016,53.2595138294,53.2595138294,53.6704321475,51.178808386,50.0839073557,50.8373688013,62.0991820635,52.7115352862,52.6138805701,52.1433838826,50.9226521119,50.1370380714,50.1578086329,
2015-11-01,50.85877417,52.1229237388,51.0155807201,51.0831745343,48.4458719167,49.3108650198,48.8417647757,48.5658348838,50.1791114733,48.353305373,50.5870966263,50.0992520458,60.8622486083,53.7036273112,53.7036273112,52.9505738746,51.7504883177,49.9169158734,50.8926103791,62.4287436863,53.2447042825,53.0444174207,51.6427312771,51.2942731023,50.1553781969,49.9698532299,
2015-12-01,50.5811717073,51.4238004621,50.6141618591,50.3228618714,48.2601176463,49.2951130276,48.8183280446,49.4509738349,50.2670359184,48.6077544658,50.0835803167,50.1118925354,61.2667307096,52.8313903203,52.8313903203,52.9944335757,51.7456848696,49.9377040902,50.3981072026,62.1507489593,52.4227271072,51.9831475181,51.6199275373,51.3163911886,49.878317082,49.9882759306,
2016-01-01,50.7317147064,51.2090131663,51.2874591567,50.2389390666,47.9386442029,49.44137417,49.3650861293,49.2417092802,50.1146059021,49.4708140997,51.0489523921,49.7809078912,61.9399883044,52.7087222966,52.7087222966,52.8156047201,52.2437135309,49.5885569497,50.2799942247,62.7414135167,52.2649510801,52.2078593835,51.3724884131,51.6137002413,50.0405538951,49.6454745276,
2016-02-01,49.846499201,50.1980357289,50.2237483891,49.2575266508,48.499204038,49.9972562477,48.7060926146,48.4253894288,49.2942246384,49.1906003069,49.4197803319,48.9586973783,62.3254407024,50.6689121758,50.6689121758,53.1363863594,51.7800775563,48.7995730961,50.1144921074,61.3895966162,50.5295775478,51.2908641571,51.7642215853,51.0445016028,49.8411080358,48.8466587442,
2016-03-01,50.5579513815,51.3489290458,51.3564446536,49.54232398,49.8819906241,49.5714571617,48.7614719887,48.7457410057,49.3667854967,49.8144968837,50.289545053,49.3564614092,63.219143275,51.3741641423,51.3741641423,52.9484385657,51.2327428447,48.8829870141,50.3985399463,61.5978420983,51.3666969546,51.1174118177,52.0410617244,50.6805970015,50.2257187671,49.0230903875,
2016-04-01,50.1326128218,50.4857516736,50.3580757668,49.0931896837,51.9163698842,48.6246564967,48.4453627021,47.6471243656,49.2645718881,50.7170461632,49.0925972695,48.8476692056,61.680451,51.7637889456,51.7637889456,53.4183116291,51.2024560098,49.7178876949,50.1586581745,62.5223832682,51.3856115088,51.432665076,52.9738797711,50.6290266849,50.3238878927,49.4603858168,
2016-05-01,50.0554624746,50.1771599772,50.3117461152,48.8995980834,52.508155226,48.7405986607,48.2394894196,48.4226547605,49.5239475143,50.6629992176,49.8739900376,48.9802287938,61.5002297072,51.3289723601,51.3289723601,53.9812723224,51.0788273508,49.1048944408,50.5525180805,61.1275821269,50.9881454811,51.2508384957,53.5453698179,50.6187308543,50.5852099856,49.0680052703,
2016-06-01,50.2741805734,50.4074127838,50.6455401936,49.7175745949,52.0447924889,48.7905104603,48.5793497136,48.7876133978,49.6965345854,50.4923923799,50.0141065233,50.1809983729,61.3826209337,51.3960214546,51.3960214546,53.6685482951,51.1569748415,49.4600334149,50.5678190599,59.711555682,51.1034873467,51.4532993273,53.1880710647,50.7248234756,50.5454999389,49.6733704481,
2016-07-01,50.918566173,52.0702795578,51.3198848449,49.9717741792,53.0413570628,49.1736763932,48.9651021731,49.0276562208,49.9228603586,51.1628115138,51.0187682711,50.6534426355,61.9012138318,51.4137908979,51.4137908979,53.2865047504,51.2368812894,49.8082202577,50.5861999569,62.1410650249,51.6080490813,51.8398662852,53.2139643589,50.8480561131,50.7568221175,50.058325665,
2016-08-01,50.7085010267,51.9576915327,51.0447817221,50.5143901447,52.4829023417,49.192375061,48.9877222106,49.1541162984,49.4286383247,50.0653246062,50.9274408209,50.3191092593,60.3293860192,51.5078331054,51.5078331054,53.0320067136,50.8552176122,50.5284143339,50.6884315832,62.9452431893,51.6409483992,51.984388004,52.8695240627,50.4330858714,50.5040512019,50.4664799456,
2016-09-01,51.0273485629,51.9691653,51.4423094382,50.8178601815,52.8110451738,48.9726630386,49.494898602,49.2924556537,49.9938700101,50.609434703,51.3355678588,50.5727419976,61.5228748643,51.714447596,51.714447596,52.9434241396,50.6979613197,50.4609935641,50.6065765651,61.8675894055,51.7898198019,51.8791491575,52.9042525606,50.4896172811,50.607422302,50.4940604684,
2016-10-01,51.897954384,53.5229381846,52.7483993676,50.8494409051,55.3254869527,48.9974955406,49.4995072697,49.5344606483,50.4618681583,52.9242652325,52.2991017474,50.805951108,60.7229025254,52.9915340552,52.9915340552,54.4616770411,50.8733667727,50.89314773,51.1916597576,64.4971967092,53.1487791184,53.0620563959,54.7172825899,50.7516023339,51.7043461338,50.867345826,
2016-11-01,51.9216287757,53.2495717508,52.790381256,51.1205075165,58.9595626302,48.71265267,49.6894348127,49.6315330489,50.5503794023,53.8583563241,52.3568805242,51.0818489191,61.5099224946,53.286714788,53.286714788,54.3846955455,51.3468186514,50.1427803769,50.6364099468,63.196481839,53.2757239829,53.3224936597,55.7384209383,51.1111484088,51.5897995305,50.4206553201,
2016-12-01,52.5616376435,53.8179827912,53.5674102203,51.184743333,61.1598294148,48.2207412685,50.3709492178,49.9898014375,51.1646757405,53.7465734315,52.9898638347,51.1096689448,61.7475712893,53.3530033572,53.3530033572,55.3637506022,52.1638377685,50.426487836,51.8646961078,64.291894212,53.4905930304,53.6396820415,57.0788384774,51.868180871,52.4215527492,50.6286444447,
2017-01-01,52.558332878,53.3858965344,53.7752596632,52.3325304417,61.9588271832,47.4280777874,49.7549256837,49.7892082171,51.0899997258,53.5974184223,52.873795588,51.2328794514,63.6562239452,53.8988705475,53.8988705475,55.4986152078,52.3916478274,50.838852744,51.6965655917,66.1737262999,53.7479876044,54.2651962201,57.3987812408,52.0087892589,52.2556704626,50.9547492762,
2017-02-01,52.8157352755,54.0102674813,53.9929231396,52.8512220437,60.8645174614,48.0718736202,50.1917383047,49.3624751168,51.5344933793,53.610058583,53.3528115752,51.1577186053,64.3735535727,53.2925895356,53.2925895356,54.4249826108,52.2189885061,50.3565131433,51.0687351579,63.7607001636,53.5036828032,53.7891119712,56.3190668046,52.0176554238,51.8162240127,50.5921746681,
2017-03-01,52.8299449294,53.9810868017,54.0969473582,52.4561718922,59.7201997464,47.6813114597,49.976365452,49.1748521264,51.3007459763,53.2483561246,53.0231580017,51.750394756,63.5169657422,53.695842114,53.695842114,54.7514236555,51.9303117508,50.6620822612,51.6568536605,65.0411521607,53.7797421886,53.6875488229,56.2129081376,51.7451352419,52.1249681643,50.982191639,
2017-04-01,52.5872903907,53.4749270964,53.4506484449,52.4718463448,58.717089563,47.228743354,50.0843824192,49.5668575356,51.2961867214,52.8021342292,52.7005349896,51.6562318841,63.4497692712,53.7707544967,53.7707544967,55.0285749771,51.4820625962,50.4842150413,51.4424374187,64.5778362178,53.6837416897,53.5515147078,56.1134914094,51.4273902379,51.8423700686,50.8289446884,
2017-05-01,52.4369060491,53.2908534443,53.3657561837,52.2632772818,54.8145760601,47.4253167301,49.663274338,49.7042567438,51.2596795431,51.4167835219,52.3536813612,51.6043640144,63.0774186235,53.8723594098,53.8723594098,54.8052468292,52.2540789423,51.2552321309,51.9192717202,65.2908137008,53.7013189103,53.9305373584,54.8079908704,51.9615925705,51.7714730086,51.3579235826,
2017-06-01,52.4380764083,53.0746100462,53.168169582,52.5946019983,54.1207586649,47.206549097,50.0342650319,49.6684463058,51.4826444175,51.7091811126,52.4858919459,51.419800799,63.2844123127,53.7896370331,53.7896370331,54.9886373327,52.3637093114,50.8660215267,52.0295040845,65.3666182745,53.5793235018,54.058720246,54.7333649714,52.1045584367,51.9352863045,51.0289066715,
2017-07-01,52.5723694399,53.0171366776,53.4946198918,52.5647864757,55.1244222781,46.745874259,50.3069180111,49.4151888836,51.2544432033,51.861877679,53.0087367844,51.0901019581,62.8890794198,53.6314371113,53.6314371113,54.6312826851,52.8084461629,51.2592509091,51.8047150468,63.9084662566,53.4507506535,54.1906966817,54.7763316568,52.3513615269,51.8215285032,51.2094985027,
2017-08-01,53.0441143525,53.5707770777,54.1113262261,53.5148966662,56.7062949363,46.4722814059,50.2883688378,48.9825535561,51.8001377117,53.0439923483,53.5067088897,52.043018263,63.0053378249,54.0239674989,54.0239674989,55.1646628252,52.8458376126,51.0712777426,52.4351700322,65.1332411274,53.8906689248,54.5471012273,55.6181087777,52.5382620346,52.614245191,51.3570993746,
2017-09-01,53.0884206511,53.7997537768,53.5968879635,52.4493304741,60.9941461158,45.6403438605,50.0727179064,48.9818088643,51.9909780313,54.0873185756,53.1450334898,51.9072543357,62.9845403234,53.7740014147,53.7740014147,55.4393026691,52.5771893118,51.1105810378,52.817642826,63.8072367858,53.7815760522,54.2798375383,57.0731693094,52.4047648205,53.1910972485,51.3449095004,
2017-10-01,53.2785881482,53.5187569925,53.9774192299,52.6819909115,61.4197196188,45.304935066,50.4518862869,49.2718861405,52.2811238114,53.5101333034,53.1781583824,52.5355894086,61.9803723835,54.0429952529,54.0429952529,54.607133074,52.6466646103,50.8837110295,51.6269914685,64.2845634208,53.8887991152,54.0167443261,56.6109443418,52.5391467436,52.1808869387,51.3695841244,
2017-11-01,53.7684838755,54.640788498,54.8761959021,53.5043798152,62.2265087644,46.1710643148,50.7806244093,49.590480113,52.465125933,54.2037785855,53.8756698033,52.9759042596,62.3224169577,53.6794432172,53.6794432172,55.3022033947,52.6953332778,50.8865309507,52.7687720361,63.3604631467,53.9622072589,54.57206327,57.3388749335,52.6276215404,53.190855818,51.5010860469,
2017-12-01,54.2493723572,55.2704924506,55.6085870693,53.8474400573,61.2204222667,45.7660413505,50.6268695239,49.0642431885,52.7569618698,53.6419994779,54.6172586796,53.1804414156,63.0501849349,53.8190382263,53.8190382263,55.196775256,52.7824530363,50.7585227601,52.4084163636,63.0908850006,54.2459598236,54.7139676472,56.9685328218,52.7749552253,52.7712547258,51.4708906485,
2018-01-01,54.1508008292,55.3624786988,55.1134768913,53.9369795581,60.9718731528,45.7721931491,51.0268685937,49.5856010155,52.6964010007,53.8317591616,54.8257815085,53.1429579767,63.8738439667,54.1628067172,54.1628067172,56.1567998524,52.8343402176,51.3497278625,52.7704630844,65.2349036927,54.5169903178,55.0692543357,57.5783717693,52.7936159119,53.0837934544,51.8791498281,
2018-02-01,53.9243324302,54.5778650674,54.825622921,53.1886715271,60.3371934129,45.4862284844,51.0439267789,50.3625064937,52.753604409,53.7843665262,53.9514012449,52.0992256726,64.2768860059,54.8058257415,54.8058257415,56.3079981364,52.9027492225,51.3363755532,53.1699759869,66.3730837734,54.7385240677,55.227626418,57.4975523748,52.8587166471,53.3513647805,51.5615946182,
2018-03-01,53.1619691678,53.3012295488,53.6250779559,51.8678368569,59.4089017274,44.9663927461,50.8458844178,49.6853621352,52.0475443198,53.5898927944,53.0499304002,51.8295316248,64.5491417318,53.2555093696,53.2555093696,55.1255507308,52.9289361094,51.1111114341,52.4829049017,64.8682162313,53.2690075074,54.1519042762,56.3901403035,52.6687195482,52.8097250356,51.3232132867,
2018-04-01,53.2858508026,53.75612958,53.6636387387,50.9564920278,59.8556887023,44.8891883305,50.6301677489,49.6993141839,52.0904413032,53.9216235849,53.347673744,52.1568426667,63.5972369979,53.9014199357,53.9014199357,55.3023417501,53.1033697648,51.4322306641,52.6248098842,66.6350302938,53.8585253261,54.977571265,56.6466432283,52.804319145,53.0076729941,51.6461605483,
2018-05-01,52.9801606644,53.267911484,53.2978431103,50.7176081852,60.2383781908,44.6775179353,50.4891300591,49.4737041632,51.6327227235,54.3113415823,52.6879914415,51.6687299239,63.3987319789,54.3190641853,54.3190641853,56.364068288,52.9262414495,51.1568681131,52.4693043117,65.5237584724,54.0087284817,54.1784943622,57.5078951442,52.5443511272,53.0131357947,51.3079869705,
2018-06-01,52.8463104757,53.1481130877,52.8901701517,50.3454073969,61.9805956508,44.6975280136,50.3994859063,49.1463359518,51.7845588483,54.9872957096,52.5293618826,51.9515245372,61.3515238489,54.6295828939,54.6295828939,57.1641206339,53.0765542977,51.5426522615,52.8716747372,64.4755200885,54.1922030783,54.2800876139,58.5861063848,52.6951136979,53.4962773494,51.6633651372,
2018-07-01,52.6003585159,52.8827118801,52.4756303974,50.1547044848,60.9967977521,45.0223703453,50.6467215308,49.0817639009,51.6283741266,54.1596901162,52.0449826368,51.2202544969,61.5066729473,53.9770318764,53.9770318764,56.648875032,52.8244432024,49.9159168598,53.3725528498,63.4405414556,53.6574374046,53.6448011753,57.918679175,52.4751330685,53.6024350778,50.2968466606,
2018-08-01,52.4046017634,53.1947426765,52.3355448891,50.1430055766,60.8395991824,45.7708610404,50.0765729853,49.1871679231,51.3161224257,54.1386551176,52.1468475821,51.1004480568,61.2027091971,53.4955072121,53.4955072121,56.3191538351,52.7728846428,50.4089463847,53.0138474197,64.0023248989,53.4076693921,53.5408104706,57.639342946,52.3474394779,53.3423457778,50.6108983845,
2018-09-01,52.0097567674,52.2712477673,51.825865284,49.6002697481,60.267548173,46.1131439302,50.6569583964,49.224327832,51.2273049511,54.0160475688,51.7408601684,50.7878722065,60.508310117,52.9159448239,52.9159448239,56.9795043729,53.1931787867,50.9202664945,53.6954820078,62.9894016942,52.7276620401,53.4312918249,57.9397725075,52.6190483566,53.7891026869,50.8816009463,
2018-10-01,51.8806501468,51.6730576125,51.6970168545,49.7982185215,60.7923102343,46.2661381807,50.3609582387,49.386127036,51.7855279526,53.7698024345,51.2045774386,50.7722160325,59.79304686,53.3633411281,53.3633411281,57.3335189366,52.7638030703,50.8043797073,53.5244144289,64.9118089175,52.8696964271,53.3677320687,58.3436536153,52.4780993268,53.5960796185,50.7949863556,
2018-11-01,51.8058993043,51.7010504652,51.7504789168,49.6542482525,58.2566149264,46.4101268354,50.2364068538,50.1614261037,51.4668567643,52.5625031079,51.4671840734,50.3690956385,59.3309102299,53.7017872723,53.7017872723,56.3283340272,52.1295741789,50.5481844411,52.7986888635,62.9234751723,53.1174751651,53.125316815,56.891485498,51.9360285773,52.7297111769,50.4958818317,
2018-12-01,51.3710944817,51.847786546,51.1032932657,49.6830326263,55.0638413602,47.345210442,50.1063553339,49.7015667976,50.8465294921,51.3457453976,50.890291305,50.2445739243,58.6984568119,52.9755180699,52.9755180699,55.7652659322,52.2563206738,49.6315485215,52.3853828729,62.0646683006,52.6461658129,52.4283821662,55.5604159648,51.8445933275,52.0817583473,49.8105816475,
2019-01-01,50.6475584521,50.724978465,49.9316126793,49.4219392577,53.8522288203,47.8533689788,49.6145402538,49.4797269605,51.0169067675,51.3815915961,50.0281055382,49.8200386951,60.5703374216,52.6377216913,52.6377216913,54.9113970367,51.8327218937,49.9737352897,52.6215816422,63.0961951753,52.0949058421,51.834547093,54.6108165474,51.6012023806,52.2696858725,49.9301178577,
2019-02-01,50.5576465162,50.6647903138,50.071731328,49.0602446618,53.3379778251,48.2855157183,49.2302790963,49.0053433619,50.9486449375,51.8770246654,49.4438038565,49.2815623322,59.100347486,53.3054844157,53.3054844157,55.6183928059,52.9679389399,50.8174423636,52.7779317616,62.9469463698,52.5560839777,52.4954747234,54.9712356876,52.3948851323,52.5222640673,50.3815762149,
2019-03-01,50.5247953602,50.4019348522,50.0557836373,49.0280210399,53.3156641367,48.8831516356,50.4496162921,50.0126295333,50.9754383606,51.9639644704,49.6452159155,48.4933668312,60.14580092,53.797562176,53.797562176,54.9256389518,51.9438239707,50.670533472,52.3672470911,61.6913482356,52.8339198511,52.8626766883,54.4687455045,51.6690066037,52.2527998432,50.0526771164,
2019-04-01,50.4580805945,50.7098951903,50.2485880976,49.0444108261,52.9359760806,49.2348918537,49.8751152778,49.4848979806,50.5187630894,51.2466273627,49.7408579187,48.6005464758,59.8142881512,52.8666922476,52.8666922476,54.892095828,52.3263692724,50.2141781164,51.7804592769,61.4602448502,52.2546165596,52.2448014736,54.336970191,51.8133901794,51.6289635508,49.7562469015,
2019-05-01,49.8424196386,50.1554831484,49.5704635919,49.103441593,52.5705567193,49.8705565598,49.3590387031,49.1364927141,49.885446938,51.0610128719,49.3852847812,48.4642368072,57.9671016113,51.6119810144,51.6119810144,54.3297717794,52.2441775764,49.6282633271,51.0664297881,60.4076180035,51.198642666,51.3511408889,53.830525564,51.5747953211,51.0648925259,49.2979251849,
2019-06-01,49.3919924808,49.4436355579,49.0514351726,48.8730486185,51.9482190129,50.1028493362,48.8095510149,49.35813341,49.7506266925,50.8899195749,48.558874015,48.2062895896,57.4004602891,51.9344050003,51.9344050003,54.3524079884,51.9160502577,50.7011042624,51.7943352212,60.0258449522,51.2275515599,51.6080159843,53.6701251485,51.30152646,51.5376718383,49.9931028294,
2019-07-01,49.3197781754,49.4068742028,49.2899214164,48.3255168038,50.9104778365,50.1639685882,48.6649363878,48.79017593,49.1959242461,49.9464850069,48.260900882,47.5241696835,57.4143331647,52.4827940394,52.4827940394,54.3339078282,51.8531698816,50.6748533469,51.1767921526,58.841137631,51.6098812431,52.0180531245,53.3623754067,51.0990722974,50.8276442853,49.7807233848,
2019-08-01,49.5388178281,50.0545298603,49.0215731511,47.4555634769,50.1981099358,49.9291019008,48.8540817169,49.3682692358,49.6133526557,49.4457117526,48.7788654652,48.2586724369,56.7047664382,51.7753043726,51.7753043726,53.0176792375,51.1783770666,49.069984395,50.5250535297,57.4121746506,51.2869671691,51.0865309319,52.2175159516,50.734240058,50.218748002,48.8397428323,
2019-09-01,49.7312380842,50.1887674615,49.4746459972,48.0143237574,51.0474740274,49.911592776,49.1692570067,49.2603900026,49.5573281771,50.0608289096,48.3223565343,48.4393294692,56.6571741925,51.357038119,51.357038119,52.319621158,50.5216994171,48.7689444086,50.5664512024,57.4025950433,51.0254955364,50.8236276133,51.9585995553,50.2480212849,50.4229610619,48.6754032522,
2019-10-01,49.8202498064,50.3751474807,50.0921910638,49.0169074227,50.4486523761,49.8174616614,48.3826788777,48.1793168983,49.1657848925,49.7197797857,48.874757698,49.0178510817,57.4866681949,50.9304956909,50.9304956909,54.1913153099,50.0869471009,49.4839861946,51.4248470708,57.8662038892,50.7728938726,50.7160100299,53.1291880306,49.8255312247,50.9409674085,49.3517020889,
2019-11-01,50.3044304414,51.0109338577,50.4187533909,49.0087886669,50.3734407688,49.8624564705,48.8019960905,48.7603749825,50.1261991059,50.0578780677,49.7365359881,49.2778411989,57.1180778774,51.6051071296,51.6051071296,54.1279768401,51.1338731277,49.7523092953,51.0550518122,58.0580250684,51.4364871786,51.1266292425,53.0624800928,50.8479061341,50.7720646838,49.6176603789,
2019-12-01,50.0623591032,50.4039078606,50.2722486348,49.1610575951,51.2912861714,49.6511682414,49.1014966528,49.2227950294,49.5861655929,51.0282185765,49.3713005217,49.1009792045,58.0047963722,51.932148822,51.932148822,54.1460621967,51.4382466338,49.788812189,51.4629974363,58.8636251578,51.4984505588,51.8475367919,53.3359076233,50.912646057,51.3396118962,49.5936126241,
2020-01-01,50.335500775,50.8029780599,50.7713391774,49.5152187226,51.7948050674,49.3732640072,48.5042574816,48.6629631088,49.7945917983,50.6042467413,49.4550797448,48.7484963343,60.9923027724,52.6968388521,52.6968388521,54.7489536842,51.6835988584,50.3134573414,51.3481710963,59.508332278,52.1596639675,52.2535838455,53.9110386438,51.1478006869,51.13716431,49.8695716283,
2020-02-01,47.1284948152,43.5210417321,45.2223231782,44.9714328571,51.8841564992,42.5584955365,46.2906658922,48.1118953216,47.1812258499,49.8732818166,43.5377095836,51.2030398769,60.761923636,47.1145233568,47.1145233568,52.7450229331,50.7524809528,49.5981127831,50.8697925844,59.4285321446,46.0952678313,46.2865475598,52.5008466826,49.7395297604,50.58714216,50.0533344815,
2020-03-01,47.3232489429,45.0417894718,43.3924909714,42.9616570152,50.0400898795,40.8907266424,47.1621195306,48.5524783572,47.3122566344,48.8534581123,45.6174937486,48.1505505586,52.0796247383,36.838302836,36.838302836,50.818124562,46.1285382367,42.3260599978,46.8347066196,46.1705178849,39.1651406928,38.8950484573,50.5974427186,46.4642882539,47.4073055163,43.9781191447,
2020-04-01,39.5915310548,32.489980358,31.5257631806,27.0651779581,47.389676418,37.7313104819,43.7709054354,46.3602071566,41.4695651993,46.8296660865,34.4240447273,41.5151797214,47.0805986976,23.7154663774,23.7154663774,42.719223541,38.2962109875,34.1033803107,41.6993507546,41.5675431225,26.2042704934,26.5905402989,44.0439513116,39.1963015271,43.1545139628,36.2056639153,
2020-05-01,42.4267044283,39.1705866539,36.4424801046,32.254232927,47.9830855616,42.1130453138,44.0631358344,45.8338057958,43.0597847353,47.8860034243,37.3543150196,40.6889999488,52.0305245715,35.1516140301,35.1516140301,45.3999984406,40.5122751022,39.4733816571,44.768833053,49.8991197065,36.2915558697,35.862899827,46.1326655573,41.2348510163,45.6529876019,39.8181797638,
2020-06-01,47.9542084582,47.2903001762,46.8432745299,43.4848159582,51.6387884306,45.8862931629,47.5975244903,47.5496665382,46.0092129032,49.5161021662,45.3638907431,44.9668120421,58.9412915014,48.0754619602,48.0754619602,51.8002200818,46.6581402626,47.7408600434,49.472037866,56.9891902308,47.8527585849,47.9334028181,51.7544315904,46.4740784346,49.484536269,46.9540287614,
2020-07-01,50.5971041023,52.0755517801,51.2093695486,47.1763173381,53.0769252478,46.9628542383,47.9340496422,47.7173881294,47.332142321,50.9660651911,49.1991780644,48.5773485734,59.5472109933,50.6825956552,50.6825956552,53.9806134795,48.2698783336,49.3799079134,51.0758576106,60.0409859796,51.0776938845,50.5559748886,53.7242912495,48.0038987873,51.0447160766,49.1522698934,
2020-08-01,51.8234616808,53.6693413582,52.8436838349,49.9354498584,54.5665057305,46.8990464396,48.6480745818,48.0386660165,48.6153534928,51.4735097437,50.8385143203,50.139002693,60.8301999097,52.0249942154,52.0249942154,54.258808228,50.3754632048,50.4241296982,51.51404571,59.0592407074,52.4913970208,51.7778151713,54.3460835816,49.8762254914,51.502548084,50.3432562429,
2020-09-01,52.4441709216,53.7300080089,53.7288786388,51.7287954395,54.7584514853,45.8945051907,48.8040397727,47.7477313874,49.4838856453,51.4975884756,52.5187310175,50.8385558946,61.8092076845,52.0161657534,52.0161657534,53.64258089,50.4871314779,50.5608489224,51.8334554227,58.548777778,52.5022801603,52.4178742941,53.9590865491,50.202570719,51.7381900847,50.6396177587,
2020-10-01,53.0679403582,54.3916941972,54.9825322397,51.2694242056,55.3244738452,45.5700632734,49.0624065736,47.8314829195,49.522629853,51.9959206435,53.1136103758,51.4334288569,63.327022922,52.9237594877,52.9237594877,53.8832251562,50.3243434747,49.5050986304,50.9974809039,63.5705823279,53.340124651,52.7159467674,54.2920210937,50.0969453344,51.2806784621,50.0520504291,
2020-11-01,53.7854940829,55.3197945601,55.097605142,51.7889336905,57.5419508386,43.3140492046,48.8048530331,48.080523908,50.2144298883,53.2063897365,53.8353610699,52.3140663301,65.2671467127,52.1793502983,52.1793502983,57.5541963676,52.3815369418,48.7091549472,53.5355948512,67.9955833588,53.0701062561,52.5957454194,57.5507230444,51.7668584574,53.442219076,49.7316524106,
2020-12-01,53.7948668544,54.9270643386,54.4126256986,51.0923179797,61.0018785019,41.6658655065,49.6022682958,47.8328861975,50.1448302831,54.462435797,53.5696816151,51.7695067893,64.7144307877,51.8083360414,51.8083360414,58.2703893389,50.9343877115,49.4949054973,52.4770318409,64.3490300995,52.6929324806,52.1981931355,59.0451492272,50.7104375552,53.0401720386,50.1400736593,
2021-01-01,53.5800778608,54.1025285742,54.1187500376,50.1537632547,62.4508012215,40.8840030805,48.8675167229,48.1799683049,50.3233474787,55.0329890262,52.4141243537,50.9968591802,64.3585791379,51.596381337,51.596381337,58.9304897542,50.0310758058,48.7234568653,52.8887602741,66.4603567611,52.2838684385,51.7929786446,59.8961827076,50.1112518634,53.4769657825,49.3470973063,
2021-02-01,53.9610186829,54.3214691841,53.9893636737,51.064847555,65.0809623191,38.7771821326,48.6729125426,47.884915888,50.6656417517,55.6684281465,52.9804227784,51.4702153946,67.2497251825,52.826924286,52.826924286,60.3590856944,49.9623116483,49.2864425576,53.3783590107,65.2446753806,53.2355722406,52.5290876674,61.6501711793,50.1546206304,54.004524253,49.883543591,
2021-03-01,54.9588146997,55.0721802347,55.7845001648,53.4303137157,68.3651072215,38.50163209,49.1931834559,47.0304318386,51.5567302976,59.3265737985,53.9435820534,54.3915599158,66.4506464594,54.7365971212,54.7365971212,62.4869225418,51.6425165325,49.7513795401,54.5902612647,68.1814800285,54.8283543866,54.4169061411,64.0941731163,51.6190603155,55.8852939076,51.0201271179,
2021-04-01,55.8475676894,55.7376616104,56.7508388207,54.6687043778,69.7135117352,37.6293880339,50.2135944326,47.391592134,52.5547470122,59.8048043641,56.0506351529,54.9052327124,66.6347398545,57.04951343,57.04951343,63.1753542504,53.779865728,51.2910171847,55.8054628513,67.4791571007,56.6908185768,56.7649913074,64.9630587793,53.4448859907,56.8989881987,52.2792389402,
2021-05-01,56.0495352736,55.6165973407,57.3359905514,54.9214830569,71.6561970766,37.3188976985,50.4326264828,47.316078492,52.4958038976,62.5750173648,57.2027619197,55.7228517988,65.1259423744,59.549110996,59.549110996,65.2465777739,53.5544709349,51.7814694424,57.8297010613,68.0910999537,58.4738581457,58.6938791535,66.999136577,53.2650034723,59.127195572,52.8591472293,
2021-06-01,55.5052628986,54.3981980551,55.7367372776,53.16767141,70.6628224164,35.9484725747,50.5370570806,45.8955338496,52.6162868984,60.8355268826,55.6148261267,54.7027563579,66.133011143,57.4497287779,57.4497287779,64.1119915448,53.1441008124,52.2237758161,57.1777654031,69.5313426647,56.6153598741,56.5594398279,65.9031613115,52.9997825811,58.1778937692,52.9015944144,
2021-07-01,55.4256579507,54.4022151077,55.3069636235,52.7453442742,71.1773194053,35.9848618572,50.8996178818,47.0257029044,52.7039128859,60.3291138941,55.1510590458,54.9369696219,64.2296038737,56.2655577433,56.2655577433,64.0815796758,52.590562186,52.7393856066,57.1289961298,65.6287149742,55.7560707699,55.4614718196,66.021741882,52.621555254,58.0039926458,53.34026298,
2021-08-01,54.1026155223,51.8396379085,53.5793325814,50.9737750734,70.296315357,36.1251381611,50.8805877457,47.8754106801,51.9980911019,60.0748409441,54.1779376345,54.7862510283,64.0907289703,52.7707675729,52.7707675729,63.7988916548,51.4675349104,52.108412432,56.2797144131,66.5017913541,52.5161721885,53.152913722,65.5754584943,51.6126029526,57.3174020036,52.840604062,
2021-09-01,54.0933590354,52.0686869796,53.9521123141,51.0186778855,71.2172995026,36.4788035729,50.7784008474,48.6059411554,51.4226702372,60.8630815085,53.8225519322,55.5994457147,64.2129406919,53.7823765238,53.7823765238,65.235504423,51.7141990834,52.0472418547,57.0580944472,68.2386444789,53.3138086488,53.5125251266,66.8710848108,51.6344874154,58.0984781666,53.0185079863,
2021-10-01,54.2580410743,51.5349183615,53.6753364851,50.6100797764,74.4444884416,34.707991944,51.278042096,48.3999517866,51.750525602,63.6863328366,53.0875901585,54.3249999564,63.314521585,55.5963637974,55.5963637974,65.3727587295,53.046720459,52.2172550646,58.9965975189,65.9210606073,54.4858576011,54.3280440413,67.8532086619,52.6923066319,60.2788947236,52.7935680546,
2021-11-01,54.2042291281,52.5981775402,53.3142579679,51.3699298904,71.5037020474,36.4106756054,52.4730741943,48.68531489,51.3735063703,61.3333896684,53.5933794277,53.7207313624,64.2726084646,55.6223142212,55.6223142212,68.4735281459,53.0816746451,52.3820619543,58.813480733,68.254373807,54.7954355703,54.1575617851,69.302057532,52.6146164306,59.5024902325,52.7480894428,
