,OECD,Eurozone,G7,Asia5,USD,EUR,Germany,France,Spain,Italy,GBP,JPY,AUD,NZD,CAD,CHF,SEK,NOK,CZK,PLN,HUF,ILS,ZAR,TRY,RUB,BRL,MXN,CLP,INR,IDR,KRW,CNY
2000-01-28,,,,,,,,,,,,,,,,,,,,,,,,,,,,,,,,
2000-02-28,,,,,,,,,,,,,,,,,,,,,,,,,,,,,,,,
2000-03-30,,,,,,,,,,,,,,,,,,,,,,,,,,,,,,,,
2000-04-27,,,,,,,,,,,,,,,,,,,,,,,,,,,,,,,,
2000-05-30,,,,,,,,,,,,,,,,,,,,,,,,,,,,,,,,
2000-06-29,,,,,,,,,,,,,,,,,,,,,,,,,,,,,,,,
2000-07-28,,,,,,,,,,,,,,,,,,,,,,,,,,,,,,,,
2000-08-30,,,,,,,,,,,,,,,,,,,,,,,,,,,,,,,,
2000-09-28,,,,,,,,,,,,,,,,,,,,,,,,,,,,,,,,
2000-10-30,,,,,,,,,,,,,,,,,,,,,,,,,,,,,,,,
2000-11-29,,,,,,,,,,,,,,,,,,,,,,,,,,,,,,,,
2000-12-28,,,,,,,,,,,,,,,,,,,,,,,,,,,,,,,,
2001-01-30,101.49,,101.09,,99.62,103.68,105.34,101.76,105.55,103.7,102.21,100.56,92.74,,101.01,106.06,110.62,105.21,,,,,,,,,103.32,,,,,
2001-02-27,101.24,,100.83,,99.58,102.82,104.32,100.86,106.26,102.13,103.26,100.66,93.34,,98.97,106.0,108.05,104.81,,,,,,,,,104.12,,,,,
2001-03-29,101.5,,101.33,,100.81,102.57,104.34,99.72,103.44,101.79,101.85,100.44,93.17,,101.49,105.95,107.77,103.52,,,,,,,,,101.96,,,,,
2001-04-27,100.55,,100.4,,99.89,101.33,102.52,98.15,103.54,100.35,100.78,100.1,92.55,,99.95,104.77,106.44,102.78,,,,,,,,,102.9,,,,,
2001-05-30,98.99,,98.8,,98.59,98.92,101.31,97.74,104.77,93.6,100.45,98.93,92.8,,101.34,103.16,106.5,102.86,,,,,,,,,97.75,,,,,
2001-06-28,98.15,,97.77,,97.24,98.71,100.11,97.31,104.04,95.69,100.53,96.86,93.24,,100.7,102.41,106.14,102.19,,,,,,,,,100.81,,,,,
2001-07-30,98.47,,98.46,,97.83,98.86,99.75,97.18,95.21,96.01,98.25,99.16,95.03,,100.48,102.36,105.25,101.43,,,,,,,,,101.16,,,,,
2001-08-30,97.87,,97.72,,97.16,97.87,99.27,97.78,95.47,95.3,98.78,98.08,96.36,,100.34,102.56,103.67,102.92,,,,,,,,,100.31,,,,,
2001-09-27,97.26,,97.07,,96.46,98.49,99.33,96.81,95.52,95.85,100.41,97.21,96.68,,97.84,101.61,103.16,102.29,,,,,,,,,100.31,,,,,
2001-10-30,96.56,,96.22,,94.93,97.64,98.83,94.03,95.36,96.08,99.79,96.33,100.26,,97.97,99.64,102.24,101.46,,,,,,,,,101.59,,,,,
2001-11-29,94.65,,93.81,,91.7,95.44,96.33,93.64,95.09,92.71,98.58,94.88,100.36,,97.68,99.2,101.59,100.21,,,,,,,,,106.79,,,,,
2001-12-28,94.57,,93.75,,91.2,95.33,96.11,96.21,95.46,92.0,98.24,95.74,100.65,,97.76,99.19,100.15,99.72,,,,,,,,,105.8,,,,,
2002-01-30,95.57,,95.15,,93.21,96.21,95.94,96.97,94.55,94.81,97.4,96.48,99.77,,100.44,98.88,100.01,99.6,,,,,,,,,99.78,,,,,
2002-02-27,96.49,,95.99,,94.67,96.52,96.29,98.0,95.07,95.75,96.97,96.85,99.56,,101.45,99.52,100.96,99.3,,,,,,,,,102.94,,,,,
2002-03-28,97.5,,97.05,,96.56,96.56,97.6,97.16,94.89,95.78,98.92,97.55,99.51,,100.1,98.08,100.84,99.39,,,,,,,,,102.59,,,,,
2002-04-29,98.07,,97.79,,97.65,97.92,97.54,97.11,94.76,98.38,98.91,97.44,100.97,,100.21,97.83,100.73,99.29,,,,,,,,,102.53,,,,,
2002-05-30,98.28,,97.85,,96.91,98.18,98.45,96.74,93.32,98.29,99.09,98.59,101.65,,100.56,99.64,103.38,101.04,,,,,,,,,107.07,,,,,
2002-06-27,98.56,,98.19,,96.4,98.87,98.72,97.19,94.33,98.37,101.54,99.41,102.56,,105.65,99.52,105.19,101.67,,,,,,,,,106.08,,,,,
2002-07-30,98.83,,98.57,,96.84,99.55,99.87,97.37,95.81,98.66,102.35,99.41,101.36,,104.77,99.72,102.49,100.85,,,,,,,,,102.47,,,,,
2002-08-29,98.56,,98.42,,96.61,98.96,99.69,96.68,97.94,97.09,102.34,100.21,101.78,,105.08,100.12,101.35,101.21,,,,,,,,,99.91,,,,,
2002-09-27,98.05,,97.86,,95.94,98.22,99.4,95.46,98.58,95.69,102.27,100.03,100.38,,104.16,99.5,101.64,100.45,,,,,,,,,98.2,,,,,
2002-10-30,97.95,,97.35,,95.24,97.46,98.12,94.33,97.79,95.55,101.94,100.13,100.15,,104.69,99.67,100.64,100.12,,,,,,,,,107.07,,,,,
2002-11-28,97.6,,97.01,,94.26,97.77,98.11,94.78,96.57,96.85,101.46,99.98,98.55,,104.61,100.22,99.75,97.98,,,,,,,,,107.68,,,,,
2002-12-30,96.69,,96.22,,91.62,97.99,100.04,97.27,97.99,96.58,96.7,101.88,100.56,,100.65,100.5,93.36,92.73,,,,,,103.81,,,102.88,,,,,
2003-01-30,96.49,,96.0,,91.95,97.65,100.27,97.27,97.93,95.03,96.45,100.7,100.19,,100.55,100.55,93.43,92.69,,,,,,106.52,,,102.15,,,,,
2003-02-27,97.26,,96.84,,93.72,97.76,100.55,98.2,97.22,94.56,96.09,101.55,100.27,,97.37,100.16,96.28,94.72,,,,,,106.26,,,105.16,,,,,
2003-03-28,97.38,,97.01,,94.2,97.49,100.03,97.18,96.95,95.43,95.64,101.74,100.51,,97.9,100.38,96.73,93.98,,,,,,104.56,,,105.96,,,,,
2003-04-29,96.47,,96.02,,91.98,97.16,99.83,96.25,99.31,96.18,94.4,101.76,100.49,,99.19,100.12,97.38,93.96,,,,,,102.17,,,103.12,,,,,
2003-05-29,96.12,,95.67,,91.84,97.09,99.6,95.61,100.15,96.64,94.58,100.58,100.83,,98.62,100.4,97.02,93.69,,,,,,99.57,,,101.58,,,,,
2003-06-27,96.05,,95.45,,91.69,96.68,99.13,95.23,100.68,95.45,95.2,100.53,100.98,,98.45,100.22,96.51,94.75,,,,,,103.01,,,102.43,,,,,
2003-07-30,96.66,,95.96,,92.71,96.99,99.27,95.57,101.47,96.04,95.44,100.27,100.62,,99.17,99.92,97.14,95.01,,,,,,105.97,,,106.68,,,,,
2003-08-28,97.36,,96.86,,93.75,97.22,99.54,96.07,100.54,95.7,96.02,102.24,100.76,,98.41,100.51,97.3,97.0,,,,,,107.99,,,103.15,,,,,
2003-09-29,98.25,,97.87,,94.69,97.4,100.66,96.3,99.81,94.3,96.38,104.65,100.36,,100.01,101.68,97.99,98.29,,,,,,107.25,,,103.51,,,,,
2003-10-30,98.71,,98.44,,95.02,98.29,101.2,96.07,98.84,97.02,96.82,105.26,99.59,,100.09,101.53,97.84,97.97,,,,,,108.1,,,102.31,,,,,
2003-11-27,99.46,,99.28,,95.73,99.57,101.98,98.44,98.13,98.74,97.35,105.7,100.03,,100.61,102.06,97.36,98.98,,,,,,107.35,,,102.48,,,,,
2003-12-30,100.02,,99.9,,97.54,99.82,103.04,98.63,98.61,98.17,97.15,104.55,100.01,,101.09,102.67,96.59,99.73,,,,,,108.08,,,102.63,,,,,
2004-01-29,102.6,,103.07,,105.29,100.93,103.78,98.18,99.42,100.12,99.6,102.8,99.47,,98.6,102.53,96.96,99.09,,,,,,108.56,,,100.19,,,,,
2004-02-26,103.14,,103.71,,106.0,101.29,104.24,99.39,97.63,99.39,100.21,103.49,99.85,,100.59,102.51,98.31,99.78,,,,,,108.81,,,101.83,,,,,
2004-03-30,103.25,,103.75,,105.96,101.39,103.82,99.3,96.25,99.6,101.31,103.75,99.77,,99.74,103.2,98.77,102.5,,,,,,108.66,,,105.1,,,,,
2004-04-29,103.1,,103.63,,105.79,101.33,103.4,99.71,97.25,100.01,100.86,103.64,99.81,,99.74,104.08,99.11,103.35,,,,,,107.84,,,102.68,,,,,
2004-05-28,103.6,,104.09,,106.3,101.5,103.29,99.86,99.21,100.82,100.76,104.47,99.9,,99.93,105.22,102.32,104.5,,,,,,107.35,,,103.94,,,,,
2004-06-29,103.49,,103.97,,106.11,101.48,103.63,99.75,98.79,100.39,100.68,104.17,100.27,,100.9,105.13,102.21,103.0,,,,,,107.86,,,102.25,,,,,
2004-07-29,103.31,,103.44,,105.6,101.11,103.38,99.93,98.17,99.61,100.42,102.53,100.32,,101.73,103.34,101.94,100.31,,,,,,108.15,,,103.32,,,,,
2004-08-30,102.88,,103.24,,105.2,101.17,103.71,100.32,96.77,98.99,100.25,103.09,100.67,,100.88,103.8,102.33,101.36,,,,,,108.27,,,102.51,,,,,
2004-09-29,102.69,,103.1,,105.41,100.66,103.11,100.47,95.92,98.38,99.36,103.33,100.95,,98.98,102.5,100.87,101.99,,,,,,108.98,,,101.67,,,,,
2004-10-28,102.71,,103.08,,105.3,100.8,103.16,100.15,96.5,98.85,99.73,103.48,100.98,,98.09,103.66,101.43,103.55,,,,,,107.41,,,103.5,,,,,
2004-11-29,102.4,,102.68,,104.26,101.07,102.87,100.97,97.15,99.42,100.05,103.43,99.71,,97.41,103.72,101.15,104.67,,,,,,107.61,,,102.71,,,,,
2004-12-30,101.94,,102.28,,103.86,100.96,102.44,100.51,98.17,99.6,100.47,102.38,99.78,,97.59,102.32,101.61,104.79,,,,,,106.97,,,99.08,,,,,
2005-01-28,102.02,,102.22,,103.35,100.87,102.39,100.11,98.4,99.66,100.45,103.27,100.9,,97.73,102.47,101.74,104.62,,,,,,106.4,,,101.79,,,,,
2005-02-25,102.43,,102.51,,104.19,100.46,102.5,99.97,97.68,98.66,99.57,103.64,101.54,,97.8,102.67,102.58,107.27,,,,,,107.65,,,105.25,,,,,
2005-03-30,102.47,,102.58,,104.65,100.07,102.1,98.66,97.34,98.94,99.41,103.96,101.89,,96.54,102.31,101.91,108.85,,,,,,108.12,,,105.09,,,,,
2005-04-28,101.93,,102.12,,104.3,99.7,101.35,98.85,97.56,98.65,99.0,103.09,100.26,,96.19,102.06,101.58,110.13,,,,,,108.35,,,100.61,,,,,
2005-05-30,101.18,,101.16,,102.58,99.28,100.19,98.49,97.27,98.78,99.1,102.77,99.04,,95.68,101.98,101.57,107.02,,,,,,108.16,,,103.09,,,,,
2005-06-29,100.98,,100.83,,102.3,98.91,99.92,98.56,97.77,97.93,98.65,102.39,99.44,,95.33,102.74,101.09,110.2,,,,,,107.11,,,104.41,,,,,
2005-07-28,100.75,,100.56,,102.44,98.45,99.64,98.06,97.58,97.18,98.27,101.04,100.84,,96.84,102.83,100.91,110.62,,,,,,106.92,,,104.27,,,,,
2005-08-30,101.15,,101.04,,103.31,98.75,100.3,98.02,97.8,96.88,98.9,101.44,101.2,,95.65,104.31,101.74,109.16,,,,,,107.76,,,104.32,,,,,
2005-09-29,101.35,,101.57,,103.4,99.31,100.97,98.79,97.59,96.08,98.97,102.98,101.0,,95.85,104.31,101.93,111.88,,,,,,105.93,,,100.31,,,,,
2005-10-28,101.3,,101.44,,103.05,99.66,101.9,97.69,97.42,98.57,99.28,103.19,99.75,,93.4,104.85,102.2,111.85,,,,,,106.79,,,105.33,,,,,
2005-11-29,101.58,,101.54,,102.5,99.94,101.75,98.06,97.11,99.52,99.36,103.87,99.3,,95.46,105.15,103.77,111.48,,,,,,106.59,,,103.48,,,,,
2005-12-29,101.91,,101.75,,102.77,99.97,102.24,98.69,96.66,98.59,99.07,104.24,99.33,,95.72,103.89,103.51,109.89,,,,,,106.53,,,108.35,,,,,
2006-01-30,102.45,,102.21,,103.41,100.14,102.94,99.17,97.2,97.93,98.97,104.85,99.3,,95.96,104.57,105.17,104.6,,,,,,106.16,,,110.78,,,,,
2006-02-27,102.59,,102.58,,104.41,100.28,102.97,99.91,96.94,97.47,99.31,103.91,100.51,,97.49,104.83,100.79,110.32,,,,,,104.56,,,107.58,,,,,
2006-03-30,102.28,,102.37,,103.8,100.54,103.53,99.65,96.71,98.16,99.15,104.05,100.03,,96.35,104.8,100.59,112.49,,,,,,106.25,,,101.9,,,,,
2006-04-27,102.6,,102.71,,104.61,100.74,104.09,99.69,96.01,98.24,99.08,103.62,100.15,94.95,96.59,104.17,100.98,112.44,99.68,105.24,107.27,,111.11,105.54,103.35,111.66,102.59,,102.88,104.91,103.04,105.18
2006-05-30,102.65,,102.8,,104.67,101.11,104.56,99.61,95.07,98.73,99.62,103.38,100.22,95.9,96.31,104.58,104.65,111.57,100.65,106.7,107.8,,110.7,105.47,102.43,113.04,101.74,,103.38,103.02,101.8,107.53
2006-06-29,102.88,,102.73,104.43,104.0,101.48,104.59,99.74,95.74,98.87,100.93,104.38,99.6,93.61,94.67,103.47,105.22,105.69,101.32,107.47,109.91,,108.84,106.19,103.26,111.71,104.6,,103.93,103.85,106.1,105.55
2006-07-28,102.38,,102.36,104.23,103.43,101.64,104.99,99.07,96.04,99.79,100.72,103.59,99.4,94.03,94.08,105.66,106.95,104.85,100.78,110.65,108.26,,108.5,107.39,104.71,107.48,101.44,,104.92,104.2,100.82,103.5
2006-08-30,101.97,,101.85,104.1,102.9,101.36,104.52,98.97,96.29,99.69,100.44,102.16,99.18,94.48,95.65,106.49,105.19,103.63,100.45,110.86,107.98,,109.24,107.85,106.33,107.13,106.44,,105.15,104.1,96.13,105.23
2006-09-28,101.6,,101.46,103.37,103.01,100.73,103.35,99.13,95.29,98.1,100.81,100.7,99.54,97.76,96.62,104.08,106.17,103.84,100.46,110.72,105.39,,107.69,101.85,104.36,109.87,107.85,,104.88,107.1,97.48,102.79
2006-10-30,101.44,,101.37,103.49,102.8,100.66,103.62,99.39,95.61,97.37,100.61,100.65,100.82,98.22,97.2,104.93,105.69,104.22,100.55,110.34,105.24,,107.41,103.21,104.14,112.02,106.13,,104.69,107.1,95.7,102.98
2006-11-29,101.99,,102.02,102.54,103.51,100.83,103.76,99.49,95.61,98.28,100.58,101.38,101.71,98.9,96.96,105.07,105.03,106.82,100.45,109.18,105.98,,106.49,103.09,102.19,111.57,100.19,,103.26,109.24,102.46,102.35
2006-12-28,101.89,,102.12,103.03,103.32,100.96,104.08,99.55,95.39,98.0,100.89,101.96,101.56,95.0,98.23,105.77,105.29,107.77,100.7,108.98,106.88,,106.61,100.22,99.24,110.57,98.91,,105.46,106.39,99.61,102.92
2007-01-30,101.74,,101.81,103.28,102.76,100.75,103.87,99.4,96.09,97.32,101.04,101.83,101.2,94.77,99.24,106.36,103.83,108.35,100.54,108.74,106.69,,106.05,102.12,96.11,109.09,101.1,,105.36,109.51,98.85,103.85
2007-02-27,101.82,,101.82,104.1,103.2,100.34,104.0,98.14,96.09,97.35,100.34,101.63,101.22,95.21,98.57,105.23,104.77,107.89,101.18,107.01,106.78,,106.06,101.55,96.91,111.83,98.16,,105.7,109.6,105.62,105.96
2007-03-29,101.58,,101.44,104.62,102.41,100.37,103.42,98.04,95.94,97.39,98.95,100.2,101.11,98.01,98.6,105.21,104.65,108.01,101.58,108.47,107.5,,106.92,101.55,99.67,109.21,100.46,,106.26,108.52,105.79,105.96
2007-04-27,101.0,,100.78,104.59,101.62,99.86,102.9,98.02,95.61,97.39,99.84,100.93,101.29,96.72,98.0,105.03,104.83,108.05,101.68,109.55,107.28,,106.68,101.55,97.65,105.29,97.95,,105.33,106.95,103.93,107.76
2007-05-30,101.2,,101.06,104.44,102.44,100.1,102.91,98.16,95.34,97.71,99.42,99.82,101.22,96.55,97.81,104.04,102.91,107.73,103.13,107.94,105.06,,106.54,101.55,96.99,106.09,100.09,,105.58,107.1,103.21,108.24
2007-06-28,101.26,,101.25,104.22,102.77,100.42,103.4,98.66,95.11,97.52,100.83,99.39,100.8,96.05,97.68,98.5,99.83,108.1,104.5,107.77,104.8,,106.62,101.55,97.41,106.6,101.75,,105.74,108.55,104.13,106.2
2007-07-30,101.57,,101.57,105.04,102.83,100.6,103.13,99.18,94.41,97.3,101.78,99.83,101.12,95.84,98.24,98.78,100.55,107.98,105.08,108.83,107.75,,106.63,101.55,98.15,110.08,99.01,,105.58,110.15,106.7,105.67
2007-08-30,101.72,,101.95,103.94,103.49,100.78,103.7,99.51,94.1,97.03,101.7,99.76,101.46,95.45,98.56,97.48,100.39,108.2,103.87,107.51,108.62,,106.18,101.55,98.84,109.68,100.17,,105.88,109.59,102.75,104.15
2007-09-27,101.29,,101.54,103.06,103.41,100.54,103.12,99.66,93.86,96.91,101.42,98.01,101.36,95.54,97.77,98.08,99.77,109.33,102.8,105.23,108.07,,104.84,101.55,99.35,108.47,102.58,,105.33,109.59,98.8,104.02
2007-10-30,100.49,,100.62,102.74,102.51,99.51,101.59,98.39,93.92,96.25,100.9,97.06,101.13,95.58,97.63,98.5,98.81,108.43,102.69,104.54,106.64,,105.34,101.55,99.2,107.08,103.29,,103.87,109.16,95.78,104.68
2007-11-29,99.49,,99.36,102.07,101.52,99.07,100.46,97.9,93.93,96.58,100.72,92.49,101.31,94.34,99.04,96.94,97.34,107.47,102.37,102.83,104.59,,101.83,101.55,99.17,107.83,107.34,,104.3,108.42,93.87,105.6
2007-12-28,99.26,,99.2,102.31,101.09,99.04,100.35,97.9,94.41,96.77,100.58,93.08,101.35,94.7,98.33,97.8,97.23,107.44,102.8,103.68,103.58,,101.96,101.55,98.87,107.57,101.58,,104.18,108.86,95.49,105.48
2008-01-30,98.96,,98.92,102.8,100.12,98.82,100.57,97.74,94.46,95.95,100.27,95.05,101.5,94.97,97.5,96.86,96.47,108.01,101.77,103.06,103.25,,101.78,101.55,100.99,109.47,100.74,,103.73,111.53,95.97,105.28
2008-02-28,99.09,,98.98,102.49,99.77,98.78,101.12,97.45,95.37,95.29,100.27,96.97,101.41,94.95,96.35,95.29,96.39,106.92,104.05,99.41,103.53,,101.98,102.37,101.1,108.08,98.57,,104.43,111.34,100.34,102.97
2008-03-28,98.88,,98.48,101.88,99.02,98.38,100.76,97.1,95.14,95.3,99.38,96.96,100.65,95.2,96.05,96.07,97.99,105.21,102.68,99.11,103.34,,101.85,105.28,101.92,107.39,99.43,,102.57,106.78,104.11,102.97
2008-04-29,98.9,,98.3,100.99,98.96,97.99,100.43,96.59,93.39,94.85,99.11,96.66,99.96,93.86,96.5,95.33,97.69,103.52,100.54,99.11,102.04,,100.27,106.19,101.93,105.74,107.01,,101.97,105.93,104.24,101.08
2008-05-29,98.09,,97.65,102.37,97.92,97.52,99.8,96.3,92.79,94.77,98.3,96.43,99.35,92.94,97.51,93.31,96.89,101.79,99.76,97.69,101.7,,95.51,105.26,102.08,102.99,102.46,,102.19,111.72,104.74,103.28
2008-06-27,97.92,,97.6,102.26,97.89,97.32,99.72,95.34,90.7,95.05,98.27,96.86,99.46,92.37,96.68,95.14,97.28,102.14,99.65,98.77,102.09,,95.27,103.79,101.78,101.72,104.17,,100.27,112.25,101.82,103.8
2008-07-30,97.17,,97.26,103.03,97.69,97.1,99.03,95.19,89.61,95.64,97.88,95.87,99.27,92.19,96.07,94.39,93.86,102.33,100.02,97.07,103.68,,98.55,102.08,101.66,104.08,95.78,,100.43,112.98,99.18,105.77
2008-08-28,96.77,,96.96,101.98,97.75,96.13,98.01,94.7,88.81,94.0,97.07,95.9,98.25,92.07,95.46,93.7,92.01,101.96,99.89,96.52,102.91,,98.55,101.32,99.8,106.85,100.08,,100.22,113.64,94.01,104.85
2008-09-29,96.22,,96.46,99.84,97.85,94.82,96.36,93.64,88.56,92.3,96.28,95.37,98.34,92.27,94.24,94.08,91.73,101.14,99.75,96.15,104.29,,97.32,101.2,104.3,107.58,102.07,,98.74,111.37,87.69,102.67
2008-10-30,95.79,,95.6,99.22,96.98,93.92,94.48,93.56,88.93,91.96,95.35,94.29,98.32,94.43,94.5,92.97,92.38,100.97,99.06,93.95,102.82,,91.9,100.18,99.26,108.34,102.09,,96.53,109.24,98.65,101.39
2008-11-27,94.34,,94.31,99.24,95.19,92.92,93.22,92.46,86.89,91.9,93.95,94.1,97.7,95.13,93.03,92.94,93.04,99.85,96.72,93.16,101.56,,90.84,94.45,97.87,106.18,104.38,,96.26,105.5,94.94,101.35
2008-12-30,95.01,,94.83,94.54,94.19,95.38,93.49,96.03,95.55,96.76,95.97,95.17,98.21,98.88,95.47,96.85,94.57,94.83,95.45,92.85,93.55,,92.3,92.42,92.43,103.64,98.25,,94.79,97.55,94.3,93.38
2009-01-29,93.76,,93.31,91.57,92.23,94.51,91.65,95.88,94.91,95.83,95.72,93.65,97.59,98.35,94.32,95.86,94.62,94.44,93.66,93.34,93.18,,91.38,91.11,89.75,101.16,98.75,,93.95,94.39,94.44,88.45
2009-02-26,92.95,,92.45,90.86,91.26,94.1,90.85,95.72,95.05,95.39,95.57,92.23,96.98,97.96,93.37,95.52,93.42,93.83,92.1,92.57,92.15,,92.06,89.21,86.69,98.83,97.22,,94.41,90.97,95.28,87.62
2009-03-30,92.33,,91.66,89.97,90.12,94.14,90.25,96.23,94.74,95.71,95.75,91.01,96.46,96.57,92.21,96.32,92.49,93.29,90.73,94.18,88.97,,91.27,89.05,85.87,94.51,97.5,,92.42,88.25,95.48,87.45
2009-04-29,92.0,,91.31,90.47,89.87,94.42,90.32,96.41,94.52,96.7,95.74,89.74,96.05,97.0,90.61,96.7,92.69,93.19,91.87,94.22,88.58,,91.11,90.36,86.03,93.5,98.09,,91.91,86.02,94.46,90.08
2009-05-28,92.24,,91.38,92.16,89.9,94.91,89.61,97.94,94.68,97.36,96.58,88.96,96.23,97.34,91.12,96.23,91.63,93.23,93.03,96.2,88.57,,91.61,91.59,84.93,92.75,98.79,,92.63,90.28,96.77,93.0
2009-06-29,93.18,,92.41,93.31,90.9,96.0,90.33,98.98,96.76,99.38,97.37,89.55,96.1,98.52,93.61,95.81,91.11,93.05,93.61,95.09,90.01,,91.59,93.25,85.87,92.86,98.48,,93.86,91.03,98.97,94.26
2009-07-30,94.02,,93.26,94.49,92.17,97.15,91.47,100.37,97.87,100.51,98.32,88.38,96.28,99.87,94.81,96.71,91.11,93.42,90.39,95.79,91.03,,92.46,95.44,86.88,92.78,99.0,,96.7,93.91,99.75,95.67
2009-08-28,95.7,,95.09,95.85,93.92,99.56,95.54,101.64,99.05,103.31,99.39,89.54,96.66,101.29,95.85,97.83,92.23,94.05,90.61,96.29,92.29,,92.36,99.23,89.38,95.76,100.59,,97.09,94.78,100.66,97.65
2009-09-29,97.8,,97.55,98.28,95.96,101.31,98.5,102.66,100.97,104.76,100.56,94.9,97.14,100.76,97.74,99.73,93.3,95.64,91.66,96.21,93.95,,94.27,100.84,92.82,97.37,101.1,,98.61,97.04,101.21,99.41
2009-10-29,99.18,,99.08,98.23,97.42,102.54,100.75,103.7,101.95,105.98,100.7,96.99,97.93,101.67,100.22,101.01,94.93,95.92,91.65,96.25,95.39,,94.25,101.06,94.3,98.05,103.22,,98.82,98.0,100.96,99.41
2009-11-27,100.64,,100.66,101.31,99.16,103.8,101.88,104.6,102.7,105.59,103.9,98.76,98.94,102.45,101.76,102.02,96.09,95.9,92.39,97.6,95.79,,96.72,102.35,95.76,98.55,105.21,,100.14,99.13,101.52,103.16
2009-12-30,101.4,,101.47,100.24,99.83,104.69,102.94,105.45,103.53,106.51,104.61,100.03,99.73,102.49,101.9,102.6,98.08,97.43,92.77,97.43,100.17,,96.72,101.84,97.41,99.92,105.59,,100.14,99.55,100.89,100.36
2010-01-28,102.35,,102.51,100.4,100.86,105.66,103.86,106.53,104.61,107.24,105.73,101.19,99.65,102.48,103.14,103.17,99.27,97.68,93.58,98.81,101.57,,98.02,101.6,97.99,100.92,107.23,,99.35,99.54,100.36,100.55
2010-02-25,103.1,,103.14,102.54,102.41,106.05,105.71,107.46,104.39,108.32,106.56,102.55,100.84,101.43,105.02,105.28,101.12,98.11,95.76,99.7,102.76,,98.46,103.22,101.2,99.03,107.17,,99.22,104.0,106.86,103.11
2010-03-30,103.56,,103.61,102.92,102.27,105.81,104.73,105.89,104.02,107.07,105.9,102.98,100.99,101.55,104.84,104.14,101.06,97.87,95.8,100.17,104.62,,98.35,103.39,102.08,98.56,106.58,,99.04,104.39,106.81,103.45
2010-04-29,103.57,,103.68,102.83,102.66,105.46,104.97,105.17,104.11,106.36,105.43,102.87,101.27,101.12,104.75,104.22,102.8,97.79,96.45,100.36,102.94,,100.54,103.44,102.29,99.61,106.42,,100.78,105.07,105.14,102.85
2010-05-28,103.89,,104.08,102.65,103.29,105.46,105.64,104.95,104.62,105.9,105.08,103.4,101.71,100.54,104.81,104.65,102.84,98.33,96.78,102.21,102.85,,101.22,104.06,102.19,99.02,104.87,,101.05,105.84,104.02,102.17
2010-06-29,103.99,,104.21,102.51,103.63,105.2,106.34,104.26,104.47,104.63,104.75,103.67,102.08,100.3,104.59,104.72,103.51,97.99,98.21,102.55,101.2,,101.87,104.34,102.67,100.56,104.86,,101.36,106.37,103.64,101.6
2010-07-29,103.72,,103.89,102.69,103.42,104.86,106.66,103.41,104.16,104.16,104.12,103.08,101.47,103.99,104.01,104.84,104.2,97.89,98.24,102.62,100.35,,101.4,103.96,102.96,100.09,103.91,,101.25,101.37,103.43,103.12
2010-08-30,103.44,,103.56,102.16,102.98,104.6,106.79,102.74,104.13,104.13,103.5,103.06,101.51,103.7,103.66,104.48,104.64,98.9,98.91,102.62,101.63,,101.97,103.72,102.27,100.94,103.18,,100.47,101.17,103.48,102.33
2010-09-29,103.13,,103.13,101.93,102.49,104.25,106.47,102.28,104.1,103.68,103.26,102.78,103.0,102.69,102.91,103.7,104.42,99.49,99.6,102.73,102.33,,101.85,103.42,101.95,99.37,103.99,,100.56,100.92,102.82,102.08
2010-10-28,102.91,,102.96,101.6,102.32,103.82,105.97,102.27,103.94,103.02,102.73,103.26,102.35,100.82,102.33,103.32,104.82,99.66,99.3,103.27,102.63,,101.47,103.11,104.27,99.29,102.25,,100.4,100.54,102.51,101.27
2010-11-29,102.79,,102.92,100.6,102.41,103.58,105.81,101.86,103.47,102.98,102.37,103.2,101.94,100.72,102.04,103.06,104.73,99.8,99.41,102.67,103.52,,101.73,103.57,104.83,98.56,101.34,,100.33,100.41,101.9,99.26
2010-12-30,102.58,,102.72,101.71,102.3,103.45,105.16,102.25,103.07,103.07,102.28,102.6,101.34,99.72,101.7,103.09,104.66,100.14,99.61,102.5,104.2,,101.84,102.13,105.48,98.85,101.59,,100.6,100.8,101.3,101.89
2011-01-28,102.85,,103.01,101.69,102.69,103.35,104.92,102.32,102.56,102.97,102.17,103.44,101.21,99.91,101.8,103.0,104.65,100.25,100.13,102.24,104.6,,102.74,101.8,105.28,98.63,103.94,,101.1,100.5,101.06,101.32
2011-02-25,102.8,,102.98,100.99,102.53,103.28,104.98,102.29,102.57,102.32,102.28,103.92,101.16,101.03,101.72,103.32,104.18,100.31,99.96,102.41,104.64,101.28,103.13,102.31,105.46,100.0,103.23,103.06,99.32,100.21,100.03,100.52
2011-03-30,103.12,,103.41,101.76,103.15,103.24,104.98,102.61,102.49,102.21,101.9,104.69,100.72,100.73,101.89,103.18,103.44,100.18,99.99,101.37,104.17,101.53,103.58,102.65,105.36,99.92,103.11,103.04,99.34,100.77,100.68,101.59
2011-04-28,103.25,,103.54,102.14,103.15,103.28,105.08,102.93,102.36,101.9,101.81,105.4,101.23,100.56,102.25,103.73,103.39,100.05,101.05,100.84,104.87,103.07,103.6,103.35,105.33,99.62,102.97,102.18,99.91,100.83,100.69,101.85
2011-05-30,103.17,,103.61,102.25,103.4,102.98,105.04,102.14,102.24,101.49,101.72,104.95,101.46,100.71,102.28,103.73,102.7,100.01,101.48,101.06,104.41,103.56,104.18,103.19,105.0,98.45,100.79,101.32,99.37,100.69,100.52,102.27
2011-06-29,102.97,,103.39,101.02,103.44,102.67,104.44,101.72,102.25,101.61,101.62,104.36,102.57,99.9,101.76,103.51,102.4,99.91,101.01,100.78,103.22,103.7,104.66,102.72,104.64,98.1,100.33,101.75,98.49,100.49,100.49,100.48
2011-07-28,102.54,,102.97,100.43,103.38,101.96,103.57,101.07,101.48,100.66,101.26,103.72,101.04,100.97,100.89,102.72,102.52,100.14,101.31,101.05,101.74,102.38,103.33,102.07,103.87,97.61,100.65,101.81,97.45,100.09,99.8,100.21
2011-08-30,102.21,,102.67,100.0,103.15,101.45,102.85,100.59,101.07,100.19,100.96,103.63,100.45,100.92,100.52,101.29,102.19,100.29,99.79,101.07,100.09,102.34,103.3,101.29,103.21,96.61,100.69,100.56,96.12,100.12,99.81,99.87
2011-09-29,101.57,,101.98,100.16,102.17,100.75,101.86,100.03,101.0,99.57,100.43,104.02,100.02,103.61,99.73,99.71,102.79,99.79,98.62,100.6,98.0,102.34,103.23,100.76,103.02,94.96,100.28,98.95,95.71,100.38,99.36,100.25
2011-10-28,100.34,,100.47,99.44,101.01,98.57,99.15,98.16,100.59,96.85,99.08,102.52,100.71,103.01,98.6,97.58,103.85,99.91,96.33,100.77,94.9,102.23,101.76,101.05,102.18,93.78,100.96,97.45,94.59,99.53,98.15,99.77
2011-11-29,100.44,,100.55,98.98,101.25,98.77,99.1,98.6,100.65,97.47,99.01,101.55,100.8,103.2,99.42,97.44,102.49,99.85,97.04,100.51,96.19,101.51,101.51,100.89,102.39,94.05,101.74,97.98,93.81,99.79,98.32,99.82
2011-12-29,100.11,,100.19,98.97,100.95,98.12,98.28,98.13,100.16,96.55,98.64,101.33,100.55,103.88,99.66,96.93,102.53,100.13,97.28,100.31,96.99,100.97,101.08,100.97,102.17,94.21,101.41,97.42,93.09,100.06,97.77,100.24
2012-01-30,100.08,,100.24,98.92,101.24,97.79,97.87,98.2,100.07,95.78,98.38,101.47,100.16,103.64,99.11,96.8,102.62,100.27,97.27,100.56,97.64,100.81,102.12,99.86,102.52,93.32,101.15,97.53,93.6,100.05,97.22,99.96
2012-02-28,100.43,,100.7,99.06,101.95,97.84,97.73,98.61,100.43,95.42,98.65,101.91,99.64,103.35,99.25,96.64,102.33,99.9,97.09,100.49,97.21,101.02,102.27,99.11,102.43,93.65,102.45,97.46,95.62,100.13,97.2,99.27
2012-03-29,100.9,,101.22,99.1,102.47,98.35,98.07,99.12,100.86,96.56,98.87,102.59,99.78,101.96,99.36,97.57,101.4,99.98,98.15,101.85,95.9,100.69,102.52,99.09,102.13,93.15,102.5,98.84,96.66,100.25,98.79,98.42
2012-04-27,100.53,,100.66,100.37,101.34,99.47,99.22,99.71,101.17,99.4,99.5,101.05,99.7,101.2,99.72,99.19,100.38,100.78,99.21,100.55,99.76,100.26,101.12,99.65,101.36,98.76,102.16,99.01,98.59,99.78,99.62,101.0
2012-05-30,100.5,,100.64,100.16,101.28,99.46,99.31,99.59,100.99,99.15,99.65,101.1,99.61,101.76,99.75,99.29,99.78,100.74,99.95,100.16,99.24,100.53,101.2,99.86,101.22,98.72,101.07,99.91,98.87,99.29,99.99,100.42
2012-06-28,100.43,,100.58,99.33,101.17,99.48,99.44,99.58,100.63,99.07,99.76,101.04,99.62,100.98,99.89,99.42,99.94,100.78,99.09,100.05,99.45,100.25,101.28,99.63,101.71,98.96,101.35,100.38,98.01,98.89,100.12,99.12
2012-07-30,100.33,,100.4,99.28,100.94,99.43,99.4,99.58,100.91,98.85,99.69,100.71,99.6,101.2,99.71,99.56,100.05,100.74,99.76,100.15,99.32,99.78,101.28,99.55,100.32,99.15,101.13,100.03,97.79,98.85,100.39,99.22
2012-08-30,100.31,,100.34,99.29,100.89,99.42,99.26,99.53,100.34,98.87,99.88,100.49,99.93,101.06,99.62,99.51,100.61,100.52,99.17,100.15,99.25,99.94,100.74,99.21,99.52,99.04,101.92,99.61,97.86,98.81,100.62,99.27
2012-09-27,100.24,,100.28,99.23,100.81,99.4,99.06,99.61,100.26,98.83,100.03,100.37,99.83,101.68,99.6,99.62,100.72,100.29,98.47,100.08,98.52,99.76,100.29,99.49,99.09,99.39,101.76,98.17,98.11,99.08,100.49,99.11
2012-10-30,100.09,,100.11,99.21,100.55,99.34,98.89,99.47,100.77,98.83,100.12,100.26,100.19,101.18,99.55,99.73,100.77,100.28,99.01,100.09,98.21,100.25,100.27,99.08,98.82,99.45,100.9,97.74,97.47,98.91,100.31,99.4
2012-11-29,100.22,,100.27,99.12,100.9,99.34,98.7,99.51,100.67,98.95,100.24,100.18,100.38,101.06,99.7,99.85,100.53,100.26,98.78,100.08,98.35,100.97,100.36,99.39,99.02,99.51,100.6,98.39,96.85,99.38,100.46,99.42
2012-12-28,100.2,,100.3,99.29,100.93,99.38,98.67,99.41,100.41,99.01,100.5,100.17,100.4,100.57,99.61,99.91,100.32,100.15,98.9,100.08,99.08,100.86,100.36,99.34,99.09,99.28,99.67,98.37,97.26,99.66,100.63,99.56
2013-01-30,100.23,,100.36,99.49,100.96,99.54,98.92,99.48,100.98,99.09,100.67,100.18,100.01,99.95,99.43,99.95,100.13,100.26,98.55,100.29,99.01,99.38,100.26,99.29,98.61,99.34,99.47,98.63,97.88,99.45,100.71,99.74
2013-02-27,100.36,,100.45,99.36,101.04,99.63,99.2,99.34,100.98,99.25,100.69,100.3,99.91,100.66,99.57,99.95,99.27,100.21,99.32,100.37,99.28,99.38,100.26,98.87,98.88,99.61,100.8,99.08,97.74,99.42,101.02,99.43
2013-03-28,100.37,,100.47,99.11,100.94,99.78,99.58,99.47,101.05,99.31,100.63,100.58,99.84,101.27,99.38,100.11,99.31,100.19,99.53,100.58,99.4,99.67,100.24,99.0,99.65,99.39,100.03,99.37,97.15,99.56,101.05,99.02
2013-04-29,100.5,,100.68,99.73,101.19,99.9,99.69,99.55,101.13,99.55,100.69,100.9,99.53,101.07,99.41,100.06,98.93,100.17,99.69,100.46,99.45,100.19,100.66,99.1,99.67,99.52,99.53,99.11,96.78,99.77,100.82,100.31
2013-05-30,100.55,,100.7,99.62,101.13,100.0,99.84,99.57,101.14,99.76,100.73,100.99,99.42,101.41,99.48,100.03,99.07,100.15,99.66,100.15,99.75,100.5,100.92,99.5,99.5,99.47,99.69,99.45,97.19,99.75,101.02,99.87
2013-06-27,100.56,,100.7,99.57,101.04,100.1,100.03,99.55,101.24,99.94,100.77,101.11,99.37,101.54,99.41,99.83,99.37,100.12,99.58,100.32,98.93,99.83,100.74,99.32,98.54,99.37,99.9,99.08,97.29,99.63,101.04,99.71
2013-07-30,100.62,,100.76,99.57,101.05,100.16,100.12,99.46,101.57,100.33,100.66,101.32,99.48,101.52,99.39,99.72,99.07,100.1,100.07,100.34,98.75,100.02,100.82,99.53,98.92,99.11,99.59,99.73,97.62,99.55,101.22,99.5
2013-08-29,100.71,,100.85,99.55,101.17,100.28,100.1,99.57,101.51,100.69,100.78,101.22,99.81,101.84,99.51,99.52,98.82,99.93,99.83,100.71,98.78,99.99,100.71,99.53,99.01,98.8,99.75,99.58,97.92,98.93,101.39,99.44
2013-09-27,100.66,,100.83,99.39,101.08,100.4,100.35,99.64,101.83,100.59,100.98,101.12,99.81,101.99,99.61,99.53,98.9,99.9,100.04,100.85,98.71,99.8,100.18,99.02,99.32,98.88,98.6,99.57,97.11,98.51,101.41,99.42
2013-10-30,100.59,,100.78,99.24,100.94,100.54,100.44,99.75,102.02,100.72,101.21,100.96,99.7,102.0,99.75,99.81,98.87,99.89,100.25,100.98,98.72,99.77,100.33,98.41,99.39,98.83,98.04,99.51,96.95,98.52,101.2,99.28
2013-11-28,100.67,,100.81,99.24,100.82,100.7,100.53,100.08,102.05,100.92,101.26,101.14,99.91,101.89,99.96,99.98,98.89,100.3,100.82,101.07,99.0,99.67,100.49,98.85,99.55,99.1,98.96,99.2,96.71,98.4,100.99,99.35
2013-12-30,100.7,,100.86,99.41,100.77,100.87,100.69,100.2,102.36,101.14,101.42,101.27,99.99,101.64,100.15,100.34,98.93,100.38,100.95,101.18,99.63,99.36,100.47,99.2,99.74,99.53,98.04,99.51,97.57,98.12,100.86,99.35
2014-01-30,100.85,,101.02,99.48,101.03,100.9,100.72,100.32,102.47,101.17,101.37,101.4,100.08,101.79,100.06,100.24,98.84,100.36,101.16,101.08,99.83,99.74,100.29,98.75,99.63,98.55,98.89,99.4,97.46,98.25,100.97,99.45
2014-02-27,100.89,,101.03,99.31,101.0,100.98,100.83,100.45,102.59,101.32,101.32,101.44,100.25,101.72,100.11,100.26,99.03,100.34,101.37,101.18,99.94,99.3,100.12,98.75,99.75,98.74,99.24,99.12,97.02,98.01,100.87,99.3
2014-03-28,100.77,,100.86,99.3,100.79,100.97,100.83,100.35,102.68,101.21,101.36,101.22,100.35,102.23,100.02,100.25,99.63,100.37,102.08,100.88,98.72,99.59,100.05,98.19,99.68,98.58,99.02,98.48,97.18,97.73,100.89,99.34
2014-04-29,100.66,,100.72,99.39,100.51,100.91,100.85,100.28,102.73,101.37,101.11,101.17,100.02,102.21,99.95,100.28,99.73,100.36,102.3,101.11,98.72,99.69,100.12,97.92,99.44,98.33,99.37,99.17,97.62,97.91,100.94,99.28
2014-05-29,100.6,,100.65,99.15,100.44,100.9,100.77,100.39,102.75,101.48,101.03,101.01,99.83,102.06,99.8,100.16,99.52,100.38,102.16,101.0,98.34,99.84,100.06,97.84,99.16,98.39,99.13,99.53,97.68,98.18,101.09,98.77
2014-06-27,100.6,,100.63,99.01,100.54,100.88,100.63,100.33,102.79,101.56,101.12,100.57,99.56,101.8,99.81,99.87,99.79,100.57,101.9,100.77,98.39,100.07,100.09,98.16,99.22,98.47,99.59,99.28,97.89,97.88,101.01,98.59
2014-07-30,100.6,,100.64,99.39,100.6,100.87,100.48,100.33,103.03,101.74,101.13,100.4,99.56,101.67,99.83,99.69,100.19,100.55,101.76,100.72,99.86,100.33,99.57,98.65,99.29,98.7,98.8,99.46,98.22,98.07,101.06,99.25
2014-08-28,100.52,,100.5,99.41,100.48,100.74,100.21,100.36,102.85,101.66,101.01,100.15,99.66,100.85,99.96,99.6,100.44,100.22,101.66,100.59,99.76,99.82,99.16,98.77,99.75,98.87,99.87,99.52,99.15,98.5,100.86,99.01
2014-09-29,100.49,,100.49,99.37,100.62,100.58,99.98,100.29,102.61,101.54,100.84,99.86,99.59,100.63,100.02,99.65,100.7,99.78,101.32,100.6,99.66,99.56,98.88,99.13,100.33,99.41,99.69,99.35,99.01,98.62,100.86,99.08
2014-10-30,100.41,,100.34,99.27,100.48,100.42,99.74,100.3,102.49,101.27,100.67,99.6,99.97,100.44,100.21,99.66,100.88,99.87,101.39,100.68,100.18,99.4,99.06,99.22,100.44,99.19,99.87,99.07,98.97,99.25,101.01,98.91
2014-11-27,100.39,,100.27,99.38,100.41,100.33,99.57,100.32,102.51,101.28,100.52,99.58,100.0,100.14,100.16,99.58,101.3,99.51,101.2,101.13,100.15,98.86,99.99,99.63,100.47,99.24,100.45,98.91,99.07,99.39,100.88,99.09
2014-12-30,100.37,,100.27,99.56,100.43,100.22,99.49,100.28,102.67,101.1,100.36,99.73,100.01,100.91,100.12,99.73,101.82,99.49,101.3,101.13,99.98,99.57,100.01,99.28,100.53,99.36,99.75,98.88,99.55,99.08,101.04,99.24
2015-01-29,100.49,,100.27,99.62,100.44,100.19,99.49,100.29,102.72,101.05,100.3,99.77,100.18,101.06,100.07,99.76,102.4,99.57,101.37,101.05,100.29,99.49,100.04,99.86,99.83,99.3,101.6,98.85,99.51,98.83,101.57,99.32
2015-02-26,100.5,100.64,100.29,99.59,100.45,100.26,99.67,100.45,102.57,100.96,100.23,99.8,100.57,101.52,99.91,99.38,102.43,99.62,101.52,101.14,100.65,99.92,99.91,99.51,99.43,99.35,101.05,99.14,99.38,98.78,101.93,99.27
2015-03-30,100.38,100.72,100.19,99.51,100.21,100.35,99.69,100.64,102.66,101.19,100.22,99.76,100.89,100.46,99.94,98.94,103.2,99.3,101.74,100.52,100.56,99.67,100.5,99.02,99.28,99.38,100.25,99.84,99.46,98.8,102.05,99.09
2015-04-29,100.29,100.75,100.08,99.18,99.98,100.32,99.79,100.7,102.76,100.98,100.08,99.95,100.86,100.44,99.58,98.7,103.27,99.32,101.48,100.38,100.47,99.54,100.25,98.55,98.87,99.23,100.36,100.1,99.47,98.73,101.95,98.41
2015-05-28,100.1,100.74,99.86,98.9,99.56,100.33,99.8,100.75,102.47,101.03,100.02,99.97,100.89,100.72,99.36,98.62,100.35,98.97,101.32,100.56,100.88,99.67,100.12,98.16,99.29,99.17,100.59,100.15,99.35,98.73,101.97,97.87
2015-06-29,100.09,100.72,99.85,98.62,99.54,100.34,99.86,100.77,102.24,101.01,99.96,99.95,100.66,100.64,99.32,98.71,100.36,98.97,101.11,100.75,101.0,99.8,99.5,98.02,99.59,98.95,100.84,100.19,99.03,98.29,101.84,97.53
2015-07-30,99.99,100.72,99.81,98.59,99.51,100.32,99.96,100.68,102.04,101.04,99.83,99.86,100.5,100.78,99.3,98.73,100.27,98.92,100.79,100.78,100.57,99.67,99.55,97.85,98.99,98.85,99.89,100.09,99.51,98.81,101.56,97.31
2015-08-28,99.97,100.73,99.8,98.69,99.43,100.34,100.02,100.78,101.84,100.93,99.78,100.05,100.27,100.65,99.23,98.96,100.26,98.82,100.6,100.96,100.3,99.24,99.84,97.37,98.84,98.84,100.1,100.37,99.65,98.71,101.49,97.41
2015-09-29,100.0,100.69,99.81,98.79,99.47,100.32,100.06,100.75,101.66,100.92,99.69,99.99,100.09,100.8,99.4,99.2,100.36,98.68,100.71,100.78,101.29,99.51,99.91,97.77,98.69,98.75,100.75,99.88,99.82,98.32,101.4,97.6
2015-10-29,99.86,100.65,99.66,98.49,99.23,100.27,100.03,100.82,101.56,100.98,99.46,99.75,100.07,100.1,99.56,99.18,100.39,98.69,100.79,100.73,101.29,99.5,99.55,97.82,99.14,98.85,100.5,99.08,99.93,98.27,101.32,97.24
2015-11-27,99.78,100.62,99.59,98.87,99.12,100.21,99.84,100.87,101.56,101.04,99.36,99.82,99.94,100.69,99.64,99.23,100.22,98.98,100.13,100.62,100.86,99.74,99.35,98.38,99.33,99.11,99.58,99.13,100.12,97.84,101.32,97.95
2015-12-30,99.76,100.59,99.56,99.15,99.1,100.15,99.8,100.86,101.53,100.91,99.26,99.83,99.9,99.15,99.5,99.51,99.65,98.96,100.44,100.71,100.28,99.02,99.35,98.62,99.19,99.31,99.69,99.09,100.3,98.16,101.33,98.36
2016-01-28,99.8,100.62,99.55,99.19,99.11,100.14,99.91,100.88,101.53,100.87,99.09,99.76,99.71,99.29,99.47,99.59,100.3,98.97,100.71,100.94,100.21,98.9,99.09,98.82,99.36,99.48,100.34,99.2,100.36,98.26,101.31,98.42
2016-02-26,99.72,100.63,99.43,98.96,98.91,100.16,99.85,100.95,101.58,101.06,99.04,99.65,99.63,101.15,99.21,99.65,100.61,99.55,100.64,100.9,100.64,99.29,99.34,98.95,98.48,98.14,100.11,99.09,100.14,98.3,101.35,98.08
2016-03-30,99.62,100.55,99.37,98.65,98.89,100.12,99.77,100.93,101.39,100.97,99.06,99.45,99.67,101.25,99.06,99.55,100.5,99.48,100.35,100.52,100.3,99.19,99.49,98.81,98.02,97.74,99.48,99.63,100.07,98.18,101.17,97.61
2016-04-28,99.64,100.48,99.37,99.17,98.87,100.05,99.71,100.91,101.36,100.72,99.09,99.53,99.73,100.88,99.44,99.7,100.23,99.42,100.35,100.49,100.25,98.97,99.55,98.61,98.21,97.71,100.36,100.17,100.13,99.05,101.11,98.44
2016-05-30,99.61,100.41,99.32,99.11,98.8,100.0,99.67,100.86,101.18,100.68,99.06,99.54,99.86,100.83,99.48,99.75,100.17,99.32,99.87,100.15,100.23,99.32,99.47,98.62,98.58,98.31,100.61,100.27,100.33,98.84,101.1,98.3
2016-06-29,99.64,100.38,99.4,99.23,98.95,99.99,99.77,100.73,101.01,100.53,99.12,99.59,100.24,100.96,99.48,99.92,100.02,99.46,99.87,99.9,99.32,100.16,99.43,98.86,99.19,98.79,100.08,99.96,100.43,99.28,101.05,98.41
2016-07-28,99.64,100.38,99.4,99.23,98.95,99.99,99.77,100.73,101.01,100.53,99.12,99.59,100.24,100.96,99.48,99.92,100.02,99.46,99.87,99.9,99.32,100.16,99.43,98.86,99.19,98.79,100.08,99.96,100.43,99.28,101.05,98.41
2016-08-30,99.64,100.38,99.4,99.23,98.95,99.99,99.77,100.73,101.01,100.53,99.12,99.59,100.24,100.96,99.48,99.92,100.02,99.46,99.87,99.9,99.32,100.16,99.43,98.86,99.19,98.79,100.08,99.96,100.43,99.28,101.05,98.41
2016-09-29,99.69,100.19,99.42,99.7,99.03,99.9,99.82,100.33,100.59,100.21,99.32,99.55,100.09,102.69,99.81,100.33,99.59,99.67,99.66,100.0,99.08,99.98,99.02,99.55,99.87,100.34,100.77,99.9,100.75,99.26,100.8,99.22
2016-10-28,99.7,100.26,99.48,99.67,99.05,100.0,99.91,100.35,100.61,100.36,99.47,99.65,100.04,103.05,99.83,100.29,99.59,99.76,99.72,99.95,100.37,100.02,98.93,99.55,100.02,100.74,100.03,99.79,100.85,100.17,100.81,98.95
2016-11-29,99.73,100.33,99.47,99.73,98.95,100.12,100.13,100.48,100.59,100.31,99.6,99.59,100.18,102.5,100.08,100.22,99.52,99.68,100.52,99.94,100.55,100.04,98.95,99.86,100.39,101.16,100.33,100.1,101.06,99.87,100.93,99.03
2016-12-29,99.84,100.32,99.66,99.84,99.27,100.14,100.16,100.5,100.6,100.13,99.77,99.72,99.98,102.75,100.11,100.14,99.52,99.8,100.81,99.87,99.98,99.8,99.12,99.94,100.57,101.46,100.04,99.9,101.14,100.04,100.77,99.18
2017-01-30,99.85,100.4,99.72,99.81,99.33,100.17,100.43,100.6,100.48,100.1,99.39,99.88,99.83,102.72,100.13,100.26,99.69,99.93,99.08,99.89,99.86,99.54,99.31,100.14,100.61,101.45,99.42,100.01,99.94,99.87,100.83,99.58
2017-02-27,99.94,100.4,99.82,99.79,99.44,100.21,100.45,100.61,100.34,100.15,99.46,100.1,100.06,101.29,100.29,100.41,99.91,100.27,98.98,99.97,99.97,100.04,99.59,99.99,100.93,101.62,99.68,100.64,100.28,99.75,100.73,99.39
2017-03-30,100.0,100.48,99.94,99.68,99.59,100.3,100.63,100.66,100.45,100.12,99.58,100.11,100.01,101.29,100.6,100.54,99.83,100.42,99.34,100.07,100.12,100.01,99.74,100.56,101.06,101.9,98.52,100.6,99.6,100.05,100.7,99.42
2017-04-27,100.06,100.38,100.07,99.77,99.83,100.3,100.61,100.53,99.89,100.13,99.76,100.11,100.1,100.88,100.71,100.78,99.81,100.43,99.5,99.66,100.35,100.15,99.55,100.81,101.29,101.96,98.15,100.35,99.45,100.04,100.73,99.64
2017-05-30,100.08,100.4,100.07,99.51,99.83,100.32,100.66,100.49,99.92,100.21,99.74,100.09,100.15,100.79,100.73,100.94,100.05,100.68,99.44,99.77,100.55,100.1,99.58,100.79,101.43,102.13,98.2,100.2,99.4,100.33,100.81,99.12
2017-06-29,100.08,100.45,100.03,99.4,99.74,100.32,100.73,100.56,100.19,100.04,99.7,100.11,100.22,101.97,100.59,100.88,100.34,100.96,99.52,99.89,101.39,100.25,99.42,100.29,101.56,102.33,99.16,99.52,99.66,100.33,100.68,98.82
2017-07-28,100.0,100.44,99.96,99.71,99.6,100.35,100.79,100.72,99.83,99.96,99.64,100.15,100.17,102.07,100.49,100.97,100.21,100.95,99.46,99.73,101.4,100.52,99.03,100.57,100.92,102.27,98.21,100.05,99.56,100.86,100.54,99.38
2017-08-30,100.05,100.44,100.0,100.06,99.65,100.37,100.9,100.66,99.69,100.06,99.55,100.18,100.13,102.07,100.51,101.02,100.28,100.69,99.84,99.39,101.42,100.22,99.09,100.82,100.85,102.42,98.88,100.38,99.48,100.96,100.57,100.04
2017-09-28,100.12,100.5,100.05,100.1,99.73,100.38,100.9,100.6,99.56,100.2,99.55,100.21,100.26,102.41,100.52,101.02,100.34,100.61,99.24,99.23,101.2,99.8,99.2,101.19,100.68,102.76,99.35,101.1,99.67,100.82,100.58,100.05
2017-10-30,100.09,100.52,100.04,100.13,99.73,100.42,100.88,100.62,99.64,100.4,99.54,100.12,99.7,102.33,100.37,101.19,100.19,100.64,99.37,99.1,100.77,100.03,99.61,101.93,100.43,102.89,98.49,102.08,99.48,101.61,100.33,100.12
2017-11-29,100.16,100.62,100.06,99.96,99.73,100.47,101.07,100.53,99.86,100.55,99.47,100.15,99.78,102.35,100.36,101.34,100.08,100.66,99.46,99.19,100.89,99.6,99.94,101.97,100.78,103.25,99.33,102.19,99.85,101.34,100.22,99.68
2017-12-28,100.13,100.63,100.08,99.91,99.81,100.44,101.1,100.47,100.0,100.65,99.29,100.09,99.82,102.46,100.4,101.26,100.1,100.73,99.28,99.26,100.79,99.72,99.95,101.9,100.9,103.68,98.56,102.12,99.88,100.96,100.0,99.68
2018-01-30,100.15,100.62,100.1,99.8,99.86,100.41,101.08,100.44,100.1,100.7,99.14,100.12,99.89,102.42,100.43,101.28,100.07,100.73,99.24,99.34,100.83,100.0,99.93,101.41,101.42,103.64,99.19,102.25,99.75,100.52,99.88,99.6
2018-02-27,100.16,100.59,100.1,99.73,99.81,100.41,101.03,100.36,100.3,100.7,99.29,100.21,99.92,102.83,100.55,101.28,99.93,100.83,99.46,99.11,100.64,100.34,100.01,101.49,101.65,103.82,99.76,102.26,100.27,100.09,99.61,99.32
2018-03-29,100.11,100.57,100.11,99.74,99.87,100.4,101.0,100.26,100.03,100.93,99.24,100.12,99.71,102.48,100.55,101.02,99.7,101.06,99.54,99.17,100.62,100.27,100.01,101.44,101.47,103.81,98.68,102.09,100.4,99.74,99.65,99.34
2018-04-27,100.12,100.39,100.14,99.49,100.08,100.2,100.67,100.18,99.86,100.67,99.15,100.03,99.63,102.84,100.48,100.89,99.45,101.04,99.46,99.2,100.46,100.44,100.11,101.16,101.06,103.92,98.64,102.62,100.45,99.42,99.76,98.93
2018-05-30,100.03,100.23,100.11,99.57,100.2,100.03,100.49,100.02,99.78,100.5,98.99,99.86,99.59,102.56,100.14,100.77,99.51,100.92,99.26,99.36,100.31,100.36,100.22,100.03,100.93,103.89,98.58,102.4,100.85,99.27,99.62,98.99
2018-06-28,99.95,100.06,100.04,99.66,100.19,99.86,100.27,99.77,99.79,100.25,99.05,99.87,99.38,102.5,99.94,100.52,99.52,100.89,99.18,99.5,100.29,100.64,100.21,99.22,101.01,103.78,98.8,102.01,101.24,98.92,99.54,99.06
2018-07-30,99.87,99.93,100.01,99.99,100.18,99.78,100.16,99.71,99.64,100.03,99.08,99.97,99.68,102.34,99.62,100.45,99.56,100.9,98.89,99.36,100.34,100.41,99.77,98.73,100.74,103.56,98.41,101.84,101.43,98.82,99.52,99.59
2018-08-30,99.78,99.85,99.87,100.07,99.96,99.73,100.07,99.68,99.52,100.06,99.04,99.82,99.64,102.7,99.7,100.43,99.51,101.02,98.88,99.52,100.72,100.44,99.74,98.35,100.39,103.31,99.16,101.53,101.4,98.51,99.22,99.84
2018-09-27,99.65,99.74,99.75,100.12,99.82,99.65,99.97,99.49,99.23,100.06,99.01,99.71,99.97,102.73,99.63,100.22,99.34,100.98,99.1,99.56,101.19,100.23,99.7,97.38,100.2,103.08,99.15,101.56,101.6,98.59,99.17,99.88
2018-10-30,99.58,99.63,99.79,99.69,99.95,99.57,99.92,99.41,98.94,99.81,99.05,99.68,99.96,102.72,99.54,100.03,99.38,101.01,99.05,99.2,100.95,100.05,99.69,96.18,100.6,102.6,98.69,101.1,101.45,98.38,99.19,99.16
2018-11-29,99.5,99.59,99.72,99.71,99.85,99.52,99.88,99.42,98.87,99.77,98.9,99.7,99.87,101.28,99.51,99.83,99.1,100.75,99.24,98.89,100.92,99.69,99.76,95.25,100.2,102.3,99.65,100.43,101.26,98.24,99.07,99.31
2018-12-28,99.36,99.48,99.61,99.4,99.72,99.41,99.84,99.22,98.91,99.61,98.79,99.69,99.74,101.43,99.35,99.65,99.01,100.79,99.27,98.89,100.71,99.58,99.6,95.24,99.98,102.06,98.82,100.19,101.14,97.89,99.05,98.84
2019-01-30,99.32,99.39,99.5,99.42,99.59,99.28,99.76,99.13,98.94,99.4,98.62,99.75,99.74,101.23,99.13,99.44,98.97,100.77,99.62,98.84,100.53,99.71,99.23,95.43,100.01,102.07,99.48,100.31,100.99,98.82,99.19,98.78
2019-02-27,99.2,99.28,99.33,99.22,99.37,99.08,99.5,98.92,99.26,99.21,98.5,99.84,99.51,101.5,99.01,99.32,98.82,100.43,99.82,98.97,100.15,99.67,99.73,95.66,99.93,102.34,99.07,99.96,100.74,99.17,99.19,98.45
2019-03-28,99.13,99.28,99.14,99.14,99.05,99.05,99.38,99.08,99.39,99.18,98.41,99.75,99.49,101.83,98.85,99.38,98.69,100.49,99.45,98.87,100.07,99.58,99.58,96.37,99.64,102.58,100.16,99.87,100.68,99.55,98.96,98.31
2019-04-29,99.1,99.21,99.09,99.14,99.06,98.98,99.17,99.06,99.35,99.24,98.4,99.53,99.79,101.68,98.8,99.26,98.6,100.44,99.01,99.05,99.99,99.67,99.37,96.65,99.79,102.49,100.11,99.37,100.73,99.78,98.91,98.3
2019-05-30,98.98,99.13,98.92,99.36,98.79,98.94,99.02,99.12,99.32,99.06,98.52,99.4,99.97,100.97,98.75,99.17,98.41,100.12,98.71,98.92,99.87,99.65,99.63,97.4,99.98,102.45,99.51,99.34,100.82,99.67,98.99,98.7
2019-06-27,99.03,99.09,98.99,99.34,98.94,98.93,98.97,99.13,99.0,99.0,98.61,99.3,99.89,99.88,98.8,99.41,98.45,99.99,98.44,98.88,100.19,99.5,99.57,97.72,99.86,102.34,99.98,99.55,100.59,99.61,98.76,98.81
2019-07-30,99.03,99.06,98.93,99.35,98.84,98.9,98.88,99.13,99.04,98.88,98.7,99.33,100.09,100.03,98.77,99.46,98.36,99.96,98.39,99.3,100.19,99.56,99.72,98.19,99.51,102.29,100.08,99.31,100.49,99.58,98.7,98.88
2019-08-29,99.06,99.0,98.93,99.29,98.85,98.92,98.74,99.19,98.92,98.99,98.82,99.25,100.26,99.92,98.9,99.47,98.57,99.79,98.51,99.26,100.01,99.51,99.57,98.27,99.42,102.24,100.59,99.2,100.23,99.62,98.85,98.88
2019-09-27,99.02,98.97,98.85,99.13,98.68,98.93,98.62,99.22,98.76,99.14,98.91,99.26,100.25,100.66,98.85,99.47,98.77,99.68,98.02,99.07,99.96,99.61,99.39,99.08,99.56,102.16,100.54,99.42,99.77,99.28,98.79,98.82
2019-10-30,99.06,98.96,98.9,99.18,98.78,98.95,98.58,99.39,98.58,99.04,98.94,99.18,100.25,101.09,98.81,99.51,98.68,99.69,97.99,98.99,99.73,99.41,99.52,99.29,99.33,102.13,100.65,99.57,99.63,99.13,98.82,98.99
2019-11-28,99.11,99.0,98.91,99.2,98.76,98.97,98.65,99.37,98.51,99.08,98.9,99.28,100.09,101.04,98.9,99.44,98.6,99.56,98.07,98.98,99.76,99.05,99.56,100.03,99.4,102.11,101.21,99.51,99.45,99.03,98.69,99.11
2019-12-30,99.12,99.09,98.97,99.22,98.86,99.05,98.77,99.48,98.58,99.12,98.93,99.17,100.06,100.58,99.01,99.76,98.56,99.56,98.28,98.84,99.57,99.02,99.43,100.51,99.49,102.24,100.06,98.46,99.25,99.38,98.88,99.19
2020-01-30,99.25,99.18,99.06,99.23,98.94,99.17,98.93,99.52,98.7,99.17,99.13,99.17,99.88,100.58,99.08,99.59,98.48,99.62,98.02,98.9,99.62,99.39,99.66,101.28,99.75,102.45,100.8,97.79,98.85,99.71,99.1,99.31
2020-02-27,99.43,99.27,99.27,99.59,99.21,99.35,99.06,99.51,98.8,99.28,99.62,99.28,100.1,100.45,99.25,99.55,98.51,99.63,98.08,98.93,99.44,99.58,99.71,101.9,99.5,102.68,100.11,98.72,99.06,99.68,99.56,99.82
2020-03-30,99.43,99.27,99.27,99.59,99.21,99.35,99.06,99.51,98.8,99.28,99.62,99.28,100.1,100.45,99.25,99.55,98.51,99.63,98.08,98.93,99.44,99.58,99.71,101.9,99.5,102.68,100.11,98.72,99.06,99.68,99.56,99.82
2020-04-29,98.77,98.22,98.56,98.95,98.94,98.09,97.47,98.81,97.83,98.1,98.23,98.39,99.62,100.45,97.8,99.55,98.25,99.63,95.8,99.07,99.04,98.96,99.12,100.75,97.55,100.77,100.11,98.36,99.47,99.12,99.34,98.78
2020-05-28,95.75,94.45,96.32,95.38,97.41,93.55,93.69,94.14,92.87,95.63,91.14,98.36,98.93,100.45,96.95,95.77,96.61,94.22,89.55,98.4,95.94,91.27,99.12,79.34,91.31,93.89,100.15,95.27,95.87,98.57,99.85,93.69
2020-06-29,95.65,95.03,95.21,95.65,94.85,94.35,93.64,96.76,94.24,94.97,92.51,97.63,98.92,100.45,97.92,95.47,96.0,94.22,91.32,98.22,97.6,91.63,94.61,95.0,91.87,96.81,99.61,97.83,92.6,94.3,99.99,96.2
2020-07-30,97.13,97.19,96.7,97.08,95.7,97.34,98.36,97.35,96.84,95.38,97.37,98.21,98.7,100.45,98.86,98.45,96.99,94.22,91.59,97.77,97.6,100.71,97.28,99.27,97.16,98.9,98.87,99.69,91.44,93.43,99.56,99.32
2020-08-28,97.98,97.29,97.91,97.37,97.47,98.13,98.85,97.94,93.72,95.89,98.97,98.66,98.53,100.45,98.91,98.35,97.85,98.36,92.75,98.15,98.76,98.8,97.28,100.75,98.47,99.98,98.44,100.18,95.71,94.12,99.91,97.94
2020-09-29,98.31,97.66,98.15,98.21,97.63,98.54,99.37,97.27,93.17,97.59,99.26,98.9,98.53,100.45,98.87,100.58,97.64,98.14,95.82,98.7,96.82,93.43,97.6,101.11,98.66,100.38,98.86,101.8,97.14,94.57,100.19,98.77
2020-10-29,98.8,98.0,98.7,98.78,98.58,98.75,99.54,97.27,94.31,98.18,99.43,98.76,98.26,100.45,99.43,100.98,98.28,98.16,97.4,98.49,95.76,93.58,98.57,101.72,98.84,103.11,98.86,101.62,96.78,93.23,100.3,100.13
2020-11-27,98.99,98.27,98.94,98.76,98.8,98.94,99.93,97.39,93.89,99.08,98.86,99.21,98.29,100.45,99.66,101.45,98.89,98.36,95.31,99.4,95.73,94.69,98.82,101.48,98.81,103.73,98.86,103.12,96.62,92.86,100.54,100.09
2020-12-30,99.11,98.36,99.02,99.34,98.88,98.88,99.96,97.41,94.43,98.9,98.67,99.56,98.83,100.45,99.98,101.17,99.15,99.53,95.58,99.56,95.17,94.16,99.27,101.19,99.17,103.48,98.86,104.01,97.56,93.37,101.15,100.58
2021-01-28,99.45,98.73,99.37,99.29,99.25,99.26,100.12,97.7,95.14,99.47,99.28,99.7,99.49,100.45,100.57,100.73,99.41,99.95,95.93,99.55,95.27,94.62,99.64,101.12,99.53,104.22,98.86,104.45,96.99,93.66,101.48,100.61
2021-02-25,99.59,98.89,99.49,100.01,99.5,99.2,100.16,97.79,95.53,99.56,98.84,99.88,99.77,100.45,100.31,100.81,99.86,100.45,97.31,99.73,95.79,95.15,100.35,100.67,99.93,104.21,98.86,103.8,98.04,94.1,101.82,101.4
2021-03-30,99.8,99.09,99.69,100.16,99.78,99.34,100.35,97.91,95.89,99.82,98.8,100.05,99.57,100.45,100.21,100.73,100.34,100.32,97.26,100.61,96.24,95.65,100.4,101.38,100.3,103.64,98.86,103.62,98.17,94.93,101.79,101.46
2021-04-29,100.0,99.32,99.99,100.81,100.15,99.57,100.69,97.96,96.3,99.99,99.08,100.3,100.37,100.45,100.37,101.01,100.72,100.34,97.73,100.59,96.49,95.95,100.59,101.77,100.28,103.12,99.59,103.53,98.32,95.32,101.76,102.49
2021-05-28,100.0,99.32,99.99,100.81,100.15,99.57,100.69,97.96,96.3,99.99,99.08,100.3,100.37,100.45,100.37,101.01,100.72,100.34,97.73,100.59,96.49,95.95,100.59,101.77,100.28,103.12,99.59,103.53,98.32,95.32,101.76,102.49
2021-06-29,100.53,100.2,100.54,100.93,100.58,100.38,101.58,98.69,97.72,101.13,99.6,100.65,100.48,100.45,100.89,101.04,101.36,100.47,98.18,100.4,97.36,97.81,101.38,101.45,100.98,102.49,100.07,103.27,98.58,95.04,102.24,102.52
