date,USD,EUR,France,Germany,Italy,Spain,GBP,AUD,JPY,JPY1,CAD,NOK,SEK,CZK,PLN,HUF,BRL,MXN,TRY,ZAR,ILS,RUB,INR,IDR,KRW,SGD,MYR,PHP,THB,TWD,CNY
1990-01-31,47.2,,,,,,,,,101.4,,,,,,,,,,,,,,,,,,,,,
1990-02-28,49.1,,,,,,,,,102.0,,,,,,,,,,,,,,,,,,,,,
1990-03-31,49.9,,,,,,,,,101.0,,,,,,,,,,,,,,,,,,,,,
1990-04-30,50.0,,,,,,,,,101.7,,,,,,,,,,,,,,,,,,,,,
1990-05-31,49.5,,,,,,,,,103.5,,,,,,,,,,,,,,,,,,,,,
1990-06-30,49.2,,,,,,,,,102.5,,,,,,,,,,,,,,,,,,,,,
1990-07-31,46.6,,,,,,,,,101.5,,,,,,,,,,,,,,,,,,,,,
1990-08-31,46.1,,,,,,,,,100.4,,,,,,,,,,,,,,,,,,,,,
1990-09-30,44.5,,,,,,,,,98.8,,,,,,,,,,,,,,,,,,,,,
1990-10-31,43.2,,,,,,,,,99.3,,,,,,,,,,,,,,,,,,,,,
1990-11-30,41.3,,,,,,,,,98.5,,,,,,,,,,,,,,,,,,,,,
1990-12-31,40.8,,,,,,,,,98.6,,,,,,,,,,,,,,,,,,,,,
1991-01-31,39.2,,,,,,,,,97.6,,,,,,,,,,,,,,,,,,,,,
1991-02-28,39.4,,,,,,,,,96.5,,,,,,,,,,,,,,,,,,,,,
1991-03-31,40.7,,,,,,,,,95.5,,,,,,,,,,,,,,,,,,,,,
1991-04-30,42.8,,,,,,,,,94.6,,,,,,,,,,,,,,,,,,,,,
1991-05-31,44.5,,,,,,,,,94.0,,,,,,,,,,,,,,,,,,,,,
1991-06-30,50.3,,,,,,,,,92.4,,,,,,,,,,,,,,,,,,,,,
1991-07-31,50.6,,,,,,,,,92.1,,,,,,,,,,,,,,,,,,,,,
1991-08-31,52.9,,,,,,,,,91.0,,,,,,,,,,,,,,,,,,,,,
1991-09-30,54.9,,,,,,,,,90.0,,,,,,,,,,,,,,,,,,,,,
1991-10-31,53.1,,,,,,,,,89.9,,,,,,,,,,,,,,,,,,,,,
1991-11-30,49.5,,,,,,,,,88.8,,,,,,,,,,,,,,,,,,,,,
1991-12-31,46.8,,,,,,,,,87.4,,,,,,,,,,,,,,,,,,,,,
1992-01-31,47.3,,,,,,,,,87.0,,,,,,,,,,,,,,,,,,,,,
1992-02-29,52.7,,,,,,,,,86.5,,,,,,,,,,,,,,,,,,,,,
1992-03-31,54.6,,,,,,,,,85.9,,,,,,,,,,,,,,,,,,,,,
1992-04-30,52.6,,,,,,,,,84.2,,,,,,,,,,,,,,,,,,,,,
1992-05-31,55.7,,,,,,,,,83.7,,,,,,,,,,,,,,,,,,,,,
1992-06-30,53.6,,,,,,,,,83.3,,,,,,,,,,,,,,,,,,,,,
1992-07-31,53.9,,,,,,,,,82.7,,,,,,,,,,,,,,,,,,,,,
1992-08-31,53.4,,,,,,,,,82.1,,,,,,,,,,,,,,,,,,,,,
1992-09-30,49.7,,,,,,,,,82.6,,,,,,,,,,,,,,,,,,,,,
1992-10-31,50.3,,,,,,,,,80.9,,,,,,,,,,,,,,,,,,,,,
1992-11-30,53.6,,,,,,,,,80.5,,,,,,,,,,,,,,,,,,,,,
1992-12-31,54.2,,,,,,,,,81.2,,,,,,,,,,,,,,,,,,,,,
1993-01-31,55.8,,,,,,,,,81.1,,,,,,,,,,,,,,,,,,,,,
1993-02-28,55.2,,,,,,,,,82.2,,,,,,,,,,,,,,,,,,,,,
1993-03-31,53.5,,,,,,,,,82.0,,,,,,,,,,,,,,,,,,,,,
1993-04-30,50.2,,,,,,,,,82.8,,,,,,,,,,,,,,,,,,,,,
1993-05-31,51.2,,,,,,,,,84.0,,,,,,,,,,,,,,,,,,,,,
1993-06-30,49.6,,,,,,,,,84.0,,,,,,,,,,,,,,,,,,,,,
1993-07-31,50.2,,,,,,,,,84.3,,,,,,,,,,,,,,,,,,,,,
1993-08-31,50.7,,,,,,,,,83.8,,,,,,,,,,,,,,,,,,,,,
1993-09-30,50.8,,,,,,,,,83.9,,,,,,,,,,,,,,,,,,,,,
1993-10-31,53.4,,,,,,,,,82.9,,,,,,,,,,,,,,,,,,,,,
1993-11-30,53.8,,,,,,,,,82.4,,,,,,,,,,,,,,,,,,,,,
1993-12-31,55.6,,,,,,,,,82.0,,,,,,,,,,,,,,,,,,,,,
1994-01-31,56.0,,,,,,,,,83.4,,,,,,,,,,,,,,,,,,,,,
1994-02-28,56.5,,,,,,,,,84.2,,,,,,,,,,,,,,,,,,,,,
1994-03-31,56.9,,,,,,,,,86.7,,,,,,,,,,,,,,,,,,,,,
1994-04-30,57.4,,,,,,,,,87.5,,,,,,,,,,,,,,,,,,,,,
1994-05-31,58.2,,,,,,,,,88.0,,,,,,,,,,,,,,,,,,,,,
1994-06-30,58.8,,,,,,,,,89.3,,,,,,,,,,,,,,,,,,,,,
1994-07-31,58.5,,,,,,,,,90.0,,,,,,,,,,,,,,,,,,,,,
1994-08-31,58.0,,,,,,,,,90.7,,,,,,,,,,,,,,,,,,,,,
1994-09-30,59.0,,,,,,,,,91.2,,,,,,,,,,,,,,,,,,,,,
1994-10-31,59.4,,,,,,,,,91.3,,,,,,,,,,,,,,,,,,,,,
1994-11-30,59.2,,,,,,,,,92.6,,,71.4,,,,,,,,,,,,,,,,,,
1994-12-31,56.1,,,,,,,,,93.4,,,67.2,,,,,,,,,,,,,,,,,,
1995-01-31,57.4,,,,,,,,,92.1,,,62.5,,,,,,,,,,,,,,,,,,
1995-02-28,55.1,,,,,,,,,93.7,,,64.3,,,,,,,,,,,,,,,,,,
1995-03-31,52.1,,,,,,,,,92.2,,,60.9,,,,,,,,,,,,,,,,,,
1995-04-30,51.5,,,,,,,,,91.3,,,59.8,,,,,,,,,,,,,,,,,,
1995-05-31,46.7,,,,,,,,,90.7,,,55.4,,,,,,,,,,,,,,,,,,
1995-06-30,45.9,,,,,,,,,89.9,,,54.8,,,,,,,,,,,,,,,,,,
1995-07-31,50.7,,,,,,,,,89.0,,,56.9,,,,,,,,,,,,,,,,,,
1995-08-31,47.1,,,,,,,,,90.2,,,53.5,,,,,,,,,,,,,,,,,,
1995-09-30,48.1,,,,,,,,,90.9,,,55.3,,,,,,,,,,,,,,,,,,
1995-10-31,46.7,,,,,,,,,91.5,,,53.5,,,,,,,,,,,,,,,,,,
1995-11-30,45.9,,,,,,,,,93.9,,,50.1,,,,,,,,,,,,,,,,,,
1995-12-31,46.2,,,,,,,,,94.8,,,48.8,,,,,,,,,,,,,,,,,,
1996-01-31,45.5,,,,,,,,,94.7,,,43.9,,,,,,,,54.6,,,,,,,,,,
1996-02-29,45.9,,,,,,,,,95.5,,,46.5,,,,,,,,51.9,,,,,,,,,,
1996-03-31,46.9,,,,,,,,,95.8,,,44.6,,,,,,,,49.4,,,,,,,,,,
1996-04-30,49.3,,,,,,,,,96.9,,,45.7,,,,,,,,47.5,,,,,,,,,,
1996-05-31,49.1,,,,,,,,,97.7,,,46.6,,,,,,,,46.4,,,,,,,,,,
1996-06-30,53.6,,,,,,,,,97.1,,,48.0,,,,,,,,49.6,,,,,,,,,,
1996-07-31,49.7,,,,,,,,,98.3,,,52.3,,,,,,,,43.7,,,,,,,,,,
1996-08-31,51.6,,,,,,,,,98.5,,,52.1,,,,,,,,46.9,,,,,,,,,,
1996-09-30,51.1,,,,,,,,,98.8,,,54.0,,,,,,,,44.8,,,,,,,,,,
1996-10-31,50.5,,,,,,,,,100.8,,,53.5,,,,,,,,51.2,,,,,,,,,,
1996-11-30,53.0,,,,,,,,,100.4,,,55.7,,,,,,,,51.2,,,,,,,,,,
1996-12-31,55.2,,,,,,,,,99.4,,,54.6,,,,,,,,45.3,,,,,,,,,,
1997-01-31,53.8,,,,,,,,,99.8,,,54.8,,,,,,,,50.0,,,,,,,,,,
1997-02-28,53.1,,,,,,,,,99.5,,,54.6,,,,,,,,51.4,,,,,,,,,,
1997-03-31,53.8,,,,,,,,,98.2,,,53.7,,,,,,,,51.8,,,,,,,,,,
1997-04-30,53.7,,,,,,,,,97.3,,,55.0,,,,,,,,52.8,,,,,,,,,,
1997-05-31,56.1,,,,,,,,,98.9,,,59.3,,,,,,,,52.0,,,,,,,,,,
1997-06-30,54.9,,,,,,,,,97.5,,,59.3,,,,,,,,48.4,,,,,,,,,,
1997-07-31,57.7,,,,,,,,,97.4,,,55.3,,,,,,,,51.4,,,,,,,,,,
1997-08-31,56.3,,,,,,,,,96.6,,,61.2,,,,,,,,53.4,,,,,,,,,,
1997-09-30,53.9,,,,,,,,,96.2,,,62.1,,,,,,,,52.1,,,,,,,,,,
1997-10-31,56.4,,,,,,,,,94.5,,,61.7,,,,,,,,51.0,,,,,,,,,,
1997-11-30,55.7,,,,,,,,,91.7,,,60.8,,,,,,,,51.0,,,,,,,,,,
1997-12-31,54.5,,,,,,,,,90.5,,,59.9,,,,,,,,51.5,,,,,,,,,,
1998-01-31,53.8,,,,,,,,,90.0,,,56.6,,,,,,,,46.0,,,,,,,,,,
1998-02-28,52.9,,,,,,,,,89.2,,,54.9,,,,,,,,46.0,,,,,,,,,,
1998-03-31,52.9,,,,,,,,,88.2,,,55.4,,,,,,,,46.3,,,,,,,,,,
1998-04-30,52.2,,,,,,,,,86.5,,,57.5,,,,,,,,45.5,,,,,,,,,,
1998-05-31,50.9,,,,,,,,,87.2,,,54.2,,,,,,,,46.4,,,,,,,,,,
1998-06-30,48.9,,,,,,,,,85.9,,,52.5,,,,,,,,47.4,,,,,,,,,,
1998-07-31,49.2,,,,,,,,,85.8,,,46.5,,,,,,,,50.2,,,,,,,,,,
1998-08-31,49.3,,,,,,,,,85.6,,,54.4,,,,,,,,54.3,,,,,,,,,,
1998-09-30,48.7,,,,,,,,,85.6,,,49.1,,,,,,,,49.0,,,,,,,,,,
1998-10-31,48.7,,,,,,,,,83.9,,,49.3,,,,,,,,53.2,,,,,,,,,,
1998-11-30,48.2,,,,,,,,,85.6,,,47.2,,,,,,,,45.3,,,,,,,,,,
1998-12-31,46.8,,,,,,,,,85.3,,,44.3,,,,,,,,45.0,,,,,,,,,,
1999-01-31,50.6,,,,,,,,,85.3,,,47.1,,,,,,,,40.9,,,,,54.6,,,,,
1999-02-28,51.7,,,,,,,,,86.0,,,48.3,,,,,,,,46.6,,,,,56.5,,,,,
1999-03-31,52.4,,,,,,,,,88.6,,,49.7,,,,,,,,50.5,,,,,51.5,,,,,
1999-04-30,52.3,,,,,,,,,90.1,,,53.0,,,,,,,,53.9,,,,,58.3,,,,,
1999-05-31,54.3,,,,,,,,,89.7,,,52.0,,,,,,,,58.3,,,,,62.4,,,,,
1999-06-30,55.8,,,,,,,,,91.3,,,56.1,,,,,,,,52.4,,,,,64.9,,,,,
1999-07-31,53.6,,,,,,,,,92.5,,,53.1,,,,,,,,57.4,,,,,62.4,,,,,
1999-08-31,54.8,,,,,,,,,92.4,,,58.7,,,,,,,,55.1,,,,,61.4,,,,,
1999-09-30,57.0,,,,,,,,,93.3,,,58.3,,,,,,,,48.7,,,,,61.7,,,,,
1999-10-31,57.2,,,,,,,,,94.2,,,60.2,,,,,,,,55.6,,,,,59.8,,,,,
1999-11-30,58.1,,,,,,,,,94.5,,,60.0,,,,,,,,54.5,,,,,60.6,,,,,
1999-12-31,57.8,,,,,,,,,95.4,,,62.7,,,,,,,,54.6,,,,,59.8,,,,,
2000-01-31,56.7,55.7,58.7,54.0,55.2,56.9,52.2,,,96.9,,,60.7,,51.2,50.2,,,,,54.0,55.1,,,,60.2,,,,,
2000-02-29,55.8,57.1,59.2,55.6,57.9,57.2,50.5,,,97.1,,,61.3,,52.4,54.2,,,,,55.8,55.3,,,,58.2,,,,,
2000-03-31,54.9,59.1,61.8,58.0,60.0,57.5,51.3,51.2,,96.3,,,64.0,,51.4,55.1,,,,,56.9,56.3,,,,62.5,,,,,
2000-04-30,54.7,60.5,63.7,60.9,59.3,57.0,51.0,,,97.5,,,62.8,,50.4,55.5,,,,,60.6,55.8,,,,65.1,,,,,
2000-05-31,53.2,59.7,64.8,59.1,58.2,56.4,51.4,,,97.5,,,62.7,,50.5,58.9,,,,,60.8,55.5,,,,58.1,,,,,
2000-06-30,51.4,59.4,64.4,59.5,57.5,55.7,50.7,50.3,,98.2,,,60.8,,51.5,54.1,,,,,54.9,55.7,,,,60.4,,,,,
2000-07-31,52.5,58.8,64.0,58.3,57.6,54.5,51.2,,,98.4,,,58.7,,50.3,51.4,,,,,55.5,55.9,,,,60.8,,,,,
2000-08-31,49.9,58.2,62.2,58.2,57.4,54.1,51.6,,,99.1,,,62.2,,50.3,55.2,,,,,48.6,56.1,,,,58.4,,,,,
2000-09-30,49.7,56.9,59.8,56.5,56.7,54.1,51.2,48.6,,99.4,,,59.6,,48.4,55.2,,,,,48.8,56.2,,,,56.4,,,,,
2000-10-31,48.7,55.5,55.8,56.4,55.9,52.9,50.0,,,99.2,,,59.0,,48.0,56.4,,,,,48.7,54.9,,,,57.6,,,,,
2000-11-30,48.5,54.6,54.2,55.4,55.0,52.7,51.5,,,99.3,,,55.5,,47.1,53.0,,,,,38.7,54.7,,,,55.3,,,,,
2000-12-31,43.9,53.5,53.3,54.0,53.9,52.3,51.0,45.5,,99.7,,,54.2,,45.8,56.8,,,,,43.9,53.3,,,,52.5,,,,,
2001-01-31,42.3,52.9,53.0,53.7,53.2,51.6,52.3,,,96.5,,,51.9,,46.9,51.2,,,,,49.3,52.3,,,,50.9,,,,,
2001-02-28,42.1,52.3,53.0,52.8,52.8,50.5,50.9,,,95.9,,,50.4,,46.3,53.5,,,,,51.6,51.6,,,,48.6,,,,,
2001-03-31,43.1,51.2,52.6,51.1,50.8,50.2,49.4,45.5,,94.5,,,46.5,,44.9,51.4,,,,,51.2,52.9,,,,47.4,,,,,
2001-04-30,42.7,49.2,49.3,49.3,49.2,48.7,47.4,,,93.3,,,48.9,,47.0,51.0,,,,,45.4,53.0,,,,46.2,,,,,
2001-05-31,41.3,48.5,48.5,48.8,48.4,48.7,46.4,47.4,,93.6,,,51.9,,46.5,51.7,,,,,44.2,52.5,,,,46.8,,,,,
2001-06-30,43.2,47.8,48.7,46.6,48.3,49.5,47.7,53.3,,92.2,,,47.9,59.3,44.1,52.3,,,,,44.0,53.2,,,,46.5,,,,,
2001-07-31,43.5,47.3,48.0,46.3,46.4,49.5,47.1,50.7,,90.8,,,52.6,53.3,45.0,46.7,,,,,40.5,54.4,,,,45.4,,,,,
2001-08-31,46.3,47.5,47.9,46.4,47.2,49.7,46.4,53.9,,89.8,,,49.3,52.6,45.9,48.6,,,,,45.2,55.1,,,,47.8,,,,,
2001-09-30,46.2,45.9,45.5,45.1,46.1,48.5,46.4,54.5,,87.4,,,46.4,53.6,46.6,48.5,,,,,45.3,55.5,,,,45.6,,,,,
2001-10-31,40.8,42.9,42.0,42.0,43.3,45.2,46.5,53.3,38.2,86.4,,,45.4,52.4,44.5,48.2,,,,,41.3,54.3,,,,47.1,,,,,
2001-11-30,44.1,43.6,42.2,43.9,44.5,43.4,45.6,54.7,40.6,87.0,,,48.2,52.6,44.4,53.8,,,,,43.5,52.8,,,,45.9,,,,,
2001-12-31,45.3,44.1,42.8,43.5,46.0,43.9,45.5,50.4,40.1,86.7,,,48.8,50.5,45.0,51.1,,,,,45.5,52.1,,,,48.3,,,,,
2002-01-31,47.5,46.3,45.8,44.3,49.4,47.6,47.5,56.1,43.1,88.3,,,51.5,49.2,44.6,48.0,,,,,56.3,50.4,,,,49.3,,,,,
2002-02-28,50.7,48.6,48.4,47.3,51.2,48.4,49.8,57.9,44.3,88.7,,,53.6,51.5,44.7,50.4,,,,,52.4,50.7,,,,49.6,,,,,
2002-03-31,52.4,50.0,50.6,48.2,52.5,50.1,51.2,60.5,47.5,90.9,,,54.7,52.7,46.3,48.1,,,,,49.6,51.5,,,,52.4,,,,,
2002-04-30,52.4,50.7,51.9,49.0,51.5,52.2,53.1,58.1,50.8,92.5,,,54.5,52.2,45.9,50.8,,,,,50.6,52.0,,,,53.2,,,,,
2002-05-31,53.1,51.7,53.5,49.8,51.8,54.2,52.8,62.1,53.4,94.8,,,57.1,51.8,48.0,52.7,,,,,47.9,51.3,,,,51.9,,,,,
2002-06-30,53.6,51.8,53.9,50.2,51.1,52.7,50.9,58.4,54.1,94.0,,,55.4,51.9,48.5,52.7,,,,,50.4,51.9,,,,52.1,,,,,
2002-07-31,50.2,51.6,53.5,50.1,51.8,51.6,49.1,53.4,52.7,94.4,,,53.2,50.6,48.7,54.1,,,,,52.3,52.6,,,,52.3,,,,,
2002-08-31,50.3,50.8,52.2,49.1,51.6,51.5,51.2,58.3,51.0,94.6,,,55.2,48.8,50.0,51.5,,,,,50.4,51.6,,,,50.8,,,,,
2002-09-30,50.5,48.9,50.3,46.0,50.5,50.5,49.8,53.9,49.2,93.5,,,53.1,48.8,49.6,54.7,,,,,45.8,50.9,,,,51.6,,,,,
2002-10-31,49.0,49.2,49.0,48.4,50.7,49.6,49.8,56.3,49.0,94.3,,,53.0,51.4,49.3,52.6,,,,,50.0,51.0,,,,50.6,,,,,
2002-11-30,48.5,49.4,49.6,48.7,51.0,48.9,49.3,58.0,49.0,94.5,,,54.6,52.1,47.3,53.3,,,,,54.1,50.2,,,,51.7,,,,,
2002-12-31,51.6,48.4,48.7,47.0,51.1,47.3,48.5,55.3,49.4,93.3,,,55.3,52.3,44.7,53.3,,,,,52.6,50.5,,,,50.9,,,,,
2003-01-31,51.3,49.3,50.0,48.3,51.4,48.1,48.6,54.2,48.5,93.9,,,57.9,51.1,47.2,55.7,,,,,48.7,50.3,,,,51.0,,,,,
2003-02-28,48.8,50.1,51.5,49.9,50.7,48.6,49.0,55.7,48.1,94.3,,,56.0,49.7,48.7,49.0,,,,,48.3,51.3,,,,50.4,,,,,
2003-03-31,46.3,48.4,48.1,47.8,50.0,48.4,46.9,51.0,49.1,93.9,,,50.2,50.8,47.7,51.4,,,,,47.3,51.9,,,,49.7,,,,,
2003-04-30,46.1,47.8,48.3,45.9,49.0,48.5,48.9,54.0,50.1,93.9,,,51.7,51.6,49.4,54.9,,,,,44.4,52.5,,,,49.9,,,,,
2003-05-31,49.0,46.9,46.1,44.8,48.6,48.5,48.9,52.7,49.0,95.0,,,47.5,52.1,49.0,51.9,,,,,46.5,54.2,,,,49.4,,,,,
2003-06-30,49.0,46.7,45.9,45.6,47.6,48.2,49.8,50.2,50.4,95.5,,,48.6,52.0,49.1,51.7,,,,,48.3,54.2,,,,50.8,,,,,
2003-07-31,51.0,48.0,46.6,48.1,48.4,48.4,51.3,52.5,51.1,96.6,,,50.9,52.4,52.0,55.4,,,,,48.7,54.1,,,,51.4,,,,,
2003-08-31,53.2,49.1,49.8,48.8,47.9,49.3,52.7,52.4,52.5,96.5,,,53.1,52.3,53.0,56.0,,,,,41.7,53.7,,,,51.3,,,,,
2003-09-30,52.4,50.1,48.6,50.2,49.8,50.7,53.3,51.2,53.0,98.7,,,49.6,53.6,53.5,52.1,,,,,49.7,53.1,,,,52.0,,,,,
2003-10-31,55.2,51.3,51.0,51.2,51.8,50.3,53.9,56.6,55.6,100.6,,,53.3,54.9,53.6,54.6,,,,,45.9,53.4,,,,53.9,,,,,
2003-11-30,58.4,52.2,52.7,51.1,52.3,52.6,54.1,57.6,56.4,99.0,,,57.3,55.0,52.0,46.2,,,,,49.6,54.1,,,,53.2,,,,,
2003-12-31,60.1,52.4,51.9,53.0,51.9,51.8,55.5,52.7,56.1,100.1,,,57.7,56.0,50.9,45.4,,,,,51.3,53.9,,,,54.5,,,,,
2004-01-31,60.8,52.5,53.5,53.0,51.1,51.9,56.3,57.4,55.6,101.7,,,58.4,55.1,52.6,49.2,,,,,50.2,52.7,,,,53.8,,,,,
2004-02-29,59.9,52.5,52.0,53.4,50.8,53.2,53.3,52.3,54.5,101.8,,57.4,56.7,54.7,54.1,54.5,,,,,54.4,52.2,,,,53.1,,,,,
2004-03-31,60.6,53.3,53.2,54.1,52.1,52.9,54.0,54.0,54.6,103.7,,56.0,61.9,54.6,55.2,49.1,,,,,56.3,53.7,,,,53.4,,,,,
2004-04-30,60.6,54.0,53.5,55.3,52.5,53.6,54.9,58.2,55.6,104.2,,58.4,60.4,55.1,56.8,50.5,,,,,57.1,54.3,,,60.6,55.2,,,,47.7,57.1
2004-05-31,61.4,54.7,55.5,56.2,52.8,53.0,55.6,53.2,55.5,105.1,,55.6,58.5,55.4,56.6,50.9,,,,,57.1,54.1,,,66.9,55.7,,,,58.4,53.4
2004-06-30,60.5,54.4,55.8,55.9,52.3,51.1,54.5,51.4,54.3,104.6,,57.6,58.3,55.6,54.3,48.1,,,,,60.5,54.2,,,54.2,56.8,,,,51.2,52.5
2004-07-31,59.9,54.7,54.6,56.6,52.6,51.5,56.1,55.6,55.2,106.5,,57.0,56.9,57.4,53.1,49.7,,,,,52.9,53.2,,,52.7,53.5,,,,51.7,53.0
2004-08-31,58.5,53.9,54.0,55.1,52.3,51.7,52.9,52.3,54.8,105.6,,58.0,58.0,57.7,52.1,51.2,,,,,53.6,53.0,,,48.3,55.0,,,,46.7,53.5
2004-09-30,57.4,53.1,54.0,54.1,51.6,51.1,51.7,50.4,53.6,105.9,,57.4,56.8,57.2,52.6,46.2,,,,,54.5,51.9,,,46.6,53.2,,,,50.3,54.1
2004-10-31,56.3,52.4,53.5,52.8,51.4,51.3,52.6,52.5,52.9,106.0,,56.9,58.1,55.8,52.2,47.4,,,,,63.7,51.5,,,45.9,51.5,,,,51.7,52.4
2004-11-30,56.2,50.4,52.2,49.9,48.1,51.7,55.2,53.7,51.3,106.5,,55.2,55.5,54.6,50.6,51.2,,,,,54.0,49.8,,,49.9,50.3,,,,50.0,51.9
2004-12-31,57.2,51.4,52.5,51.7,48.6,52.9,53.7,57.8,50.6,106.8,,54.1,57.0,54.3,51.8,51.7,,,,,55.3,51.1,,,47.0,51.8,,,,50.5,51.3
2005-01-31,56.8,51.9,52.6,52.4,50.1,53.6,52.1,55.7,51.1,106.3,,56.7,55.8,54.4,48.3,47.1,,,,,54.8,50.9,,,50.8,52.4,,,,55.9,52.1
2005-02-28,55.5,51.9,53.2,52.2,50.6,52.9,51.4,52.2,52.1,105.6,,57.7,55.2,54.6,48.2,47.2,,,,,49.5,51.6,,,51.7,51.5,,,,60.0,52.9
2005-03-31,55.2,50.4,51.9,50.3,49.1,50.5,52.2,51.3,52.8,106.9,,58.2,55.0,52.4,47.2,48.5,,,,,52.6,52.6,,,52.4,50.8,,,,55.1,55.2
2005-04-30,52.2,49.2,49.8,49.7,48.0,49.2,48.8,52.6,53.3,107.7,,56.7,52.0,51.8,48.5,49.1,,,,,55.7,52.4,57.1,,50.7,49.7,,,,49.4,54.4
2005-05-31,50.8,48.7,48.8,49.4,47.1,48.5,46.5,50.8,53.5,106.6,,57.7,51.9,51.4,48.7,46.7,,,,,54.6,52.2,57.3,,54.8,51.0,,,,56.3,53.3
2005-06-30,52.4,49.9,50.7,49.8,49.4,49.3,49.3,54.6,54.2,106.8,,56.1,51.1,53.1,50.2,48.5,,,52.1,,49.2,52.8,58.4,,53.5,50.5,,,,54.5,51.0
2005-07-31,52.8,50.8,51.9,49.8,50.8,50.9,49.3,50.1,54.1,107.4,,57.6,53.9,53.4,51.4,50.7,,,50.8,,54.2,52.6,58.0,,52.1,52.1,,,,53.6,51.5
2005-08-31,52.4,50.4,52.5,48.7,50.0,51.4,49.9,43.9,53.8,108.1,,56.7,55.5,54.3,51.0,51.5,,,51.8,,57.5,53.0,57.4,,53.2,52.2,,,,57.1,50.6
2005-09-30,56.8,51.7,52.7,51.0,51.5,52.1,51.0,51.0,54.5,107.7,,59.0,56.0,54.8,51.8,51.0,,,53.0,,55.8,51.8,57.0,,60.1,53.1,,,,54.9,50.9
2005-10-31,57.2,52.7,52.5,53.1,52.0,52.2,51.7,47.2,54.7,109.4,,57.6,58.3,54.4,52.1,49.4,,,54.3,,48.6,51.2,57.8,,53.9,51.4,,,,58.1,50.1
2005-11-30,56.7,52.8,51.8,52.7,53.1,52.4,52.1,44.7,55.3,110.7,,60.6,57.3,54.7,53.1,52.3,,,54.2,,59.0,52.0,56.0,,53.4,53.5,,,,59.6,49.8
2005-12-31,55.1,53.6,52.2,53.6,54.1,53.0,52.6,50.5,55.7,110.4,,61.2,58.0,55.1,54.5,57.9,,,53.5,,55.7,54.1,55.8,,54.0,52.2,,,,70.0,50.1
2006-01-31,55.0,53.5,50.7,55.0,53.5,52.6,53.1,49.9,57.0,111.0,,61.5,57.5,54.6,53.5,52.1,,,50.7,,57.0,53.3,55.1,,49.5,51.5,,,,59.1,50.2
2006-02-28,55.8,54.5,52.2,55.8,55.1,52.7,51.9,48.3,56.8,112.0,,59.7,58.4,55.1,52.8,51.6,53.8,,51.8,,57.8,53.6,56.3,,58.1,50.8,,,,57.1,50.7
2006-03-31,54.3,56.1,54.6,58.1,55.5,54.7,51.1,52.9,56.1,110.3,,58.9,62.2,55.7,52.0,51.8,52.4,,52.8,,56.6,52.5,55.1,,51.5,49.6,,,,46.6,51.0
2006-04-30,55.2,56.7,55.3,58.1,57.0,54.3,53.7,51.2,55.5,112.6,,58.8,59.8,55.0,53.7,51.4,52.6,,54.4,,57.1,53.7,56.8,,54.6,50.4,,,,60.1,52.7
2006-05-31,53.7,57.0,56.1,58.5,56.6,55.6,52.2,48.4,55.3,112.3,,60.1,61.0,56.4,53.2,53.9,52.2,,54.5,,54.7,54.0,57.7,,51.0,52.3,,,,54.9,52.9
2006-06-30,52.0,57.7,56.1,59.5,57.5,55.7,54.8,55.0,54.3,110.4,,61.5,62.6,57.0,55.3,54.7,49.9,,55.0,,54.3,55.6,56.8,,50.9,52.7,,,,57.8,52.9
2006-07-31,53.0,57.4,57.2,58.9,56.1,55.0,52.8,49.0,55.4,109.3,,55.9,63.2,56.0,55.0,53.7,50.0,,53.0,,50.1,55.9,55.8,,49.5,51.0,,,,53.7,53.0
2006-08-31,53.7,56.5,56.1,58.3,54.8,54.6,52.0,49.5,54.6,111.1,,62.3,61.5,56.9,53.8,54.6,50.4,,53.1,,56.5,56.1,57.9,,50.1,52.3,,,,51.1,52.6
2006-09-30,52.2,56.6,56.0,58.4,54.8,55.6,54.2,52.3,54.8,110.1,,62.0,61.8,55.4,53.5,54.8,51.7,,54.2,,65.2,54.7,59.0,,52.7,51.7,,,,54.5,52.4
2006-10-31,51.4,57.0,56.3,58.2,56.2,57.0,53.7,51.1,54.1,110.2,,63.5,61.1,54.6,54.7,54.0,53.5,,53.5,,56.6,53.0,59.3,,52.5,53.4,,,,55.2,52.1
2006-11-30,50.3,56.6,56.5,58.3,54.8,56.1,54.0,53.7,53.7,111.2,,64.4,62.5,55.6,55.3,54.1,55.8,,52.1,,53.3,52.8,58.9,,48.5,54.6,,,,57.1,53.0
2006-12-31,51.4,56.5,54.2,59.4,55.0,57.2,53.3,53.1,53.1,110.7,,62.7,63.7,56.2,53.5,54.7,54.2,,52.5,,55.9,52.1,56.6,,50.9,53.4,,,,61.6,52.4
2007-01-31,49.5,55.5,52.4,58.5,53.5,56.2,54.3,52.9,53.4,111.0,,62.7,61.0,57.6,53.8,57.5,52.8,,51.8,,54.4,52.3,55.3,,51.2,52.6,,,,58.5,52.0
2007-02-28,51.9,55.6,53.4,57.2,54.2,56.2,55.8,57.9,53.0,111.7,,61.9,63.0,58.5,52.7,52.0,53.7,,51.8,,53.4,52.0,53.6,,47.9,51.5,,,,54.1,53.0
2007-03-31,50.7,55.4,53.8,56.9,53.8,55.4,54.7,53.8,52.5,111.1,,63.9,60.0,57.0,54.1,55.6,54.9,,52.7,,54.0,53.3,53.0,,47.0,51.1,,,,49.7,52.3
2007-04-30,52.6,55.4,53.9,57.0,53.9,56.0,53.1,52.1,52.3,111.5,,62.4,58.1,56.1,53.2,55.6,55.4,,52.3,,58.3,53.6,53.8,,49.4,49.7,,,,56.1,53.3
2007-05-31,52.5,55.0,54.3,56.1,55.0,53.3,53.5,55.2,51.4,111.2,,61.8,58.4,55.8,53.5,51.0,54.3,,52.7,,53.5,54.4,53.4,,48.7,50.0,,,,52.3,54.1
2007-06-30,52.6,55.6,53.8,57.3,54.0,55.1,53.9,52.7,50.4,110.4,,57.7,59.6,57.7,54.0,54.1,54.9,,53.0,,57.6,53.0,53.2,,53.8,52.3,,,,55.8,55.0
2007-07-31,52.4,54.9,53.3,56.8,53.3,53.2,54.8,57.6,49.0,110.3,,55.7,59.6,59.5,54.5,52.1,54.8,,51.4,,59.2,53.4,52.9,,52.1,53.3,,,,58.0,53.2
2007-08-31,50.9,54.3,52.5,56.0,53.6,52.2,54.8,51.6,49.6,108.1,,59.5,57.7,58.8,53.6,52.5,54.9,,50.9,,68.4,53.1,57.9,,55.5,51.7,,,,61.6,53.4
2007-09-30,51.0,53.2,50.5,54.9,52.4,50.8,54.9,49.7,49.8,107.1,,58.1,58.1,55.8,51.6,53.4,56.4,,49.9,,63.7,52.2,59.3,,52.8,53.9,,,,58.2,55.0
2007-10-31,51.1,51.5,50.5,51.7,51.3,49.6,52.6,52.0,49.5,109.0,,60.3,59.8,54.6,51.6,57.5,57.2,,50.4,,56.3,52.9,61.7,,56.4,52.9,,,,60.0,55.2
2007-11-30,50.5,52.8,52.5,53.7,51.3,50.7,56.3,54.9,50.8,107.0,,54.1,55.9,54.9,51.9,54.8,56.4,,49.4,,53.1,54.1,60.9,,56.8,53.8,,,,59.0,52.8
2007-12-31,49.0,52.6,53.8,53.6,50.7,49.5,54.2,56.1,52.3,106.1,,53.8,56.0,55.0,50.8,57.3,55.3,,49.8,,51.3,54.3,61.9,,60.6,51.0,,,,55.8,53.3
2008-01-31,50.3,52.8,53.9,54.4,50.8,49.8,51.3,47.0,52.3,106.4,,52.0,54.1,56.1,51.9,54.6,54.7,,48.9,,53.8,55.3,60.7,,54.0,50.5,,,,53.9,53.2
2008-02-29,47.6,52.3,53.8,54.3,50.6,46.7,51.3,52.2,50.8,106.6,,55.3,55.6,56.5,53.1,53.3,53.4,,46.4,,52.8,54.6,59.5,,52.9,50.3,,,,52.5,52.8
2008-03-31,48.3,52.0,51.9,55.1,49.4,46.4,51.2,52.6,49.5,104.5,,54.5,54.2,57.4,52.4,55.2,52.8,,45.8,,50.5,54.6,57.5,,51.1,49.4,,,,53.0,54.4
2008-04-30,48.8,50.7,51.1,53.6,48.2,45.2,49.7,52.5,48.6,104.9,,54.2,49.5,54.1,50.6,57.5,54.0,,47.0,,42.6,53.0,57.5,,47.0,49.3,,,,50.2,55.4
2008-05-31,48.8,50.6,51.5,53.6,48.0,43.8,48.3,50.9,47.7,104.3,,51.9,50.6,51.8,49.3,54.9,53.5,,47.8,,46.7,52.4,57.4,,49.0,49.0,,,,47.5,54.7
2008-06-30,49.8,49.2,49.2,52.6,46.9,40.6,44.9,46.9,46.5,102.8,,47.0,49.9,50.7,47.8,55.2,52.1,,48.9,,44.2,50.9,58.6,,45.7,50.6,,,,46.9,53.3
2008-07-31,50.0,47.4,47.1,50.9,45.3,39.2,43.3,46.6,47.0,101.9,,47.4,47.7,49.9,46.4,45.8,53.5,,49.4,,46.7,50.4,57.8,,46.7,51.6,,,,47.5,53.3
2008-08-31,49.2,47.6,45.8,49.7,47.1,42.4,44.8,45.9,46.9,99.8,,48.7,47.1,47.3,45.8,52.5,51.1,,48.3,,46.9,49.4,57.9,,46.4,50.6,,,,49.1,49.2
2008-09-30,44.8,45.0,43.0,47.4,44.4,38.3,41.1,45.7,44.3,98.8,,43.1,41.9,46.5,44.9,49.6,50.4,,43.5,,42.2,49.8,57.3,,42.3,49.5,,,,44.6,47.7
2008-10-31,38.9,41.1,40.6,42.9,39.7,34.6,41.0,40.1,42.2,92.9,,42.2,39.0,41.2,43.7,45.4,45.7,,40.8,,39.0,46.4,52.2,,43.0,45.8,,,,38.0,45.2
2008-11-30,36.5,35.6,37.3,35.7,34.9,29.4,35.9,32.0,36.7,87.2,,39.8,33.3,37.8,40.5,41.4,41.6,,34.6,,34.6,39.8,45.8,,43.0,44.3,,,,31.9,40.9
2008-12-31,33.1,33.9,34.9,32.7,35.5,28.5,36.0,35.3,30.8,83.3,,39.8,32.8,32.7,38.3,43.2,40.0,,32.6,,27.9,33.8,44.4,,41.7,44.8,,,,22.9,41.2
2009-01-31,34.9,34.4,37.9,32.0,36.1,31.5,35.9,36.5,29.6,77.5,,39.7,33.1,31.5,40.3,37.4,38.1,,32.9,,28.5,34.4,46.7,,39.7,45.0,,,,33.3,42.2
2009-02-28,35.5,33.5,34.8,32.1,35.0,31.8,34.6,30.9,31.6,75.1,,35.0,33.9,32.6,40.8,38.6,41.6,,33.4,,29.7,40.6,47.0,,44.9,45.0,,,,47.0,45.1
2009-03-31,36.0,33.9,36.5,32.4,34.6,32.9,39.5,33.4,33.8,76.6,,35.8,36.5,34.0,42.2,36.0,42.2,,37.0,,36.3,42.0,49.5,,50.7,47.1,,,,50.0,44.8
2009-04-30,39.5,36.8,40.1,35.4,37.2,34.6,42.7,31.2,41.4,80.5,,36.3,38.7,38.6,42.1,41.2,44.8,,43.7,,35.5,43.4,53.3,,51.2,49.2,,,,50.6,50.1
2009-05-31,41.7,40.7,43.3,39.6,41.1,39.8,45.1,36.7,46.6,83.0,,38.5,43.9,40.5,42.5,44.3,47.8,,51.0,,42.6,45.3,55.7,,51.2,51.2,,,,52.6,51.2
2009-06-30,45.8,42.6,45.9,40.9,42.7,42.8,47.1,39.2,48.2,86.5,,45.1,50.9,41.9,43.0,49.6,48.1,,53.9,,52.1,47.3,55.3,,52.0,51.1,,,,52.9,51.8
2009-07-31,49.9,46.3,48.1,45.7,45.4,47.3,50.4,44.2,50.4,88.2,,46.8,54.6,43.4,46.5,49.3,48.0,,54.0,,51.7,48.4,55.4,,54.0,51.5,,,,53.9,52.8
2009-08-31,53.5,48.2,50.8,49.2,44.2,47.2,51.2,48.9,53.6,89.9,,42.3,54.0,47.0,48.2,48.2,50.6,,53.8,,56.0,49.6,53.2,,53.6,54.4,,,,55.1,55.1
2009-09-30,54.4,49.3,53.0,49.6,47.6,45.8,50.4,52.2,54.5,92.5,,44.2,56.4,49.5,48.2,53.3,52.3,,53.3,,52.2,52.0,55.0,,52.7,50.6,,,,57.5,55.0
2009-10-31,56.0,50.7,55.6,51.0,49.2,46.3,54.5,48.3,54.3,94.8,,43.5,57.4,49.8,48.8,50.1,53.7,,52.8,,60.4,49.6,54.5,,52.5,50.2,,,,59.8,55.4
2009-11-30,54.4,51.6,54.4,52.4,50.1,45.3,53.2,53.9,52.3,94.2,,48.2,56.5,50.6,52.4,50.7,55.5,,51.8,,68.8,49.1,53.0,,52.6,52.0,,,,58.4,55.7
2009-12-31,55.3,51.6,54.7,52.7,50.8,45.2,54.7,45.6,53.8,96.1,,48.7,58.4,50.8,52.4,53.6,55.8,,50.6,,63.8,48.8,55.6,,52.8,53.3,,,,58.7,56.1
2010-01-31,57.6,52.4,55.4,53.7,51.7,45.3,54.7,51.2,52.5,97.2,,49.8,61.1,53.1,51.0,56.7,57.8,,53.0,,65.1,50.8,57.6,,55.6,51.4,,,,61.7,57.4
2010-02-28,56.1,54.2,54.9,57.2,51.6,49.1,55.2,55.1,52.5,96.2,,48.7,61.3,54.3,52.4,54.1,55.8,,50.9,,63.3,50.2,58.5,,58.2,51.9,,,,62.5,55.8
2010-03-31,58.9,56.6,56.5,60.2,53.7,51.8,56.7,51.2,52.7,100.0,,48.8,60.6,56.8,52.5,51.1,55.4,,54.9,,55.9,50.2,57.8,,55.6,51.1,,,,62.7,56.7
2010-04-30,58.3,57.6,56.6,61.5,54.3,53.3,57.4,57.7,53.8,101.5,,51.6,63.6,57.3,52.5,48.3,53.8,,56.0,,59.2,52.1,57.2,,57.1,51.9,,,,60.7,55.2
2010-05-31,58.3,55.8,55.8,58.4,54.0,51.5,58.4,54.3,54.7,100.5,,50.0,66.0,57.6,52.2,53.4,52.4,,56.5,,48.1,52.0,59.0,,54.6,52.2,,,,57.4,52.7
2010-06-30,56.0,55.6,54.8,58.4,54.3,51.2,57.7,53.7,53.9,101.0,,51.2,62.3,57.6,53.3,52.0,52.7,,53.2,,46.0,52.6,57.3,,53.3,51.3,,,,53.8,50.4
2010-07-31,55.7,56.7,53.9,61.2,54.4,51.6,57.2,54.2,52.8,100.8,,53.1,64.2,56.8,52.1,60.3,51.8,,52.8,,48.0,52.7,57.6,,53.2,52.2,,,,50.5,49.4
2010-08-31,57.2,55.1,55.1,58.2,52.8,51.2,54.9,48.8,50.1,101.0,,50.5,61.7,57.3,53.8,53.6,49.5,,51.3,,50.6,52.9,57.2,,50.9,49.4,,,,49.2,51.9
2010-09-30,56.5,53.7,56.0,55.1,52.6,49.6,53.5,43.8,49.5,100.5,,53.2,63.5,58.0,54.7,51.8,50.4,,50.3,,50.9,51.2,55.1,,48.8,49.5,,,,49.0,52.9
2010-10-31,57.9,54.6,55.2,56.6,53.0,51.2,57.5,47.3,47.2,99.9,53.8,57.0,62.2,57.2,55.6,55.6,49.5,,54.3,,57.6,51.8,57.2,,46.7,50.7,,,,48.6,54.8
2010-11-30,57.6,55.3,57.9,58.1,52.0,50.0,58.8,47.3,47.3,100.6,54.6,56.4,61.5,57.3,55.9,57.8,49.9,,56.4,,59.0,51.1,58.4,,50.2,51.4,,,,51.7,55.3
2010-12-31,57.3,57.1,57.2,60.7,54.7,51.5,57.6,47.8,48.3,100.9,55.4,55.1,60.3,58.4,56.3,56.6,52.4,,56.4,,59.1,53.5,56.7,,53.9,50.7,,,,54.7,54.4
2011-01-31,59.6,57.3,54.9,60.5,56.6,52.0,58.7,46.1,51.4,101.6,55.4,54.3,60.8,60.5,55.6,61.2,53.1,,57.2,,58.5,53.5,56.8,,53.5,50.5,,,,59.8,54.5
2011-02-28,60.0,59.0,55.7,62.7,59.0,52.1,59.3,50.6,52.9,102.5,55.5,57.1,60.7,59.8,53.8,59.6,54.6,,58.5,,48.0,55.2,57.9,,53.4,52.3,,,,55.8,51.7
2011-03-31,59.4,57.5,55.4,60.9,56.2,51.6,55.6,47.7,46.4,100.2,56.9,55.3,57.8,58.6,54.8,55.7,53.2,,56.1,,48.5,55.6,57.9,,52.8,50.1,,,,55.6,51.8
2011-04-30,59.1,58.0,57.5,62.0,55.5,50.6,54.3,49.5,45.7,97.5,56.8,55.7,59.2,59.0,54.4,59.6,50.7,56.3,52.7,,49.2,52.1,58.0,48.7,51.7,52.5,,,,58.2,51.8
2011-05-31,53.7,54.6,54.9,57.7,52.8,48.2,53.0,45.4,51.3,98.6,55.1,56.5,55.8,55.9,52.6,55.4,50.8,54.6,50.6,,54.4,50.7,57.5,49.0,51.2,50.8,,,,54.9,51.6
2011-06-30,56.6,52.0,52.5,54.6,49.9,47.3,52.1,51.3,50.7,101.0,53.3,57.3,52.7,55.1,51.2,53.0,49.0,55.3,52.3,,52.3,50.6,55.3,50.3,51.1,50.4,,,,49.9,50.1
2011-07-31,52.5,50.4,50.5,52.0,50.1,45.6,50.2,43.4,52.1,102.7,53.8,56.8,49.7,53.4,52.9,49.1,47.8,54.7,52.3,,49.4,49.8,53.6,50.9,51.3,49.3,,,,46.1,49.3
2011-08-31,52.3,49.0,49.1,50.9,47.0,45.3,49.5,42.2,51.9,102.4,55.4,55.5,49.5,53.4,51.8,57.9,46.0,51.7,48.8,,48.4,49.9,52.6,50.8,49.7,49.4,,,,45.2,49.9
2011-09-30,52.7,48.5,48.2,50.3,48.3,43.7,50.7,40.6,49.3,101.0,55.5,54.4,48.1,53.3,50.2,51.7,45.5,53.0,51.5,,44.3,50.0,50.4,49.7,47.5,48.3,,,,44.5,49.9
2011-10-31,51.5,47.1,48.5,49.1,43.3,43.9,49.0,46.3,50.6,101.0,53.7,51.4,50.2,51.7,51.7,47.0,46.5,54.7,53.3,,50.7,50.4,52.0,51.6,48.0,49.5,,,,43.7,51.0
2011-11-30,51.9,46.4,47.3,47.9,44.0,43.8,47.3,48.4,49.1,100.5,53.3,49.3,47.8,48.6,49.5,48.3,48.7,53.7,52.3,,43.8,52.6,51.0,50.1,47.1,48.7,,,,43.9,47.7
2011-12-31,52.9,46.9,48.9,48.4,44.3,43.7,49.0,46.5,50.2,101.0,54.0,48.4,49.1,49.2,48.8,48.4,49.1,53.1,52.0,,42.7,51.6,54.2,48.8,46.4,49.5,,,,47.1,48.7
2012-01-31,53.3,48.8,48.5,51.0,46.8,45.1,50.7,49.4,50.7,101.7,50.6,53.5,51.0,48.8,52.2,48.8,50.6,52.2,51.7,53.0,36.3,50.8,57.5,48.5,49.2,48.7,,,,48.9,48.8
2012-02-29,53.4,49.0,50.0,50.2,47.8,45.0,50.8,49.5,50.5,103.0,51.8,55.3,50.2,50.5,50.0,51.9,51.4,53.7,49.6,53.8,44.5,50.7,56.6,50.6,50.7,50.4,,,,52.7,49.6
2012-03-31,53.6,47.7,46.7,48.4,47.9,44.5,52.3,49.3,51.1,103.3,52.4,57.3,49.7,52.1,50.1,57.8,51.1,53.9,49.6,53.5,46.3,50.8,54.7,50.8,52.0,50.2,,,,54.1,48.3
2012-04-30,54.0,45.9,46.9,46.2,43.8,43.5,50.2,44.9,50.7,102.8,53.3,53.4,50.0,49.7,49.2,54.5,49.3,56.3,52.3,52.3,53.2,52.9,54.9,50.5,51.9,49.7,,,,51.2,49.3
2012-05-31,53.1,45.1,44.7,45.2,44.8,42.0,46.6,40.4,50.7,102.2,54.7,53.6,49.0,47.6,48.9,52.9,49.3,55.2,50.2,52.6,51.0,53.2,54.8,48.1,51.0,50.4,,,,50.5,48.4
2012-06-30,51.1,45.1,45.2,45.0,44.6,41.1,48.7,46.0,49.9,100.6,54.8,47.4,48.2,49.4,48.0,57.5,48.5,55.9,51.4,49.0,47.8,51.0,55.0,50.2,49.4,50.4,,,,49.2,48.2
2012-07-31,50.0,44.0,43.4,43.0,44.3,42.3,45.5,43.2,47.9,99.8,53.1,51.0,50.5,49.5,49.7,60.1,48.7,55.2,49.4,51.1,41.9,52.0,52.9,51.4,47.2,49.8,53.3,,,47.5,49.3
2012-08-31,50.3,45.1,46.0,44.7,43.6,44.0,50.0,47.5,47.7,99.5,53.0,47.9,45.8,48.7,48.3,53.2,49.3,55.1,50.0,49.5,35.2,51.0,52.8,51.6,47.5,49.1,49.4,,,46.1,47.6
2012-09-30,51.9,46.1,42.7,47.4,45.7,44.5,48.4,43.0,48.0,98.3,52.4,49.7,44.5,48.0,47.0,47.0,49.8,54.4,52.2,48.2,38.0,52.4,52.8,50.5,45.7,48.7,47.1,,,45.6,47.9
2012-10-31,50.5,45.4,43.7,46.0,45.5,43.5,47.8,42.8,46.9,98.1,51.4,48.9,43.2,47.2,47.3,52.3,50.2,55.5,52.5,48.2,37.6,52.9,52.9,51.9,47.4,48.3,47.2,,,47.8,49.5
2012-11-30,49.0,46.2,44.5,46.8,45.1,45.4,48.0,44.3,46.5,97.5,50.4,49.6,43.2,48.2,48.2,51.6,52.2,55.6,51.6,49.1,43.7,52.2,53.7,51.5,48.2,48.8,48.5,,,47.4,50.5
2012-12-31,50.0,46.1,44.6,46.0,46.7,44.6,50.6,44.3,45.0,98.6,50.4,51.4,44.6,46.0,48.5,53.9,51.1,57.1,53.1,48.9,44.1,50.0,54.7,50.7,50.1,48.6,48.8,,,50.6,51.5
2013-01-31,53.1,47.9,42.9,49.8,47.8,46.1,50.8,40.2,47.7,101.2,50.5,48.9,49.0,48.3,48.6,46.9,53.2,55.0,54.0,49.2,49.3,52.0,53.2,49.7,49.9,50.2,48.5,,,51.5,52.3
2013-02-28,54.5,47.9,43.9,50.3,45.8,46.8,47.9,45.6,48.5,103.8,51.7,47.8,51.1,49.9,48.9,52.6,52.5,53.4,53.5,51.7,53.6,52.0,54.2,50.5,50.9,49.4,49.1,,,50.2,50.4
2013-03-31,52.4,46.8,44.0,49.0,44.5,44.2,49.6,44.4,50.4,105.4,49.3,49.9,51.9,49.1,48.0,50.9,51.8,52.2,52.3,49.0,51.8,50.8,52.0,51.3,52.0,50.6,49.4,,,51.2,51.6
2013-04-30,50.2,46.7,44.4,48.1,45.5,44.7,50.8,36.7,51.1,106.9,50.1,49.1,49.4,49.5,46.9,54.8,50.8,51.7,51.3,50.1,50.8,50.6,51.0,51.7,52.6,50.3,49.8,,,50.7,50.4
2013-05-31,50.0,48.3,46.4,49.4,47.3,48.1,52.0,43.8,51.5,109.2,53.2,52.4,52.1,50.1,48.0,50.7,50.4,51.7,51.1,50.2,47.1,50.4,50.1,51.6,51.1,51.1,51.1,,,47.1,49.2
2013-06-30,52.6,48.8,48.4,48.6,49.1,50.0,52.8,49.6,52.3,107.1,52.4,47.9,53.6,51.0,49.3,46.3,50.4,51.3,51.2,51.8,46.0,51.7,50.3,51.0,49.4,51.7,51.5,,,49.5,48.2
2013-07-31,54.0,50.3,49.7,50.7,50.4,49.8,54.7,42.0,50.7,107.9,52.0,49.1,51.2,52.0,51.1,49.1,48.5,49.7,49.8,52.2,47.6,49.2,50.1,50.7,47.2,51.8,51.1,,,48.6,47.7
2013-08-31,55.3,51.4,49.7,51.8,51.3,51.1,58.7,46.4,52.2,107.5,52.1,53.5,53.0,53.9,52.6,53.7,49.4,50.8,50.9,55.0,47.6,49.4,48.5,48.5,47.5,50.5,50.7,,,50.0,50.1
2013-09-30,55.4,51.1,49.8,51.1,50.8,50.7,57.0,51.7,52.5,109.6,54.2,52.6,56.0,53.4,53.1,55.7,49.9,50.0,54.0,49.1,44.9,49.4,49.6,50.2,49.7,50.5,50.8,,,52.0,50.2
2013-10-31,55.4,51.3,49.1,51.7,50.7,50.9,55.9,53.2,54.2,110.3,55.6,52.2,52.1,54.5,53.4,52.1,50.2,50.2,53.3,51.3,46.6,51.8,49.6,50.9,50.2,51.2,50.5,,,53.0,50.9
2013-11-30,56.2,51.6,48.4,52.7,51.4,48.6,57.6,47.7,55.1,111.4,55.3,52.7,56.0,55.4,54.4,53.4,49.7,51.9,55.0,52.0,44.5,49.4,51.3,50.3,50.4,50.8,49.7,,,53.4,50.8
2013-12-31,56.0,52.7,47.0,54.3,53.3,50.8,56.9,47.6,55.2,111.1,53.5,51.6,52.1,54.7,53.2,54.9,50.5,52.6,53.5,50.9,46.8,48.8,50.7,50.9,50.8,49.7,51.2,,,55.2,50.5
2014-01-31,52.4,54.0,49.3,56.5,53.1,52.2,56.1,46.7,56.6,112.2,51.7,51.3,56.2,55.9,55.4,55.1,50.8,54.0,52.7,50.2,49.5,48.0,51.4,51.0,50.9,50.5,51.7,,,55.5,49.5
2014-02-28,54.8,53.2,49.7,54.8,52.3,52.5,56.1,48.6,55.5,108.0,52.9,50.6,54.7,56.5,55.9,49.3,50.4,52.0,53.4,51.0,50.0,48.5,52.5,50.5,49.8,50.9,51.5,,,54.7,48.5
2014-03-31,55.0,53.0,52.1,53.7,52.4,52.8,54.9,47.9,53.9,106.7,53.3,52.4,56.3,55.5,54.0,58.5,50.6,51.7,51.7,50.3,48.9,48.3,51.3,50.1,50.4,50.8,52.5,,,52.7,48.0
2014-04-30,55.3,53.4,51.2,54.1,54.0,52.7,57.6,44.8,49.4,105.0,52.9,50.9,55.3,56.5,52.0,49.1,49.3,51.8,51.1,47.8,51.4,48.5,51.3,51.1,50.2,51.1,52.7,,,52.3,48.1
2014-05-31,55.5,52.2,49.6,52.3,53.2,52.9,56.8,49.2,49.9,103.3,52.2,49.8,54.1,57.3,50.8,55.9,48.8,51.9,50.1,44.4,55.6,48.9,51.4,52.4,49.5,50.8,50.9,,,52.4,49.4
2014-06-30,55.4,51.8,48.2,52.0,52.6,54.6,57.2,48.9,51.5,103.2,53.5,50.5,54.8,54.7,50.3,50.4,48.7,51.8,48.8,46.4,48.9,49.1,51.5,52.7,48.4,50.5,50.6,,,54.0,50.7
2014-07-31,55.6,51.8,47.8,52.4,51.9,53.9,55.2,50.7,50.5,104.7,54.3,49.9,55.1,56.5,49.4,57.0,49.1,51.5,48.5,45.7,46.8,51.0,53.0,52.7,49.3,51.5,50.0,,,55.8,51.7
2014-08-31,57.9,50.7,46.9,51.4,49.8,52.8,53.2,47.3,52.2,103.7,54.8,53.6,51.5,54.3,49.0,53.8,50.2,52.1,50.3,48.5,42.6,51.0,52.4,49.5,50.3,49.7,49.4,,,56.1,50.2
2014-09-30,55.9,50.3,48.8,49.9,50.7,52.6,51.7,46.5,51.7,105.1,53.5,49.3,53.4,55.6,49.5,52.5,49.3,52.6,50.4,49.8,49.9,50.4,51.0,50.7,48.8,50.5,51.0,,,53.3,50.2
2014-10-31,57.4,50.6,48.5,51.4,49.0,52.6,52.5,49.4,52.4,103.4,55.3,49.9,52.1,54.4,51.2,49.0,49.1,53.3,51.5,50.0,48.3,50.3,51.6,49.2,48.7,51.9,51.5,,,52.0,50.4
2014-11-30,57.6,50.1,48.4,49.5,49.0,54.7,53.1,50.1,52.0,103.3,55.3,51.8,52.7,55.6,53.2,52.9,48.7,54.3,52.2,53.1,48.7,51.7,53.3,48.0,49.0,51.8,51.3,,,51.4,50.0
2014-12-31,54.9,50.6,47.5,51.2,48.4,53.8,52.3,46.9,52.0,104.5,53.9,50.3,55.3,53.3,52.8,51.9,50.2,55.3,51.4,50.8,45.8,48.9,54.5,47.6,49.9,49.6,51.0,,,50.0,49.6
2015-01-31,54.3,51.0,49.2,50.9,49.9,54.7,52.4,49.0,52.2,103.5,51.0,51.3,55.0,56.1,55.2,52.2,50.7,56.6,49.8,53.7,53.3,47.6,52.9,48.5,51.1,49.9,49.1,,,51.7,49.7
2015-02-28,53.5,51.0,47.6,51.1,51.9,54.2,54.1,45.4,51.6,103.8,48.7,50.9,53.4,55.6,55.1,53.2,49.6,54.4,49.6,48.0,48.7,49.7,51.2,47.5,51.1,49.7,51.1,,,52.1,50.7
2015-03-31,52.3,52.2,48.8,52.8,53.3,54.3,54.0,46.3,50.3,104.2,48.9,48.2,53.9,56.1,54.8,55.6,46.2,53.8,48.0,47.9,50.2,48.1,52.1,46.4,49.2,49.6,50.5,,,51.0,49.6
2015-04-30,51.5,52.0,48.0,52.2,53.8,54.2,52.3,48.0,49.9,105.1,49.0,50.3,55.6,54.7,54.0,52.6,46.0,53.8,48.5,45.7,49.2,48.9,51.3,46.7,48.8,49.4,48.8,,,49.2,48.9
2015-05-31,52.8,52.2,49.4,51.1,54.8,55.8,52.1,52.3,50.9,105.8,49.8,46.0,54.9,55.5,52.4,50.6,45.9,53.3,50.2,50.6,47.6,47.6,52.6,47.1,47.8,50.2,49.5,,,49.3,49.2
2015-06-30,53.0,52.5,50.7,51.9,54.1,54.5,51.9,44.2,50.1,106.2,51.3,43.3,52.8,56.9,54.3,57.0,46.5,52.0,49.0,50.1,51.0,48.7,51.3,47.8,46.1,50.4,47.6,,,46.3,49.4
2015-07-31,51.7,52.4,49.6,51.8,55.3,53.6,52.5,50.4,51.2,104.7,50.8,44.7,55.2,57.5,54.5,48.1,47.2,52.9,50.1,51.0,47.2,48.3,52.7,47.3,47.6,49.7,47.7,,,47.1,47.8
2015-08-31,51.0,52.3,48.3,53.3,53.8,53.2,51.6,51.7,51.7,103.6,49.4,44.3,53.8,56.6,51.1,47.2,45.8,52.4,49.3,49.5,48.1,47.9,52.3,48.4,47.9,49.3,47.2,,,46.1,47.3
2015-09-30,50.1,52.0,50.6,52.3,52.7,51.7,51.7,52.1,51.0,102.0,48.6,47.6,53.3,55.5,50.9,59.3,47.0,52.1,48.8,49.3,47.5,49.1,51.2,47.4,49.2,48.6,48.3,,,46.9,47.2
2015-10-31,49.6,52.3,50.6,52.1,54.1,51.3,54.4,50.2,52.4,102.6,48.0,48.4,53.4,54.0,52.2,55.3,44.1,53.0,49.5,48.7,51.4,50.2,50.7,47.8,49.1,48.9,48.1,,,47.8,48.3
2015-11-30,48.7,52.8,50.6,52.9,54.9,53.1,52.3,52.5,52.6,101.8,48.6,48.2,54.9,54.2,52.1,53.0,43.8,53.0,50.9,44.7,52.5,50.1,50.3,46.9,49.1,49.2,47.0,,,49.5,48.6
2015-12-31,47.9,53.2,51.4,53.2,55.6,53.0,51.2,51.9,52.6,100.5,47.5,47.8,55.9,55.6,52.1,51.0,45.6,52.4,52.2,46.7,50.7,48.7,49.1,47.8,50.7,49.5,48.0,,51.3,51.7,48.2
2016-01-31,48.6,52.3,50.0,52.3,53.2,55.4,52.3,51.5,52.3,99.5,49.3,50.1,55.3,56.9,50.9,55.0,47.4,52.2,50.9,43.7,48.1,49.8,51.1,48.9,49.5,49.0,48.6,53.0,49.4,50.6,48.4
2016-02-29,49.7,51.2,50.2,50.5,52.2,54.1,50.9,53.5,50.1,98.8,49.4,49.5,51.6,55.5,52.8,60.0,44.5,53.1,50.3,47.2,,49.3,51.1,48.7,48.7,48.5,47.8,54.1,50.0,49.4,48.0
2016-03-31,51.7,51.6,49.6,50.7,53.5,53.4,51.3,58.1,49.1,98.8,51.5,46.5,53.0,54.3,53.8,52.8,46.0,53.2,49.2,49.5,49.0,48.3,52.4,50.6,49.5,49.4,48.4,54.4,49.4,51.1,49.7
2016-04-30,50.7,51.7,48.0,51.8,53.9,53.5,49.6,53.4,48.2,99.0,52.2,48.7,53.9,53.6,51.0,52.0,42.6,52.4,48.9,54.8,50.5,48.0,50.5,50.9,50.0,49.8,47.1,56.5,50.2,49.7,49.4
2016-05-31,51.0,51.5,48.4,52.1,52.4,51.8,50.5,51.0,47.7,99.4,52.1,51.6,54.1,53.3,52.1,48.7,41.6,53.6,49.4,50.9,49.4,49.6,50.7,50.6,50.1,49.8,47.2,55.8,49.7,48.5,49.2
2016-06-30,52.8,52.8,48.3,54.5,53.5,52.2,53.0,51.8,48.1,99.8,51.8,53.3,52.9,51.8,51.8,54.6,43.2,51.1,47.4,51.9,48.8,51.5,51.7,51.9,50.5,49.6,47.1,55.5,49.4,50.5,48.6
2016-07-31,52.3,52.0,48.6,53.8,51.2,51.0,48.5,56.4,49.3,99.6,51.9,53.3,55.5,49.3,50.3,58.5,46.0,50.6,47.6,52.4,50.1,49.5,51.8,48.4,50.1,49.3,48.1,56.3,49.3,51.0,50.6
2016-08-31,49.4,51.7,48.3,53.6,49.8,51.0,53.1,46.9,49.5,100.2,51.1,50.5,51.1,50.1,51.5,53.6,45.7,50.9,47.0,46.7,57.0,50.8,52.6,50.4,48.6,49.8,47.4,55.3,49.8,51.8,50.0
2016-09-30,51.7,52.6,49.7,54.3,51.0,52.3,55.7,49.9,50.4,100.0,50.3,52.9,54.9,52.0,52.2,61.1,46.0,51.9,48.3,48.7,52.1,51.1,52.1,50.9,47.6,50.1,48.6,57.5,48.8,52.2,50.1
2016-10-31,52.0,53.5,51.8,55.0,50.9,53.3,54.0,50.9,51.4,100.8,51.1,52.9,58.5,53.3,50.2,58.2,46.3,51.8,49.8,46.4,51.1,52.4,54.4,48.7,48.0,50.0,47.2,56.5,48.8,52.7,51.2
2016-11-30,53.5,53.7,51.7,54.3,52.2,54.5,53.1,54.2,51.3,102.6,51.5,47.3,57.4,52.2,51.9,57.6,46.2,51.1,48.8,49.1,54.3,53.6,52.3,49.7,48.0,50.2,47.1,56.3,48.2,54.7,50.9
2016-12-31,54.5,54.9,53.5,55.6,53.2,55.3,55.9,55.4,52.4,104.7,51.8,51.9,60.3,53.8,54.3,49.7,45.2,50.2,47.7,47.7,67.2,53.7,49.6,49.0,49.4,50.6,47.1,55.7,50.6,56.2,51.9
2017-01-31,56.0,55.2,53.6,56.4,53.0,55.6,55.4,51.2,52.7,104.2,53.5,52.2,62.1,55.7,54.8,59.5,44.0,50.8,48.7,50.8,62.6,54.7,50.4,50.4,49.0,51.0,48.6,52.7,50.6,55.6,51.0
2017-02-28,57.7,55.4,52.2,56.8,55.0,54.8,54.6,59.3,53.3,104.6,54.7,53.1,60.9,57.6,54.2,58.9,46.9,50.6,49.7,51.9,61.2,52.5,50.7,49.3,49.2,50.9,49.4,53.6,50.6,54.5,51.7
2017-03-31,57.2,56.2,53.3,58.3,55.7,53.9,54.3,57.5,52.4,105.4,55.5,54.8,65.1,57.5,53.5,56.1,49.6,51.5,52.3,50.9,54.8,52.4,52.5,50.5,48.4,51.2,49.5,53.8,50.2,56.2,51.2
2017-04-30,54.8,56.7,55.1,58.2,56.2,54.5,57.1,59.2,52.7,104.0,55.9,54.6,62.5,57.5,54.1,60.2,50.1,50.7,51.7,44.9,52.0,50.8,52.5,51.2,49.4,51.1,50.7,53.3,49.8,54.4,50.3
2017-05-31,54.9,57.0,53.8,59.5,55.1,55.4,56.4,54.8,53.1,104.5,55.1,54.2,58.7,56.4,52.7,65.5,52.0,51.2,53.5,50.4,56.2,52.4,51.6,50.6,49.2,50.8,48.7,54.3,49.7,53.1,49.6
2017-06-30,57.8,57.4,54.8,59.6,55.2,54.7,54.2,55.0,52.4,105.4,54.7,55.4,62.3,56.4,53.1,58.1,50.5,52.3,54.7,45.8,50.3,50.3,50.9,49.5,50.1,50.9,46.9,53.9,50.4,53.3,50.4
2017-07-31,56.3,56.6,54.9,58.1,55.1,54.0,55.3,56.0,52.1,105.1,55.5,57.7,60.4,55.3,52.3,54.2,50.0,51.2,53.6,43.3,54.3,52.7,47.9,48.6,49.1,51.0,48.3,52.8,49.6,53.6,51.1
2017-08-31,58.8,57.4,55.8,59.3,56.3,52.4,56.8,59.8,52.2,106.9,54.6,55.4,54.7,54.9,52.5,55.3,50.9,52.2,55.3,44.6,58.4,51.6,51.2,50.7,49.9,51.8,50.4,50.6,49.5,54.3,51.6
2017-09-30,60.8,58.1,56.1,60.6,56.3,54.3,56.1,54.2,52.9,106.5,55.0,52.4,63.7,56.6,53.7,56.1,50.9,52.8,53.5,45.1,57.2,51.9,51.2,50.4,50.6,52.0,49.9,50.8,50.3,54.2,51.0
2017-10-31,58.7,58.5,56.1,60.6,57.8,55.8,56.3,51.1,52.8,106.3,54.3,55.0,59.3,58.5,53.4,63.5,51.2,49.2,52.8,48.3,53.2,51.1,50.3,50.1,50.2,52.6,48.6,53.7,49.8,53.6,51.0
2017-11-30,58.2,60.1,57.7,62.5,58.3,56.1,58.2,57.3,53.6,108.2,54.4,57.4,63.3,58.7,54.2,61.2,53.5,52.4,52.9,48.6,49.7,51.5,52.6,50.4,51.2,52.9,52.0,54.8,50.0,56.3,50.8
2017-12-31,59.7,60.6,58.8,63.3,57.4,55.8,56.3,57.1,54.0,107.4,54.7,57.8,60.4,59.8,55.0,60.0,52.4,51.739,54.9,48.4,53.4,52.0,54.7,49.3,49.9,52.8,49.9,54.2,50.4,56.6,51.5
2018-01-31,59.1,59.6,58.4,61.1,59.0,55.2,55.3,55.4,54.8,105.6,55.9,59.0,57.0,59.8,54.6,60.9,51.2,51.158,55.7,49.0,53.5,52.1,52.4,49.9,50.7,53.1,50.5,51.7,50.6,56.9,51.5
2018-02-28,60.8,58.6,55.9,60.6,56.8,56.0,55.2,55.6,54.1,105.8,55.6,57.5,59.9,58.8,53.7,57.4,53.2,52.643,55.6,51.4,53.6,50.2,52.1,51.4,50.3,52.7,49.9,50.8,50.9,56.0,51.6
2018-03-31,59.3,56.6,53.7,58.2,55.1,54.8,55.1,54.3,53.1,104.5,55.7,55.0,55.9,57.3,53.7,57.0,53.4,54.0,51.8,51.1,54.7,50.6,51.0,50.7,49.1,53.0,49.5,51.5,49.1,55.3,51.0
2018-04-30,57.3,56.2,53.8,58.1,53.5,54.4,53.9,55.5,53.8,105.6,55.5,56.2,54.5,57.2,53.9,53.3,52.3,51.717,48.9,50.4,54.0,51.3,51.6,51.6,48.4,52.9,48.6,52.7,49.5,54.8,51.1
2018-05-31,58.7,55.5,54.4,56.9,52.7,53.4,54.4,53.2,52.8,106.9,56.2,55.8,55.8,56.5,53.3,55.4,50.7,50.958,46.4,50.0,49.6,49.8,51.2,51.7,48.9,52.7,47.6,53.7,51.1,53.4,51.1
2018-06-30,60.2,54.9,52.5,55.9,53.3,53.4,54.4,55.0,53.0,105.2,57.1,55.9,54.2,56.8,54.2,53.0,49.8,52.6,46.8,50.9,52.6,49.5,53.1,50.3,49.8,52.5,49.5,52.9,50.2,54.5,51.0
2018-07-31,58.1,55.1,53.3,56.9,51.5,52.9,54.0,52.4,52.3,103.5,56.9,49.3,57.4,55.4,52.9,53.1,50.5,49.978,49.0,49.3,58.0,48.1,52.3,50.5,48.3,52.3,49.7,50.9,50.1,53.1,50.8
2018-08-31,61.3,54.6,53.5,55.9,50.1,53.0,52.8,53.2,52.5,104.5,56.8,60.5,52.5,54.9,51.4,56.2,51.1,51.593,46.4,47.2,50.4,48.9,51.7,51.9,49.9,52.6,51.2,51.9,49.9,53.0,50.6
2018-09-30,59.8,53.2,52.5,53.7,50.0,51.4,53.8,54.0,52.5,104.3,54.8,55.7,55.2,53.4,50.5,53.8,50.9,51.476,42.7,48.0,50.0,50.0,52.2,50.7,51.3,52.4,51.5,52.0,50.0,50.8,50.0
2018-10-31,57.7,52.0,51.2,52.2,49.2,51.8,51.1,54.5,52.9,99.6,53.9,56.0,55.0,52.5,50.4,57.3,51.1,49.676,44.3,46.9,52.7,51.3,53.1,50.5,51.0,51.9,49.2,54.0,48.9,48.7,50.1
2018-11-30,59.3,51.8,50.8,51.8,48.6,52.6,53.1,54.6,52.2,99.1,54.9,56.1,56.7,51.8,49.5,53.5,52.7,49.706,44.7,48.2,53.7,52.6,54.0,50.4,48.6,51.5,48.2,54.2,49.8,48.4,50.2
2018-12-31,54.3,51.4,49.7,51.5,49.2,51.1,54.2,54.0,52.6,97.5,53.6,55.9,52.0,49.7,47.6,54.2,52.6,49.26,44.2,49.0,57.0,51.7,53.2,51.2,49.8,51.1,46.8,53.2,50.3,47.7,49.7
2019-01-31,56.6,50.5,51.2,49.7,47.8,52.4,52.8,53.9,50.3,95.9,53.0,58.3,51.5,49.0,48.2,54.0,52.7,49.789,44.2,49.6,47.9,50.9,53.9,49.9,48.3,50.7,47.9,52.3,50.2,47.5,48.3
2019-02-28,54.2,49.3,51.5,47.6,47.7,49.9,52.0,52.9,48.9,97.1,52.6,56.31,52.5,48.6,47.6,55.7,53.4,54.266,46.4,50.2,49.6,50.1,54.3,50.1,47.2,50.4,47.6,51.9,49.9,46.3,49.9
2019-03-31,55.3,47.5,49.7,44.1,47.4,50.9,55.1,52.0,49.2,95.9,50.5,56.81,52.8,47.3,48.7,52.4,52.8,50.235,47.2,48.8,52.2,52.8,52.6,51.2,48.8,50.8,47.2,51.5,50.3,49.0,50.8
2019-04-30,52.8,47.9,50.0,44.4,49.1,51.8,53.1,50.9,50.2,95.9,49.7,53.82,50.9,46.6,49.0,54.9,51.5,52.0,46.8,50.3,51.9,51.8,51.8,50.4,50.2,50.3,49.4,50.9,51.0,48.2,50.2
2019-05-31,52.1,47.7,50.6,44.3,49.7,50.1,49.4,51.0,49.8,94.9,49.1,54.42,53.1,46.6,48.8,57.9,50.2,49.385,45.3,49.3,50.4,49.8,52.7,51.6,48.4,49.9,48.8,51.2,50.7,48.4,50.2
2019-06-30,51.7,47.6,51.9,45.0,48.4,47.9,48.0,52.0,49.3,93.3,49.2,51.89,52.0,45.9,48.4,54.4,51.0,49.0,47.9,49.7,52.7,48.6,52.1,50.6,47.5,49.6,47.8,51.3,50.6,45.5,49.4
2019-07-31,51.2,46.5,49.7,43.2,48.5,48.2,48.0,51.6,49.4,93.7,50.2,48.38,52.0,43.1,47.4,51.3,49.9,49.6,46.7,48.4,52.2,49.3,52.5,49.6,47.3,49.8,47.6,52.1,50.3,48.1,49.9
2019-08-31,49.1,47.0,51.1,43.5,48.7,48.8,47.4,50.9,49.3,91.9,49.1,53.78,52.4,44.9,48.8,52.6,52.5,47.4,48.0,49.7,44.3,49.1,51.4,49.0,49.0,49.9,47.4,51.9,50.0,47.9,50.4
2019-09-30,47.8,45.7,50.1,41.7,47.8,47.7,48.3,50.3,48.9,91.9,51.0,50.38,46.3,44.9,47.8,51.8,53.4,48.055,50.0,49.2,50.3,46.3,51.4,49.1,48.0,49.5,47.9,51.8,50.6,50.0,51.4
2019-10-31,48.3,45.9,50.7,42.1,47.7,46.8,49.6,50.0,48.4,91.6,51.2,54.87,46.0,45.0,45.6,51.9,52.2,46.674,49.0,49.4,51.8,47.2,50.6,47.7,48.4,49.6,49.3,52.1,50.0,49.8,51.7
2019-11-30,48.1,46.9,51.7,44.1,47.6,47.5,48.9,49.9,48.9,90.7,51.4,53.95,45.9,43.5,46.7,53.1,52.9,46.408,49.5,48.6,52.8,45.6,51.2,48.2,49.4,49.8,49.5,51.4,49.3,49.8,51.8
2019-12-31,47.8,46.3,50.4,43.7,46.2,47.4,47.5,49.2,48.4,91.1,50.4,54.41,47.5,43.6,48.0,53.9,50.2,46.479,49.5,47.6,51.8,47.5,52.7,49.5,50.1,50.1,50.0,51.7,50.1,50.8,51.5
2020-01-31,50.9,47.9,51.1,45.3,48.9,48.5,50.0,49.6,48.8,90.4,50.6,51.48,51.8,45.2,47.4,52.2,51.0,49.118,51.3,48.3,50.1,47.9,55.3,49.3,49.8,50.3,48.8,52.1,49.9,51.8,51.1
2020-02-29,50.1,49.2,49.8,48.0,48.7,50.4,51.7,50.2,47.8,91.2,51.8,52.88,52.8,46.5,48.2,50.3,52.3,47.753,52.4,48.4,,48.2,54.5,51.9,48.7,48.7,48.5,52.3,49.5,49.9,40.3
2020-03-31,49.1,44.5,43.2,45.4,40.3,45.7,47.8,49.7,44.8,84.8,46.1,42.29,43.5,41.3,42.4,28.5,48.4,44.15,48.1,44.5,34.6,47.5,51.8,45.3,44.2,45.4,48.4,39.7,46.7,50.4,50.1
2020-04-30,41.5,33.4,31.5,34.5,31.1,30.8,32.6,44.1,41.9,78.6,33.0,42.6,37.3,35.1,31.9,33.7,36.0,40.688,33.4,35.1,39.3,31.3,27.4,27.5,41.6,44.7,31.3,31.6,36.8,42.2,49.4
2020-05-31,43.1,39.4,40.6,36.6,45.4,38.3,40.7,44.0,38.4,78.5,40.6,45.0,40.6,39.6,40.6,40.7,38.3,37.914,40.9,32.5,38.5,36.2,30.8,28.6,41.3,46.8,45.6,40.1,41.6,41.9,50.7
2020-06-30,52.6,47.4,52.3,45.2,47.5,49.0,50.1,51.2,40.1,83.8,47.8,49.0,48.3,44.9,47.2,47.4,51.6,43.052,53.9,42.5,45.0,49.4,47.2,39.1,43.4,48.0,51.0,49.7,43.5,46.2,51.2
2020-07-31,54.2,51.8,52.4,51.0,51.9,53.5,53.3,54.0,45.2,83.8,52.9,44.05,51.5,47.0,52.8,51.1,58.2,47.822,56.9,44.9,49.8,48.4,46.0,46.9,46.9,50.2,50.0,48.4,45.9,50.6,52.8
2020-08-31,56.0,51.7,49.8,52.2,53.1,49.9,55.2,53.6,47.2,89.1,55.1,46.89,53.8,49.1,50.6,52.3,64.7,45.346,54.3,45.3,53.1,51.1,52.0,50.8,48.5,50.1,49.3,47.3,49.7,52.2,53.1
2020-09-30,55.4,53.7,51.2,56.4,53.2,50.8,54.1,55.4,47.7,93.3,56.0,50.28,55.3,50.7,50.8,48.8,64.9,46.39,52.8,49.4,53.5,48.9,56.8,47.2,49.8,50.3,49.0,50.1,49.9,55.2,53.0
2020-10-31,59.3,54.8,51.3,58.2,53.8,52.5,53.7,54.2,48.7,94.3,55.5,53.41,58.9,51.9,50.8,50.2,66.7,49.62,53.9,51.0,54.9,46.9,58.9,47.8,51.2,50.5,48.5,48.5,50.8,55.1,53.6
2020-11-30,57.5,53.8,49.6,57.8,51.5,49.8,55.6,55.8,49.0,96.6,55.8,52.0,59.8,53.9,50.8,51.9,64.0,48.885,51.4,50.3,57.1,46.3,56.3,50.6,52.9,50.4,48.4,49.9,50.4,56.9,54.9
2020-12-31,60.7,55.2,51.1,58.3,52.8,51.0,57.5,55.7,50.0,97.5,57.9,51.9,64.9,57.0,51.7,51.1,61.5,48.683,50.8,50.2,50.9,49.7,56.4,51.3,52.9,50.5,49.1,49.2,50.8,59.4,53.0
2021-01-31,58.7,54.8,51.6,57.1,55.1,49.3,54.1,57.2,49.8,98.3,54.4,52.28,62.9,57.0,51.9,54.5,56.5,49.705,54.4,50.8,,50.9,57.7,52.2,53.2,50.7,48.9,52.5,49.0,60.2,51.5
2021-02-28,60.8,57.9,56.1,60.7,56.9,52.9,55.1,56.9,51.4,99.2,54.8,57.22,62.0,56.5,53.4,49.0,58.4,49.83,51.7,50.2,49.4,51.5,57.5,50.9,55.3,50.5,47.7,52.5,47.2,60.4,50.9
2021-03-31,64.7,62.5,59.3,66.6,59.8,56.9,58.9,56.8,52.7,102.4,58.5,60.73,64.5,58.0,54.3,48.8,52.8,51.142,52.6,50.3,48.6,51.1,55.4,53.2,55.3,50.8,49.9,52.2,48.8,60.8,50.6
2021-04-30,60.7,62.9,58.9,66.2,60.7,57.7,60.9,59.7,53.6,103.8,57.2,58.93,69.0,58.9,53.7,51.0,52.3,51.61,50.4,53.7,52.6,50.4,55.5,54.6,54.6,50.9,53.9,49.0,50.7,62.4,51.9
2021-05-31,61.2,63.1,59.4,64.4,62.3,59.4,65.6,60.4,53.0,102.6,57.0,58.51,66.4,61.8,57.2,52.8,53.7,52.3,49.3,53.2,56.1,51.9,50.8,55.3,53.7,50.7,51.3,49.9,47.8,62.0,52.0
2021-06-30,60.6,63.4,59.0,65.1,62.2,60.4,63.9,58.6,52.4,104.1,56.5,60.8,65.8,62.7,59.4,54.7,56.4,52.408,51.3,51.0,51.5,49.2,48.1,53.5,53.9,50.8,39.9,50.8,49.5,57.6,51.3
2021-07-31,59.5,62.8,58.0,65.9,60.3,59.0,60.4,56.9,53.0,104.1,56.2,63.31,65.3,62.0,57.6,55.6,56.7,52.23,54.0,46.1,46.8,47.5,55.3,40.1,53.0,51.0,40.1,50.4,48.7,59.7,50.3
2021-08-31,59.9,61.4,57.5,62.6,60.9,59.5,60.3,52.0,52.7,,57.2,62.24,60.1,61.0,56.0,55.9,53.6,51.29,54.1,49.9,,46.5,52.3,43.7,51.2,50.9,43.4,46.4,48.3,58.5,49.2
